Bengt Gunnar Jonsson,"Professor, Mid Sweden University",miun.se,11696,Naturvårdsbiologi,https://scholar.google.com/citations?hl=en&user=HwvODhAAAAAJ
Prof. Koustuv Dalal,Mid Sweden University,miun.se,10602,Health Economics and Health systems | Public Health | Prevention and Promotion,https://scholar.google.com/citations?hl=en&user=7hPikE4AAAAJ
Francisco Esteves,Universidade Católica Portuguesa; Mid Sweden University,ucp.pt,10264,Psicologia,https://scholar.google.com/citations?hl=en&user=JY2JLdYAAAAJ
M. Cleveland-Innes,"… , Education Innovation, Athabasca University/Visiting Professor of Pedagogy, Mid-Sweden",athabascau.ca,9920,higher education | blended and online education | emotional presence | community of inquiry | leadership,https://scholar.google.com/citations?hl=en&user=7AC5qHoAAAAJ
Ismail Ibrahem,"Associate professor of Organic chemistry, Mid Sweden University",miun.se,7231,Not Mentioned,https://scholar.google.com/citations?hl=en&user=2CG4JCEAAAAJ
Mikael Gidlund,"Professor in Computer Engineering, Mid Sweden University",miun.se,6644,Wireless communication | Sensor Networks | Communication Networks | Industrial IoT | Security,https://scholar.google.com/citations?hl=en&user=tbsb5ekAAAAJ
Fredrik Åhs,Mid Sweden University,miun.se,5402,Not Mentioned,https://scholar.google.com/citations?hl=en&user=9W54kwkAAAAJ
Dimitri Ioannides,Mid Sweden University,miun.se,5201,Tourism | sustainable development | economic geography,https://scholar.google.com/citations?hl=en&user=wMiuLs8AAAAJ
Håkan Olin,"Professor, Materials Physics, Mid Sweden University",miun.se,4839,Physics,https://scholar.google.com/citations?hl=en&user=G02Q7mYAAAAJ
Peter Fredman,Professor in Tourism Studies at Mid-Sweden University,miun.se,4590,Nature-based tourism | Outdoor recreation | Sustainability,https://scholar.google.com/citations?hl=en&user=KYmFBvAAAAAJ
Duane Truex,"Assoc. Prof. CIS, GSU, USA & Prof. industrial Econ. Mid Sweden Univ., Sweden",duanetruex3.com,4315,ISD | IS International Infrastructures | Scholarly Influence | Enterprise Systems,https://scholar.google.com/citations?hl=en&user=TtL_oKwAAAAJ
Magnus Norgren,"Professor Chemical Engineering, Mid Sweden University",miun.se,4182,Surface chemistry | Materials chemistry | Cellulose | Lignin | Nanoparticles,https://scholar.google.com/citations?hl=en&user=wu1ftscAAAAJ
Kjell Brunnström,RISE Resarch Institutes of Sweden AB and Mid Sweden University,ri.se,4044,Visual Media Quality,https://scholar.google.com/citations?hl=en&user=J5X-myYAAAAJ
Lars Nord,"Professor Political Communication, Mid Sweden University",miun.se,3869,political communication | journalism | media policy,https://scholar.google.com/citations?hl=en&user=hsBjwhIAAAAJ
Hans Erik Högberg,emeritus professor organic chemistry Mid Sweden University,ownit.nu,3227,Organisk kemi | Ekologisk kemi | Organisk Syntes,https://scholar.google.com/citations?hl=en&user=u3qTGscAAAAJ
Kaarlo Niskanen,Mid Sweden University,miun.se,3129,paper physics | mechanics of paper | disordered materials,https://scholar.google.com/citations?hl=en&user=NkliRrAAAAAJ
Erik Hedenström,Mid Sweden University,miun.se,3071,Not Mentioned,https://scholar.google.com/citations?hl=en&user=Ua1-snQAAAAJ
Hans-Erik Nilsson,Mid-Sweden University,miun.se,3038,electronics,https://scholar.google.com/citations?hl=en&user=Nlk1tCYAAAAJ
Peter Öhman,"Professor of Business Administration, Mid Sweden University",miun.se,2798,Accounting and auditing,https://scholar.google.com/citations?hl=en&user=RsrPc4AAAAAJ
Tetsu Uesaka,"Professor Emeritus, Dept. Chemical Engineering, Mid Sweden University",miun.se,2697,Complex networks/systems | fibre/paper physics,https://scholar.google.com/citations?hl=en&user=Dxjl9tUAAAAJ
Håkan Edlund,Mid Sweden University,miun.se,2612,Not Mentioned,https://scholar.google.com/citations?hl=en&user=qiBgDQEAAAAJ
Renyun Zhang,"Associate Professor, Mid Sweden University",miun.se,2598,Nanoscience and Nanotechnology,https://scholar.google.com/citations?hl=en&user=rl-NR7EAAAAJ
Wennan Zhang,Mid Sweden University,miun.se,2530,Energy,https://scholar.google.com/citations?hl=en&user=Lfm-eEsAAAAJ
Anna Olofsson,Professor of Sociology Mid Sweden University,miun.se,2323,sociology of risk and uncertaity | inequality and difference,https://scholar.google.com/citations?hl=en&user=NAyUJlIAAAAJ
Jaana Seikkula-Leino,"Professor of Pedagogy, Mid Sweden University / Impact Leader, Tampere University of …",utu.fi,2026,entrepreneurship education | entrepreneurial organization | teacher education | strategy and curriculum,https://scholar.google.com/citations?hl=en&user=xbO2v-wAAAAJ
Maria Lexhagen,"Professor in tourism studies, Mid Sweden University/ETOUR",miun.se,1962,tourism | consumer behaviour | destination marketing | digitalization | popular culture tourism,https://scholar.google.com/citations?hl=en&user=eTRFXAEAAAAJ
Stefan B. Lindström,"Professor, FSCN, Mid Sweden University",miun.se,1959,Paper Physics | Biomaterials | Soft Matter | Metal Fatigue,https://scholar.google.com/citations?hl=en&user=vQx2r-oAAAAJ
Darush Yazdanfar,"Professor, Mid Sweden University & Södertörn University",miun.se,1861,Finance | Econometrics | Economics | Risk management,https://scholar.google.com/citations?hl=en&user=pqiFBXYAAAAJ
Darush Yazdanfar,"Professor, finance, Mid Sweden University",miun.se,1861,Finance | econometrics economics risk management,https://scholar.google.com/citations?hl=en&user=stt2nDkAAAAJ
Monique Pfaltz,"Professor for Clinical Psychology, Mid Sweden University",psychologie.ch,1809,Clinical Psychology | Trauma | Child Maltreatment | Emotion | Psychophysiology,https://scholar.google.com/citations?hl=en&user=Brl9hgYAAAAJ
Joakim Bäckström,"Associate Professor of Physics, Mid Sweden University",miun.se,1749,Condensed Matter Physics | Electrochemistry,https://scholar.google.com/citations?hl=en&user=qeionToAAAAJ
Mårten Sjöström,"Professor in Signal Processing, Mid Sweden University, Sundsvall, Sweden",miun.se,1748,Signal Processing | Image Processing | Video Processing | Image Compression | Video Compression,https://scholar.google.com/citations?hl=en&user=EEMg1vMAAAAJ
Ingela Wadbring,Mid Sweden University,miun.se,1748,media | audience | structure | economy | policy,https://scholar.google.com/citations?hl=en&user=Or3qHOoAAAAJ
Mattias Edman,"Associate professor, Mid Sweden University",miun.se,1471,ecology | mycology | conservation biology,https://scholar.google.com/citations?hl=en&user=55OV8ncAAAAJ
Lars-Erik Rännar,Mid Sweden University,miun.se,1401,Additive manufacturing,https://scholar.google.com/citations?hl=en&user=sGOUL8UAAAAJ
Aamir Mahmood,Mid Sweden University,miun.se,1398,Wireless Communications | Industrial IoT,https://scholar.google.com/citations?hl=en&user=uiRZ7vAAAAAJ
Johan Sidén,"Associate Professor, Mid Sweden University",miun.se,1385,RFID | NFC | Antennas | Sensors | Printed Electronics,https://scholar.google.com/citations?hl=en&user=sbFQUGIAAAAJ
Tingting Zhang,Professor in Mid Sweden University,miun.se,1331,wireless communication | distributed system | AI,https://scholar.google.com/citations?hl=en&user=YxkpioEAAAAJ
David O. Kronlid,"… University; Department of education, Mid Sweden University, University of the Sunshine",edu.uu.se,1320,Mobility | Sustainable development | climate change ethics | ecofeminism | education for sustainable development,https://scholar.google.com/citations?hl=en&user=oQTWNmQAAAAJ
Dr. Manisha R. Phadatare,"Researcher at Mid Sweden University, Sweden",miun.se,1319,Batteries | Silicon | Graphene | Magnetic nanoparticles | Magnetic hyperthermia,https://scholar.google.com/citations?hl=en&user=J4uvDT0AAAAJ
Magnus Engholm,"Associate Professor, Mid Sweden University",MiUn.se,1291,Laser physics | Rare-Earth atomic physics | Laser-assisted processing of nano materials | Photonics | Fiber Optics,https://scholar.google.com/citations?hl=en&user=71PPVW4AAAAJ
Magnus Hummelgård,"Associate Professor, engineering physic at Mid Sweden University",miun.se,1221,Electron microscopy | nanotechnology | labview | measurement | experimentalist,https://scholar.google.com/citations?hl=en&user=cwmYoyIAAAAJ
Per Engstrand,"Professor, Chemical Engineering, Mid Sweden University",miun.se,1212,Biorefining | Pulp & Paper Technology | High Yield Pulping | Wood Chemistry | Nano Cellulose,https://scholar.google.com/citations?hl=en&user=S1fB2EwAAAAJ
Kent Bertilsson,Professor at Mid Sweden university,miun.se,1134,Power Electronics | Converters | Transformers | Sensors,https://scholar.google.com/citations?hl=en&user=EhpC6coAAAAJ
Henrik Andersson,"Associate Professor, Mid Sweden University",miun.se,1128,printed electronics | sensors,https://scholar.google.com/citations?hl=en&user=lbb4ePsAAAAJ
Roger Olsson,Mid Sweden University,miun.se,1108,plenoptic capture | computational photograpy | plenoptic modeling | light field compression | light field display,https://scholar.google.com/citations?hl=en&user=wd32zLMAAAAJ
Christer Hedlund,"Mid Sweden University, Quality Technology",miun.se,1081,Quality technology | Quality management | Lean | Plasma processing | Micro mechanics,https://scholar.google.com/citations?hl=en&user=7cF5UfIAAAAJ
Aron Larsson,"Stockholm University, Mid Sweden University",preference.nu,1056,Decision analysis | risk analysis,https://scholar.google.com/citations?hl=en&user=8yY1oFMAAAAJ
Jonas Örtegren,"Associate Professor, Mid Sweden University",miun.se,1030,Materials science | physics and chemistry of interfaces,https://scholar.google.com/citations?hl=en&user=jCRj1-MAAAAJ
Sarder Fakhrul Abedin,"Assistant Professor, Department of IST, Mid Sweden University",miun.se,917,Industrial IoT | Wireless Communications | Smart Grid | Network Intelligence | Game Theory,https://scholar.google.com/citations?hl=en&user=-ej2vXoAAAAJ
Anders Siren,"Mid-Sweden University, Sweden; University of Turku, Finland; Inti Anka Taripay, Puyo …",utu.fi,913,Not Mentioned,https://scholar.google.com/citations?hl=en&user=q5Nej1oAAAAJ
Patrik Österberg,"Associate Professor in Computer Engineering, Mid Sweden University",miun.se,905,Communication protcols | QoS | Resource management | Mobility management | Security,https://scholar.google.com/citations?hl=en&user=YEPXR-IAAAAJ
Judith Helen Waller,Mid Sweden University,miun.se,889,Polymer science | environmental science | sustainability,https://scholar.google.com/citations?hl=en&user=j6IHIlUAAAAJ
Torbjörn Carlberg,"Professor in Material Science, Mid Sweden University",miun.se,881,Materials Processing,https://scholar.google.com/citations?hl=en&user=vtSdfqAAAAAJ
Daniel Laven,"Associate Professor, Mid Sweden University",Not Mentioned,838,Not Mentioned,https://scholar.google.com/citations?hl=en&user=dW2vFdcAAAAJ
Soleiman Mohammadi Limaei,Mid Sweden University,miun.se,820,Economics optimization | Forest Economics,https://scholar.google.com/citations?hl=en&user=8RrMxfAoNbwC
Niklas Bolin,"Associate Professor of Political Science, Mid Sweden University",miun.se,797,party politics | electoral studies | Swedish politics | political parties | intra-party politics,https://scholar.google.com/citations?hl=en&user=RoC8QcIAAAAJ
Claro Noda,Mid Sweden University,miun.se,789,Wireless Networks | Distributed Computing | Complex Systems | Experimental and Material Physics,https://scholar.google.com/citations?hl=en&user=nuEs8TUAAAAJ
"Ulrika Hedman, PhD","University West, Sweden | Mid Sweden University",hv.se,789,journalism | journalists | social media | news media | digital media,https://scholar.google.com/citations?hl=en&user=Tz3U-voAAAAJ
Jimmy Jaldemark,"Associate Professor of Educational Science, Mid Sweden University",miun.se,782,collaborative learning | educational technology | higher education | mobile learning | professional development,https://scholar.google.com/citations?hl=en&user=XeLvMCcAAAAJ
Ka Yiu Lee,Mid Sweden University,miun.se,769,Not Mentioned,https://scholar.google.com/citations?hl=en&user=j-U15hsAAAAJ
Magnus Österholm,"Associate Professor, Umeå University, Sweden & Professor, Mid Sweden University",umu.se,757,Mathematics education | Reading comprehension | Language | Communication | Cognition,https://scholar.google.com/citations?hl=en&user=ZhagbikAAAAJ
Heléne Lundberg,"Professor, Mid Sweden University, Sundsvall",miun.se,757,Industrial marketing | internationalisation | international entrepreneurship | regional development,https://scholar.google.com/citations?hl=en&user=0T7ulTwAAAAJ
Ingela Bäckström,"Professon in Quality Technology and Management, Mid Sweden University",miun.se,751,quality management | sustainable health | Quality Culture | processes | Strength-based,https://scholar.google.com/citations?hl=en&user=yeHAtYwAAAAJ
Katrin Lindbäck,Mid Sweden University,miun.se,743,Glaciology | Cryosphere,https://scholar.google.com/citations?hl=en&user=KRcxFVYAAAAJ
Henrik Rödjegård,"Adjunct Professor Mid Sweden University, CTO at Senseair AB",senseair.se,741,Gas Sensors | Infra Red Technology | MEMS | Inertial Sensors | Interface Electronics,https://scholar.google.com/citations?hl=en&user=_Rgfws0AAAAJ
Oskar Englund,Mid Sweden University,miun.se,695,Not Mentioned,https://scholar.google.com/citations?hl=en&user=OAOiYpMAAAAJ
Thomas Öhlund,"Researcher, Mid Sweden University",miun.se,682,Printed Electronics | Inkjet | Nano Materials,https://scholar.google.com/citations?hl=en&user=lj_faTUAAAAJ
Evangelia Petridou,"Associate Professor, Mid-Sweden University and Senior Researcher, NTNU Social …",miun.se,622,Theories of the policy process | policy entrepreneurship | crisis management | Swedish bureaucracy | networks,https://scholar.google.com/citations?hl=en&user=uV_pVI4AAAAJ
Jennie Olofsson,"Lecturer, Mid Sweden University",miun.se,614,gender | waste | risk | spatiality | temporality,https://scholar.google.com/citations?hl=en&user=wD1kKIAAAAAJ
Josef Hien,University of Mid Sweden,miun.se,555,ordoliberalism | Social Catholicism | Ideologies | Political Economy,https://scholar.google.com/citations?hl=en&user=1c-N_9oAAAAJ
Gustav Lidén,Mid Sweden University,miun.se,538,local politics | local governance | migration policy | digitalization,https://scholar.google.com/citations?hl=en&user=nFKxBFMAAAAJ
Benny Thörnberg,Assistant professor at Mid Sweden University,miun.se,519,Machine vision | Metrology | Embedded systems design,https://scholar.google.com/citations?hl=en&user=qy_qekwAAAAJ
Åsa Bång,"Coordinator, Mid Sweden University",miun.se,507,Not Mentioned,https://scholar.google.com/citations?hl=en&user=2U-BhKUAAAAJ
Stefan Forsström,"Assistant professor in computer engineering, Mid Sweden University",miun.se,499,Internet of Things | Distributed systems | Fog computing | Machine learning | Blockchain,https://scholar.google.com/citations?hl=en&user=6MQad8kAAAAJ
Pernilla Ingelsson,"Associate professor, Quality Technology and Managament, Mid Sweden University",miun.se,497,Not Mentioned,https://scholar.google.com/citations?hl=en&user=Uf0lGuYAAAAJ
Nazlin Bayat,"Dr. of Materials Engineering, Mid Sweden University",miun.se,468,Direct chill (DC) casting | Aluminium alloys | Phase transformation | Electrochemistry | Nanowire synthesis,https://scholar.google.com/citations?hl=en&user=2KQLG4AAAAAJ
Britta Andres,"Dr, Researcher, Materials Physics, Mid Sweden University, Sundsvall",miun.se,457,Supercapacitors | Energy Storage | 2d materials | graphene | nanocellulose,https://scholar.google.com/citations?hl=en&user=Av1I5jcAAAAJ
Soren Halvarsson,"PhD, Mid Sweden University",Not Mentioned,445,Chemistry,https://scholar.google.com/citations?hl=en&user=DxsFi8cAAAAJ
Tommy Roxenhall,"Associate Professor of Marketing, Mid Sweden University",miun.se,437,Innovation | Strategic Network | Cluster,https://scholar.google.com/citations?hl=en&user=pLbwKjYAAAAJ
Lakshmikanth Guntupalli,Mid Sweden University,miun.se,426,Wireless Networking,https://scholar.google.com/citations?hl=en&user=muFHu3kAAAAJ
Lusine Margaryan,Mid Sweden University,miun.se,422,tourism | nature-based tourism | outdoor recreation | human geography,https://scholar.google.com/citations?hl=en&user=XO60qvAAAAAJ
Kyi Thar,Mid Sweden University,miun.se,408,Information Centric Networking | Deep Learning | Neural Network Architecture Search | Industrial Internet of Things,https://scholar.google.com/citations?hl=en&user=aWJ83RoAAAAJ
Niklas Humble,"PhD Student, Computer and System Science, Mid Sweden University",miun.se,402,programming | computational thinking | game-based learning | learning analytics | artificial intelligence,https://scholar.google.com/citations?hl=en&user=hXuF2RwAAAAJ
Sebastian Bader,Mid Sweden University,miun.se,397,Wireless Sensor Networks | Autonomous Sensor Systems | Embedded Systems | Energy Harvesting | Internet of Things,https://scholar.google.com/citations?hl=en&user=ez7C1HoAAAAJ
Emin Zerman,Mid Sweden University,miun.se,389,Information Visualization | Immersive Imaging | Visual Quality Assessment | High Dynamic Range Imaging | Video Processing,https://scholar.google.com/citations?hl=en&user=S44_XWsAAAAJ
Felix Dobslaw,Mid Sweden University / Chalmers University of Technology,miun.se,389,Software Engineering | Artificial Intelligence | Wireless Sensor Networks,https://scholar.google.com/citations?hl=en&user=PjpaQY0AAAAJ
Nicklas Blomquist,"Researcher in energy materials, PhD in Engineering Physics, at Mid Sweden University",miun.se,388,Graphene | Energy storage | Electric vehicles | Grid power buffer,https://scholar.google.com/citations?hl=en&user=StCDD_gAAAAJ
Leif Olsson,"Mid Sweden University, Associate Professor",miun.se,388,industrial engineering and management,https://scholar.google.com/citations?hl=en&user=0MzHWXUAAAAJ
Peng Cheng,"researcher, Mid Sweden University",miun.se,365,Not Mentioned,https://scholar.google.com/citations?hl=en&user=LO4Sbv0AAAAJ
Harald Engan,Mid Sweden University,lhl-klinikkene.no,352,Not Mentioned,https://scholar.google.com/citations?hl=en&user=O_-DidsAAAAJ
Solène Prince,"Assistant lecturer, Mid-Sweden University",miun.se,345,Tourism | Landscape research | Sustainable development,https://scholar.google.com/citations?hl=en&user=zFEja00AAAAJ
Solange Hamrin,Mid Sweden University,miun.se,338,communication | leadership | discourse | context | social constructionism,https://scholar.google.com/citations?hl=en&user=3WAJLMIAAAAJ
Yongwei Li,"IST department, Mid Sweden University",miun.se,335,signal processing | computer vision | computational photography | light field,https://scholar.google.com/citations?hl=en&user=TUh8OAYAAAAJ
Alamin Idris,Mid Sweden University,miun.se,333,Coating | Papermaking | Membranes | Modelling | Ionic Liquids,https://scholar.google.com/citations?hl=en&user=oKFDUooAAAAJ
Edith Andresen,Mid Sweden University,miun.se,332,Innovation | strategic networks | business models | cooperation | business networks,https://scholar.google.com/citations?hl=en&user=f1lACEEAAAAJ
Magnus Oskarsson,Mid Sweden University,miun.se,318,Not Mentioned,https://scholar.google.com/citations?hl=en&user=0cNlZRAAAAAJ
Sylvain Tourancheau,Mid Sweden University,miun.se,317,Light field imaging | 3D visualization | Quality of Experience | Video Quality | Visual Perception,https://scholar.google.com/citations?hl=en&user=clf1ZqMAAAAJ
Lovisa Högberg,"Senior lecturer Economics, Mid Sweden University, Ph.D. in Building and Real Estate …",abe.kth.se,307,Real Estate Economics | Real Estate Management | Sustainable Buildings | Sustainable Renovation,https://scholar.google.com/citations?hl=en&user=hELh3a4AAAAJ
Alireza Eivazi,PhD in Chemical Engineering Mid Sweden University,miun.se,303,Cellulose-based Material | Hydrometallurgy | Surface and colloid chemistry | Metal/metal oxide NPs | Materials characterization,https://scholar.google.com/citations?hl=en&user=yHAdELUAAAAJ
Silvia Krug,"Adj. Assistant Prof., Mid Sweden University",miun.se,291,Wireless Communication | Distributed Systems | IoT,https://scholar.google.com/citations?hl=en&user=HEuwku4AAAAJ
Håkan Gunneriusson,"Risk and Crisis Centre, Mid-Sweden University",miun.se,288,Hybrid Warfare | War Studies,https://scholar.google.com/citations?hl=en&user=E8xktXkAAAAJ
Lena-Maria Öberg,Mid Sweden University,miun.se,287,Blended synchronous learning | Technology enhanced learning | collaborative learning | learning analytics,https://scholar.google.com/citations?hl=en&user=Dg7oJb4AAAAJ
Martin Olsen,Ph.D. at Mid Sweden University,miun.se,284,Solid state physics,https://scholar.google.com/citations?hl=en&user=XzQu51oAAAAJ
Craig Staunton,"Winter Sports Research Centre, Mid Sweden University",miun.se,282,Sport science | wearable technology | strength and conditioning,https://scholar.google.com/citations?hl=en&user=UKepInYAAAAJ
Anna Sörensson,PhD Mid Sweden University,miun.se,252,business | entrepreneurship | tourism | sustainability | marketing,https://scholar.google.com/citations?hl=en&user=niJFHXoAAAAJ
Nima FallahJoybari,"Mid-sweden university, Institutionen för naturvetenskap",miun.se,239,Fluid dynamics | Heat transfer,https://scholar.google.com/citations?hl=en&user=aEXLQZ4AAAAJ
Kajsa Falasca,"Assistant Professor in Media and Communication Science, Mid Sweden University",miun.se,237,Not Mentioned,https://scholar.google.com/citations?hl=en&user=CU7gcIIAAAAJ
Tatiana Chekalina,"Senior lecturer, Mid Sweden University",miun.se,236,marketing | consumer behaviour | tourism,https://scholar.google.com/citations?hl=en&user=pYMFAnkAAAAJ
Claes Mattsson,"Assistant prof., Mid Sweden University",miun.se,235,Electronics | Environmental monitoring,https://scholar.google.com/citations?hl=en&user=G-h6P6EAAAAJ
Vicky Angelaki,"Professor in English Literature, Mid Sweden University",miun.se,229,Drama | theatre | performance | environment | society and politics,https://scholar.google.com/citations?hl=en&user=WH_KLKkAAAAJ
Stefan Pettersson,Mid Sweden University,miun.se,214,Not Mentioned,https://scholar.google.com/citations?hl=en&user=9RR6OnAAAAAJ
Hossam Farag,"PhD, Mid Sweden University",es.aau.dk,211,Indsutrial IoT | Communication Protocols | Wireless Sensor Networks | 5G Networks and mmWave Communications | Cognitive Radio System,https://scholar.google.com/citations?hl=en&user=y0BEAnsAAAAJ
John Högström,"… Professor in political science, Department of Social Sciences, Mid Sweden University",miun.se,210,Comparative politics | Democracy | Quality of democracy,https://scholar.google.com/citations?hl=en&user=GLM67fgAAAAJ
Alia Amir,Mid-Sweden University,miun.se,205,Applied Linguistics | Bilingualism | Language Teacher Education | Conversation Analysis | English Language Teaching,https://scholar.google.com/citations?hl=en&user=67dOkTAAAAAJ
Thanh Tran,Mid Sweden University,kth.se,202,Machine learning | Deep learning | Computer vision | Medical image processing | Sound and signal processing,https://scholar.google.com/citations?hl=en&user=wuGbkKEAAAAJ
Andreas Larsson,Mid Sweden University,miun.se,195,Acceptance and Commitment Therapy - ACT | Relational Frame Theory - RFT | Behaviour Analysis | Psychotherapy training | Component re,https://scholar.google.com/citations?hl=en&user=4rxNyaYAAAAJ
Waqas Ahmad,Mid Sweden University,miun.se,195,Biometrics | Image Processing | Video compression | Light field compression,https://scholar.google.com/citations?hl=en&user=nQtW-w8AAAAJ
Bengt Gunnar Jonsson,Mid Sweden University,miun.se,193,Conservation Biology,https://scholar.google.com/citations?hl=en&user=c7XgAI0AAAAJ
Jörgen Sparf,"Mid Sweden University, NTNU Social Research",miun.se,184,Crisis management | relational sociology | policy,https://scholar.google.com/citations?hl=en&user=6sEy7i8AAAAJ
Radhika Ambatipudi,Researcher at Mid Sweden University,miun.se,183,Power Electronics | SMPS | Coreless/Core based High frequency Planar … | resonant converters | wide bandgap devices,https://scholar.google.com/citations?hl=en&user=SYM3LgYAAAAJ
Dr. Helen Hanstock,"Senior Lecturer in Exercise Physiology, Mid Sweden University",miun.se,182,Respiratory infection risk and asthma in …,https://scholar.google.com/citations?hl=en&user=kje5zHoAAAAJ
Hari Babu Kotte,Researcher at Mid Sweden University,miun.se,172,Power Electronics | High frequency SMPS | Planar magnetics | Resonant converters | Soft switching techniques,https://scholar.google.com/citations?hl=en&user=KcGV5a8AAAAJ
Rosemarie Ankre,"Senior Lecturer, Mid Sweden University",miun.se,160,Planning | accessibility | zoning | conflicts | soundscapes,https://scholar.google.com/citations?hl=en&user=Le7h4rQAAAAJ
Birgitta A. Engberg,"Associate Professor of Chemical Engineering, Mid Sweden University",miun.se,155,Not Mentioned,https://scholar.google.com/citations?hl=en&user=maKCwIYAAAAJ
Cecilia de Bernardi,Mid Sweden University,miun.se,152,tourism | indigenous tourism | events | labels | critical realism,https://scholar.google.com/citations?hl=en&user=8JBc0rUAAAAJ
Kai Kronenberg,Mid Sweden University,miun.se,152,Not Mentioned,https://scholar.google.com/citations?hl=en&user=8-GwGycAAAAJ
Jan-Erik Berg,"Researcher Chemical Engineering, FSCN, Mid Sweden University",miun.se,148,Pulp & Paper Technology | High Yield Pulping | Process Intensification,https://scholar.google.com/citations?hl=en&user=-0R_V9sAAAAJ
Marcus Sundgren,Mid Sweden University,miun.se,136,education | higher education | e-learning | educational technology | active learning,https://scholar.google.com/citations?hl=en&user=j1R15JwAAAAJ
Enkeleda Balliu,Mid Sweden University,miun.se,133,Laser source development | rare earth doped fibres | laser material processing,https://scholar.google.com/citations?hl=en&user=DhDNZeMAAAAJ
Sobhi Barg,Mid Sweden University,miun.se,127,Power electronics,https://scholar.google.com/citations?hl=en&user=Lv5_wL0AAAAJ
Mats Deland,"Department of History, Mid Sweden University",miun.se,125,History | Right wing extremism | international law | war crimes | adorno,https://scholar.google.com/citations?hl=en&user=sBjFkxwAAAAJ
Christine Große,"Mid Sweden University, Assistant Professor Information Systems",miun.se,125,Information security | Critical infrastructure protection | System theory | Systemic governance | Societal resilience,https://scholar.google.com/citations?hl=en&user=crELheAAAAAJ
Sara Ödmark,"PhD, Mid Sweden University",miun.se,122,Political communication | Journalism | Media and Communication Science | Political comedy,https://scholar.google.com/citations?hl=en&user=NN3gmVQAAAAJ
Maria Gylle,Mid Sweden University,glocalnet.net,117,Not Mentioned,https://scholar.google.com/citations?hl=en&user=MGHU2hAAAAAJ
Andersson Mattias,DPC/NVD/Mid Sweden University,miun.se,111,Spectral imaging,https://scholar.google.com/citations?hl=en&user=VIbQZYEAAAAJ
Erik Persson,"Researcher, Mid Sweden University",skrekarhyttan.se,97,Not Mentioned,https://scholar.google.com/citations?hl=en&user=qYIwLhwAAAAJ
Mehdi Akbari-Saatlu,"PhD Candidate, Department of Electronics Design, Mid Sweden University",miun.se,96,Silicon nanowires | Metal oxide | Gas sensors | Spray pyrolysis | Transparent conductors,https://scholar.google.com/citations?hl=en&user=_PfAM08AAAAJ
Erik Hansson,Mid Sweden University + University of Gothenburg,miun.se,94,Not Mentioned,https://scholar.google.com/citations?hl=en&user=tD2sa_sAAAAJ
Teklay Gebremichael,Mid Sweden University,miun.se,93,Security and Privacy | Theoretical Computer Science | Cryptography,https://scholar.google.com/citations?hl=en&user=aJZ0wBgAAAAJ
David Krapohl,Mid Sweden University,miun.se,88,semiconductor detectors | neutron detectors | X-ray | hybrid pixel detectors | x-ray cameras,https://scholar.google.com/citations?hl=en&user=s95KUhEAAAAJ
Ulf Engqvist,PhD Mid Sweden University,miun.se,88,social work | psychology | medical science,https://scholar.google.com/citations?hl=en&user=_YrNS1AAAAAJ
MF Champoux-Larsson,Mid Sweden University,miun.se,86,language | emotion | bilingualism | social categorisation | foreign language effect,https://scholar.google.com/citations?hl=en&user=p29zXjcAAAAJ
Sara Skott,"Associate Professor in Criminology, Mid Sweden University",miun.se,85,Homicide and Violence | Critical Criminology | Gothic Criminology | Ghost Criminology | Hauntology,https://scholar.google.com/citations?hl=en&user=9LwIwEgAAAAJ
Krister Hammarling,"PhD student, Mid Sweden University",miun.se,76,Sensors | Photonics | Optical fibers | Polymers | Nano particles,https://scholar.google.com/citations?hl=en&user=f0E37K4AAAAJ
Chibuzo Joseph Nnonyelu,Mid Sweden University,unn.edu.ng,73,sensor array signal processing | acoustic signal processing | acoustic vector sensors | differential sensor | statistical signal pro,https://scholar.google.com/citations?hl=en&user=71xBf9EAAAAJ
Tra Nguyen Phan,Mid Sweden University,miun.se,73,Not Mentioned,https://scholar.google.com/citations?hl=en&user=IH7DEjkAAAAJ
Lina Bellman,"Center for economic relations (CER), Mid Sweden University",miun.se,70,business administration | real estate | Commercial properties | appraisers | profession,https://scholar.google.com/citations?hl=en&user=E2cd3_cAAAAJ
Sofie Blombäck,"Senior Lecturer, Political Science, Mid Sweden University",miun.se,67,political parties | european parliament,https://scholar.google.com/citations?hl=en&user=DlOhuiUAAAAJ
Yali Nie,Mid Sweden University,miun.se,66,Deep learning | Medical image processing | computer vision,https://scholar.google.com/citations?hl=en&user=zn-akYIAAAAJ
Carola Nordbäck,"Associate Professor, Mid Sweden University",miun.se,64,Cultural memory | heritage | history didactics | museum education,https://scholar.google.com/citations?hl=en&user=YGKHtHkAAAAJ
Daniel Richardsson,Mid Sweden University & Linnaeus University,ri.se,61,Innovation Management | Strength Based Change Management | Appreciative Inquiry | Design Thinking | styrkebaserad utveckling,https://scholar.google.com/citations?hl=en&user=8DsoMj0AAAAJ
Hafizur Rahman,"Researcher in Chemical Engineering, Mid Sweden University",miun.se,61,Cellulose Chemistry in field of Pulp and Paper,https://scholar.google.com/citations?hl=en&user=4hUudPAAAAAJ
Xiaotian Li,Mid Sweden University,miun.se,60,RFID | antennas | microwave technologies | flexible circuits | surface mounting technologies,https://scholar.google.com/citations?hl=en&user=ANUOf_YAAAAJ
Jawad Ahmad,Mid Sweden University,miun.se,60,Printed Electronics | Sensors,https://scholar.google.com/citations?hl=en&user=meU19k4AAAAJ
Elijs Dima,Ph.D. student at Mid Sweden University,miun.se,58,Computer Vision | 3D | Multi-Camera Systems | Augmented Telepresence | Quality of Experience,https://scholar.google.com/citations?hl=en&user=f0rG6isAAAAJ
Ali Hassan,"Department of Information Systems and Technology (IST), Mid Sweden University …",miun.se,57,Deep Learning | Digital Image Processing | HEVC | Artificial Intelligence | Medical Imaging,https://scholar.google.com/citations?hl=en&user=YMvX-2sAAAAJ
Lars Våge,"University Library, Mid Sweden University",miun.se,51,Library science,https://scholar.google.com/citations?hl=en&user=r6jcLEQAAAAJ
S Ashraf,"PhD from Mid Sweden University Sundsvall, Sweden.",miun.se,50,IR Sensors systems,https://scholar.google.com/citations?hl=en&user=44GEDbMAAAAJ
Nathan Lakew,PhD Mid Sweden University,miun.se,48,Disruptive Technologies | Collaborative Technologies | Bussiness and Innovation | Philosophy of Design | Digital and relational desi,https://scholar.google.com/citations?hl=en&user=MKdorfsAAAAJ
Rohan Patil,"Research Engineer, Mid Sweden University, Sweden",miun.se,44,Batteries | Energy Storage | LCA,https://scholar.google.com/citations?hl=en&user=rWL6r1oAAAAJ
Hiba Alqaysi,Mid Sweden University,miun.se,42,Electronics Design,https://scholar.google.com/citations?hl=en&user=n2pRrmEAAAAJ
M. Abu Bakar,"Researcher, Mid Sweden University, SWEDEN",miun.se,42,Power Converters | Electronics Design,https://scholar.google.com/citations?hl=en&user=mLYkOegAAAAJ
Thomas Karv,"PhD, Assistant Professor in Political Science at Mid Sweden University",miun.se,42,Public Opinion | European Politics | European Union | Referendums,https://scholar.google.com/citations?hl=en&user=bHO4sM4AAAAJ
Frank Pernett,Mid Sweden University,miun.se,41,Environmental and applied physiology,https://scholar.google.com/citations?hl=en&user=sCqn3EgAAAAJ
Irida Shallari,"Lecturer, Mid Sweden University",miun.se,39,Vision Sensor Networks,https://scholar.google.com/citations?hl=en&user=ZE6tXtoAAAAJ
Helena Johansson,"Assistant professor, Mid Sweden University",miun.se,37,Mathematics education | mathematical discourse | mathematical reasoning | problem solving | mathematics in physics,https://scholar.google.com/citations?hl=en&user=P7K04xsAAAAJ
Staffan Rydblom,Mid Sweden University,miun.se,35,Not Mentioned,https://scholar.google.com/citations?hl=en&user=6z5vMygAAAAJ
Mustafa Nourallah,Mid Sweden University,miun.se,28,FinTech | Personal Finance,https://scholar.google.com/citations?hl=en&user=AOBBEzMAAAAJ
Fateme Salehi,Mid Sweden University,miun.se,28,Wireless Communications | Beyond 5G/6G,https://scholar.google.com/citations?hl=en&user=FSYhkPoAAAAJ
Tomas Nilson,"Senior Lecturer in Mathematics, Mid Sweden University",miun.se,27,Mathematics | Combinatorics | Design theory,https://scholar.google.com/citations?hl=en&user=mu7FVl4AAAAJ
Pär Löfstrand,"PH.D,  Mid Sweden University",miun.se,27,Stereotypes | Group decision-making | Gender | Political psychology,https://scholar.google.com/citations?hl=en&user=GBJXsUYAAAAJ
Ghadir Razaz,"Postdoctoral. Materials Science, Mid Sweden University",miun.se,25,Physical metallurgy | Casting | Aluminum alloys | Melt treatment operations | Energy Storage System,https://scholar.google.com/citations?hl=en&user=mVUFxTcAAAAJ
Soheib Takhtardeshir,"Department of Information Systems and Technology (IST), Mid Sweden University …",miun.se,18,Computer Vision | Light Field Compression | Video Compression | Deep learning | Neural network,https://scholar.google.com/citations?hl=en&user=7kJHUk8AAAAJ
RITESH BHATT,"MID SWEDEN UNIVERSITY , OSTERSUND, SWEDEN",student.miun.se,15,POLYMER CHEMISTRY | HUMAN GEOGRAPHY | TOURISM STUDIES,https://scholar.google.com/citations?hl=en&user=xL60ifUAAAAJ
Tauseef Mushtaq,"Research Associate, Mid Sweden University",Not Mentioned,13,5G | Advance Wireless Communication | Cellular Communication | 4G LTE | Heterogeneous Networks,https://scholar.google.com/citations?hl=en&user=_NdS2jQAAAAJ
Irina Dimitrova,Mid Sweden University,miun.se,12,Financial issues | Adoption | Resistance | Consumer behavior,https://scholar.google.com/citations?hl=en&user=tdTQGrUAAAAJ
Sofia Smolle,"PhD student in social work, Mid Sweden University",miun.se,9,transgender rights | gender identity/gender expression | older adults | social work,https://scholar.google.com/citations?hl=en&user=yRqYn1EAAAAJ
Terje Lindblom,Mid Sweden University,miun.se,8,Photojournalism,https://scholar.google.com/citations?hl=en&user=pSnpdbsAAAAJ
Sophie Kolmodin,"PhD student, Mid Sweden University",Not Mentioned,8,Civil society | relational theory,https://scholar.google.com/citations?hl=en&user=xmhR_kUAAAAJ
Charlotta P. Einarsson,"Department of Humanities and Social Sciences, Mid-Sweden University",miun.se,5,Literature | Modernism | Samuel Beckett | Aesthetics,https://scholar.google.com/citations?hl=en&user=nEOHaZkAAAAJ
Bengt Nykvist,Mid Sweden University and Stockholm University,Not Mentioned,4,Education,https://scholar.google.com/citations?hl=en&user=UG0RSa0AAAAJ
Fabian Gunnars,"Mid Sweden University, Department of Education",miun.se,2,Behaviorism | Design | Philosophy of Education | Learning Analytics,https://scholar.google.com/citations?hl=en&user=-qsrjxkAAAAJ
Michaela Castellanos,"English, Mid Sweden University",miun.se,1,animal studies | environmental humanities,https://scholar.google.com/citations?hl=en&user=gPVZH8gAAAAJ
Jussara Reis Andersson,"Mid Sweden University, Department of Education",miun.se,Not Mentioned,Education | Technology | Digitalization | Leadership | Management,https://scholar.google.com/citations?hl=en&user=V-QcsBwAAAAJ
Marcus Heidlund,"PhD student, Mid Sweden University",miun.se,Not Mentioned,Digital government | Digitalization | Philosophy of technology,https://scholar.google.com/citations?hl=en&user=WSDxQ6YAAAAJ
