Bent Flyvbjerg,"Professor and Chair, University of Oxford, IT University of Copenhagen",sbs.ox.ac.uk,70300,Project Management | Management | Infrastructure | Planning | Cities,https://scholar.google.com/citations?hl=en&user=79htA7gAAAAJ
Per Bruun Brockhoff,"Vice Chancellor (Rector), IT University of Copenhagen",itu.dk,22072,Statistics | Sensometrics | Data Analysis | Chemometrics | Pharmacometrics,https://scholar.google.com/citations?hl=en&user=Gw8WMDgAAAAJ
Espen Aarseth,IT University of Copenhagen,itu.dk,15226,Game studies | addiction | electronic literature | media studies | literary theory,https://scholar.google.com/citations?hl=en&user=xxdwlx8AAAAJ
Andrzej Wąsowski,"Professor, IT University of Copenhagen, Denmark",itu.dk,8127,Software Engineering | Domain-Specific Languages | Model-Driven Development | Open Source | Privacy,https://scholar.google.com/citations?hl=en&user=GgpJrwMAAAAJ
Miguel Sicart,IT University of Copenhagen,itu.dk,7356,Computer Games | Ethics | Design | Philosophy of Technology | Play,https://scholar.google.com/citations?hl=en&user=qf91Uo4AAAAJ
Roman Beck,"Professor in Information Systems, IT University of Copenhagen",itu.dk,5875,Blockchain | Governance | Ethics | Information Systems,https://scholar.google.com/citations?hl=en&user=ZbDAIXUAAAAJ
Peter Sestoft,"Professor, IT University of Copenhagen",itu.dk,5321,programming languages | software development | functional programming | programming language implementation,https://scholar.google.com/citations?hl=en&user=qz1BCu8AAAAJ
Louise Barkhuus,"Professor, The IT University of Copenhagen",itu.dk,5253,Human computer interaction | Ubiquitous computing,https://scholar.google.com/citations?hl=en&user=dAeFXDcAAAAJ
Philippe Bonnet,IT University of Copenhagen,itu.dk,4997,Database Management | Sensor Networks,https://scholar.google.com/citations?hl=en&user=S9zyMRgAAAAJ
Michele Coscia,IT University of Copenhagen,itu.dk,4977,Complex Networks | Digital Humanities | Human Mobility | Economic Development | Memetics,https://scholar.google.com/citations?hl=en&user=3p_bhfUAAAAJ
Maria Paasivaara,"… of Software Engineering @ LUT University, & IT University of Copenhagen & Aalto University",aalto.fi,4612,Agile software development | global software development | large-scale agile | #LUTsoftware,https://scholar.google.com/citations?hl=en&user=T4iNd0gAAAAJ
Luca Maria Aiello,IT University of Copenhagen,itu.dk,4409,Computational Social Science | Network Science | Urban Informatics | Data Science | Social Media,https://scholar.google.com/citations?hl=en&user=FIX-7hcAAAAJ
Dan Witzner Hansen,"Professor, IT University of Copenhagen",itu.dk,4293,eye information | computer vision | ML | privacy,https://scholar.google.com/citations?hl=en&user=B8A43fgAAAAJ
Marco Carbone,"Associate Professor, IT University of Copenhagen",itu.dk,4096,Theory of Concurrency | Behavioural Types | Choreography | Session Types | Web Services,https://scholar.google.com/citations?hl=en&user=abe9klkAAAAJ
Sebastian Risi,"Professor, IT University of Copenhagen",itu.dk,4020,Artificial Intelligence | Neural Networks | Neuroevolution | Artificial Life,https://scholar.google.com/citations?hl=en&user=Tf8winBIYUsC
Michael Szell,IT University of Copenhagen,itu.dk,3736,Urban Data Science | Human Mobility | Sustainable Transport | Network Science | Social Networks,https://scholar.google.com/citations?hl=en&user=3kwJhIcAAAAJ
Kasper Stoy (Kasper Støy),"Professor, IT University of Copenhagen",itu.dk,3611,Modular robotics | self-reconfigurable robots | multi-robot systems | embodied artificial intelligence | bio-inspired robotics,https://scholar.google.com/citations?hl=en&user=s4I2aDgAAAAJ
Elisa D. Mekler,IT University of Copenhagen,itu.dk,3554,Human-Computer Interaction | User Experience | Games,https://scholar.google.com/citations?hl=en&user=9j30OywAAAAJ
Yvonne Dittrich,IT University of Copenhagen,itu.dk,3475,Use centered software development | Cooperative and Human Aspects of Software … | End User Development | Participatory De,https://scholar.google.com/citations?hl=en&user=K6o-8eEAAAAJ
Bernardo David,"Associate Professor, IT University of Copenhagen",itu.dk,2967,Cryptography | Security | Information Theory | Theoretical Computer Science,https://scholar.google.com/citations?hl=en&user=tZghE0kAAAAJ
Helena Karasti,IT University of Copenhagen,itu.dk,2832,Infrastructuring | Ethnography | PD | CSCW | STS,https://scholar.google.com/citations?hl=en&user=ssYhJPIAAAAJ
Sami Brandt,"Associate Professor, IT University of Copenhagen",itu.dk,2516,statistical inverse problems | applied mathematics | geometric imaging | tomography | computer vision,https://scholar.google.com/citations?hl=en&user=P7lhQ30AAAAJ
Carsten Schürmann,"Computer Science, IT University of Copenhagen",itu.dk,2475,logical frameworks | type theory | information security | election technologies,https://scholar.google.com/citations?hl=en&user=zZeKV74AAAAJ
Thore Husfeldt,IT University of Copenhagen and Lund University,itu.dk,2414,Algorithms,https://scholar.google.com/citations?hl=en&user=wLSsxpAAAAAJ
Mircea Filip Lungu,IT University of Copenhagen,itu.dk,2339,Software Archaeology | Software Architecture Recovery | Software Ecosystems | Software Analytics | Personalized Learning,https://scholar.google.com/citations?hl=en&user=7zx6Cg0AAAAJ
Luca Rossi,IT University of Copenhagen,itu.dk,2185,SNS | Twitter | SNA,https://scholar.google.com/citations?hl=en&user=Vv1gFf0AAAAJ
Claus Brabrand,"… Professor, Head of Center for Computing Education Research, IT University of Copenhagen",itu.dk,2035,Computing | Education | Computing Education,https://scholar.google.com/citations?hl=en&user=oxk_o-UAAAAJ
Michael J. Kastoryano,IT University of Copenhagen and AWS,itu.dk,1865,Quantum information science,https://scholar.google.com/citations?hl=en&user=2roUPxkAAAAJ
Søren Debois,IT University of Copenhagen,itu.dk,1737,Privacy | Digitalisation | Business Process Modelling,https://scholar.google.com/citations?hl=en&user=okin7NMAAAAJ
Erik Grönvall,"Associate Professor, IT University of Copenhagen",itu.dk,1677,Human Computer Interaction | CSCW | Physical computing | Participatory Design | Healthcare,https://scholar.google.com/citations?hl=en&user=LQAjXeoAAAAJ
Ahmad Ghazawneh,"Associate Professor, Halmstad University, IT University of Copenhagen",hh.se,1583,Digital Innovation | Platforms and Ecosystems | Digital Economy | Blockchain | Fintech,https://scholar.google.com/citations?hl=en&user=K0Xf7GIAAAAJ
Christian Hardmeier,"Associate Professor, IT University of Copenhagen/Uppsala University",itu.dk,1576,Natural Language Processing | Machine Translation | Discourse | Bias/Fairness in NLP | Translation Studies,https://scholar.google.com/citations?hl=en&user=AmRp1T0AAAAJ
Jørgen Staunstrup,IT University of Copenhagen,itu.dk,1471,Parallel Computing,https://scholar.google.com/citations?hl=en&user=BpmE-KIAAAAJ
Anna Vallgårda,"Associate Professor, IT University of Copenhagen",itu.dk,1466,Care design | design research | research through design | speculative design | form-giving,https://scholar.google.com/citations?hl=en&user=sRVXyvkAAAAJ
Tomas Sokoler,IT University of Copenhagen,itu.dk,1450,Interaction design | HCI | IoT | Welfare tech | Prototyping,https://scholar.google.com/citations?hl=en&user=3yhKwbUAAAAJ
Jichen Zhu,IT University of Copenhagen,itu.dk,1424,human AI interaction | personalized adaptive games,https://scholar.google.com/citations?hl=en&user=t5AZ2-AAAAAJ
Paolo Tell,IT University of Copenhagen,itu.dk,1321,Activity-Based Computing | Computer Science | Global Software Development | Software Architecture | Activity Theory,https://scholar.google.com/citations?hl=en&user=DZV2vjQAAAAJ
vedran sekara,Assistant Professor at the IT University of Copenhagen,itu.dk,1233,Network Science | Computational Social Science | ML Bias & Fairness,https://scholar.google.com/citations?hl=en&user=u_dmO4UAAAAJ
Jannick Schou,IT University of Copenhagen,itu.dk,1128,Government | political science | technology | citizenship | democracy,https://scholar.google.com/citations?hl=en&user=FaQ4_LMAAAAJ
Rune Kristian Lundedal Nielsen,"Associate Professor, IT University of Copenhagen",itu.dk,1111,Video games | game addiction | Random Reward Mechanisms | loot boxes | esports.,https://scholar.google.com/citations?hl=en&user=xS-DSmQAAAAJ
Rasmus Møgelberg,IT University of Copenhagen,itu.dk,1046,Programming languages | logic | category theory | denotational semantics | type theory,https://scholar.google.com/citations?hl=en&user=MBiWoI8AAAAJ
Joanna Saad-Sulonen,Associate professor at IT University of Copenhagen,itu.dk,1035,Participatory design | service design | citizen participation | HCI | urban planning,https://scholar.google.com/citations?hl=en&user=51J2a9UAAAAJ
Jens Chr. Godskesen,IT University of Copenhagen,itu.dk,1026,Not Mentioned,https://scholar.google.com/citations?hl=en&user=5JOBfk0AAAAJ
Christopher Gad,IT-University of Copenhagen,itu.dk,970,Science and Technology Studies | Information technologies,https://scholar.google.com/citations?hl=en&user=fiC_sU4AAAAJ
Tom Jenkins,IT University of Copenhagen,itu.dk,908,Design | Interaction Design | HCI,https://scholar.google.com/citations?hl=en&user=Al_wa1oAAAAJ
Elda Paja,"Associate Professor, IT University of Copenhagen",itu.dk,902,security requirements engineering | designing socio-technical systems | threat modelling | model-driven development | trust,https://scholar.google.com/citations?hl=en&user=5TAtu2cAAAAJ
Jörn Christiansson,IT University of Copenhagen,itu.dk,899,Not Mentioned,https://scholar.google.com/citations?hl=en&user=b0K35WQAAAAJ
Nerds ITU,IT University of Copenhagen,itu.dk,889,Network Science | Human Mobility | Science of Success,https://scholar.google.com/citations?hl=en&user=xcdVPQQAAAAJ
Carsten Lund Pedersen,"Associate Professor, IT University of Copenhagen",itu.dk,880,Digital transformation - business …,https://scholar.google.com/citations?hl=en&user=IaTNM_sAAAAJ
Rasmus Berg Palm,IT University of Copenhagen,dtu.dk,865,Machine Learning | Probabilistic Modelling,https://scholar.google.com/citations?hl=en&user=smoQomYAAAAJ
Pınar Tözün,IT University of Copenhagen,itu.dk,816,databases | hardware | machine learning | edge,https://scholar.google.com/citations?hl=en&user=JTmMb3kAAAAJ
Henrik Skovsgaard,IT University of Copenhagen,itu.dk,805,Not Mentioned,https://scholar.google.com/citations?hl=en&user=r-S-mzIAAAAJ
Maria Barrett,"Post doc, IT University of Copenhagen",itu.dk,804,eye tracking | natural language processing | syntax | cognitive modeling,https://scholar.google.com/citations?hl=en&user=5Xs6bsQAAAAJ
Vasiliki Tsaknaki,Assistant Professor at the IT University of Copenhagen,itu.dk,724,Digital Crafts and Materials | Bodily experiences | Biodata | Wearable Technology | Design Research,https://scholar.google.com/citations?hl=en&user=W0WziQcAAAAJ
Andres Faiña,IT University of Copenhagen,itu.dk,692,Robotics | Modular robots | Modular robotics | Evolutionary robotics | Liquid handling robots,https://scholar.google.com/citations?hl=en&user=KxfaneoAAAAJ
Vasilis Galis,IT University of Copenhagen,itu.dk,683,social movements | social media | Science and Technology Studies (STS) | critical disability studies,https://scholar.google.com/citations?hl=en&user=buVVv_gAAAAJ
Carina Antonia Hallin,IT University of Copenhagen,itu.dk,661,Collective Intelligence | Artificial Intelligence | Knowledge Management | Information Systems,https://scholar.google.com/citations?hl=en&user=CcV0PogAAAAJ
Lone Malmborg,"Associate Professor, Interaction Design, IT University of Copenhagen",itu.dk,660,Interaction design | Co-design | Design for ageing,https://scholar.google.com/citations?hl=en&user=itkRE9gAAAAJ
Troels Bjerre Lund,IT-University of Copenhagen,itu.dk,646,Game Theory | Artificial Intelligence | Computational Complexity,https://scholar.google.com/citations?hl=en&user=2tOriSoAAAAJ
rob van der goot,Postdoc IT university of Copenhagen,itu.dk,645,Natural language processing | parsing | domain adaptation,https://scholar.google.com/citations?hl=en&user=lU4zpOEAAAAJ
Daniel Fürstenau,IT University of Copenhagen,itu.dk,638,Information Systems | IT Management | Digital Health | Digital Platforms | Digital Transformation,https://scholar.google.com/citations?hl=en&user=_aep8eIAAAAJ
Sanja Tumbas,IT University of Copenhagen,itu.dk,637,Digital product management | Digital entrepreneurship | Digital Innovation | Digital transformation | Design thinking,https://scholar.google.com/citations?hl=en&user=Fw35fUsAAAAJ
Payam Zahadat,"Associate Professor, IT University of Copenhagen",itu.dk,634,Collective robotics | Bio-inspired robotics | Swarm Intelligence | Evolutionary robotics | Self-organisation,https://scholar.google.com/citations?hl=en&user=eFKr5EIAAAAJ
Stefan Heinrich,"Assistant Professor, IT University of Copenhagen",itu.dk,614,Recurrent Neural Networks | Natural Language Processing | Developmental Robotics,https://scholar.google.com/citations?hl=en&user=hHx7vgoAAAAJ
Hanna Wirman,"Associate Professor, IT University of Copenhagen, Denmark",itu.dk,581,game design | game studies | gender | identity | game fandom,https://scholar.google.com/citations?hl=en&user=IhTRvGMAAAAJ
Laurens Boer,IT University of Copenhagen,itu.dk,542,Interaction Design | Design Research,https://scholar.google.com/citations?hl=en&user=XssDfsgAAAAJ
Ingmar Lippert,"Associate Professor, IT University of Copenhagen",itu.dk,509,Environmental Sociology | Sociology of Science and Technology | Sociology of Data | Management | Environments and (Un)Sustainabiliti,https://scholar.google.com/citations?hl=en&user=3XLquR8AAAAJ
Natalie Schluter,IT University of Copenhagen,itu.dk,507,Natural Language Processing | Algorithms | Machine Learning | Automata | Formal Languages,https://scholar.google.com/citations?hl=en&user=9roj6ZEAAAAJ
Radu Curticapean,"IT University of Copenhagen, Basic Algorithms Research Copenhagen",itu.dk,497,Counting Complexity | Parameterized Complexity,https://scholar.google.com/citations?hl=en&user=5MeyUVQAAAAJ
Martin Aumüller,IT University of Copenhagen,itu.dk,492,Algorithms | Algorithm Engineering | Similarity Search,https://scholar.google.com/citations?hl=en&user=TNJYIYoAAAAJ
Pedro Ferreira,Associate Professor - IT University of Copenhagen,itu.dk,486,HCI | ITC4D | Mobility,https://scholar.google.com/citations?hl=en&user=eHBdMTYAAAAJ
Aske Mottelson,"Assistant Professor, IT University of Copenhagen",itu.dk,486,Human-Computer Interaction | Data Science | Experimental Psychology | Virtual Reality,https://scholar.google.com/citations?hl=en&user=TJ4FMD8AAAAJ
Paweł Grabarczyk,"IT University of Copenhagen, Uniwersytet Łódzki",itu.dk,455,Philosophy | Game Studies,https://scholar.google.com/citations?hl=en&user=VkWj2_gAAAAJ
Erol Kazan,IT University of Copenhagen,itu.dk,449,Digital Platforms | Blockchain | Digital Infrastructures | Financial Technology,https://scholar.google.com/citations?hl=en&user=7qkYh8oAAAAJ
Anders Sundnes Løvlie,IT University of Copenhagen,itu.dk,448,experience design | humanistic hci | locative media | digital cultural heritage,https://scholar.google.com/citations?hl=en&user=UhP1dScAAAAJ
Oksana Kulyk,IT University of Copenhagen,itu.dk,424,Cryptography | Electronic Voting | Usable Security | Usable Privacy,https://scholar.google.com/citations?hl=en&user=08IyY1AAAAAJ
Patrick Bahr,"Associate Professor, IT University of Copenhagen",itu.dk,409,type theory | compilers | functional programming,https://scholar.google.com/citations?hl=en&user=eMKdREgAAAAJ
Marisa Leavitt Cohn,IT University of Copenhagen,Not Mentioned,401,Science and Technology Studies | Software Studies | Infrastructure Studies | Human Computer Interaction | Computer Supported Collabo,https://scholar.google.com/citations?hl=en&user=_W0jZOoAAAAJ
Paul D. Rosero-Montalvo,Post. Doc at IT University of Copenhagen,itu.dk,390,embedded-systems | machine learning | hardware acceleration | wsn,https://scholar.google.com/citations?hl=en&user=nw9_zT0AAAAJ
Marianne Gauffriau,"IT University of Copenhagen, Denmark",itu.dk,383,research evaluation | bibliometrics | responsible metrics,https://scholar.google.com/citations?hl=en&user=n7CvIkIAAAAJ
Vasiliki Baka,IT University of Copenhagen,itu.dk,367,emergent technologies | digital innovation | organisational practices,https://scholar.google.com/citations?hl=en&user=yPMwGGsAAAAJ
Stine Gotved,IT University of Copenhagen,itu.dk,361,Cyber Sociology | Digital Culture | Death Online,https://scholar.google.com/citations?hl=en&user=1KFd4wIAAAAJ
Mar Alaranta,"Associate Professor, IT University of Copenhagen, Denmark",itu.dk,349,information systems | IT management | IT/IS in mergers | IT outsourcing | IT and organizational change,https://scholar.google.com/citations?hl=en&user=xIkXcQoAAAAJ
Sanna Marttila,IT University of Copenhagen,itu.dk,333,Not Mentioned,https://scholar.google.com/citations?hl=en&user=ug5nUG4AAAAJ
Baki Cakici,"Associate Professor, IT University of Copenhagen",itu.dk,319,science & technology studies | identification | politics of numbers | state infrastructures,https://scholar.google.com/citations?hl=en&user=0UVuv_0AAAAJ
Pernille Ryden,"Dean of Education, IT University of Copenhagen",itu.dk,313,strategy | cognition | management | digital technology,https://scholar.google.com/citations?hl=en&user=1rw6DukAAAAJ
Rachel Douglas-Jones,IT University of Copenhagen,itu.dk,308,ethics | ethics committees | research governance | bodies and donation | infrastructures for clinical trials,https://scholar.google.com/citations?hl=en&user=EEpVj44AAAAJ
"Jean Melo, Ph.D.",IT University of Copenhagen,itu.dk,301,Software Engineering | Software Variability | Static Analysis | Empirical Software Engineering.,https://scholar.google.com/citations?hl=en&user=JlqYyiIAAAAJ
Søren Knudsen,"Assistant Professor, Digital Design Department, IT University of Copenhagen",itu.dk,291,Human Computer Interaction | Information Visualization,https://scholar.google.com/citations?hl=en&user=wpsOZm0AAAAJ
Leon Y. Xiao,IT University of Copenhagen,itu.dk,291,loot boxes | video game law | game design,https://scholar.google.com/citations?hl=en&user=XvKrfvUAAAAJ
Tony Beltramelli,IT University of Copenhagen,itu.dk,287,Artificial Intelligence | Machine Learning | Neural Networks,https://scholar.google.com/citations?hl=en&user=EVdGe-kAAAAJ
Oliver Krancher,IT University of Copenhagen,itu.dk,285,Information Systems,https://scholar.google.com/citations?hl=en&user=4EqBYO0AAAAJ
Rosario Giustolisi,IT University of Copenhagen,itu.dk,283,Security,https://scholar.google.com/citations?hl=en&user=oU-zeikAAAAJ
Morten Esbensen,"Post Doc, IT University of Copenhagen",itu.dk,270,Global Software Development | HCI | CSCW | Ubicomp,https://scholar.google.com/citations?hl=en&user=gUBzcs0AAAAJ
Mahsa Varshosaz,IT University of Copenhagen,itu.dk,263,Software Testing | Software Verification | Product Lines Analysis | Program Repair | Quantitative Verification,https://scholar.google.com/citations?hl=en&user=eRzZ29QAAAAJ
Aaron Duane,IT University of Copenhagen,itu.dk,261,Human-Computer Interaction | Multimedia Analytics | Virtual Reality,https://scholar.google.com/citations?hl=en&user=8gRUM0QAAAAJ
Rosalba Giuffrida,"PhD student, IT University of Copenhagen",itu.dk,245,Software Engineering | Ethnography | Social Software | Global Software Development,https://scholar.google.com/citations?hl=en&user=327ixfoAAAAJ
Nanna Gorm,"PhD student, IT University of Copenhagen",itu.dk,244,Activity tracking | workplace | Human Computer Interaction | Health Promotion | Qualitative Methods,https://scholar.google.com/citations?hl=en&user=gD8r-EMAAAAJ
Rolf-Helge Pfeiffer,"Assistant Professor, IT University of Copenhagen",itu.dk,237,Software Engineering | Software Quality | Software Quality Metrics | Technical Debt | Software Complexity,https://scholar.google.com/citations?hl=en&user=giwIBtIAAAAJ
Emil Kastbjerg,IT University of Copenhagen,itu.dk,232,Not Mentioned,https://scholar.google.com/citations?hl=en&user=1JlG4JEAAAAJ
Thomas D. Ahle,"Meta Research, IT University of Copenhagen, BARC",fb.com,227,Randomized Algorithms | Hashing | Similarity Search | Sketching,https://scholar.google.com/citations?hl=en&user=aRiVoYgAAAAJ
Tiago Cunha,"PhD, IT University of Copenhagen",itu.dk,218,Social computing | Machine Learning | Data science | Digital Health,https://scholar.google.com/citations?hl=en&user=8YqxkXUAAAAJ
Jacob Benjamin Cholewa,IT University of Copenhagen,itu.dk,215,Software development,https://scholar.google.com/citations?hl=en&user=BTTQ3DwAAAAJ
Alessandro Bruni,Associate Professor. IT-University of Copenhagen,itu.dk,214,Static Analysis | Model Checking | Dynamic Analysis | Artificial Intelligence,https://scholar.google.com/citations?hl=en&user=rhBj7QYAAAAJ
Felix Engelmann,IT University of Copenhagen,itu.dk,207,Blockchain | Privacy,https://scholar.google.com/citations?hl=en&user=mmcSp_8AAAAJ
Willard Rafnsson,"Assistant Professor, IT University of Copenhagen",itu.dk,199,Computer Security | Language-based Security | Programming Languages,https://scholar.google.com/citations?hl=en&user=LvbsGtkAAAAJ
Therese Graversen,IT University of Copenhagen,itu.dk,197,Not Mentioned,https://scholar.google.com/citations?hl=en&user=Q5A51XMAAAAJ
Giacomo Poderi,"Department of Digital Design, IT University of Copenhagen",itu.dk,196,Digital commons | Ethnography | Participatory Design | Science and Technology Studies,https://scholar.google.com/citations?hl=en&user=PhnSRJwAAAAJ
Bassel Mannaa,"Postdoc, IT University of Copenhagen",itu.dk,194,Type theory | model theory | constructive mathematics | categorical logic,https://scholar.google.com/citations?hl=en&user=TienVMkAAAAJ
Raúl Pardo,IT University of Copenhagen,itu.dk,193,Formal Methods | Privacy | Probabilistic Programming,https://scholar.google.com/citations?hl=en&user=WRuI72kAAAAJ
Jeppe Nørregaard,"PostDoc, IT University of Copenhagen",dtu.dk,192,Machine learning | AI | natural language processing,https://scholar.google.com/citations?hl=en&user=pCsDJKkAAAAJ
Ettore Rocca,"… Professor, University of Reggio Calabria; Affiliate Professor, University of Copenhagen",unirc.it,189,aesthetics | philosophy of religion | theory of visual arts | theory of architecture | Kierkegaard,https://scholar.google.com/citations?hl=en&user=8A45bLoAAAAJ
Amelia Jiménez-Sánchez,Postdoc at IT University of Copenhagen,itu.dk,186,Fairness | Medical Imaging | Curriculum Learning | Domain Adaptation | Federated Learning,https://scholar.google.com/citations?hl=en&user=2xeIA9sAAAAJ
Signe Louise Yndigegn,"Assistant Professor, IT University of Copenhagen",itu.dk,176,Not Mentioned,https://scholar.google.com/citations?hl=en&user=C1ib0jgAAAAJ
Louisa Jane Di Felice,IT University of Copenhagen,itu.dk,172,complexity | multi-scale systems | information | adaptation,https://scholar.google.com/citations?hl=en&user=Uw4DkZQAAAAJ
Elena Nazzi,"PhD student in Interaction Design, IT University of Copenhagen",itu.dk,169,Interaction Design | Social Computing | Tangible Computing | Internet of Things | Embodied Interaction,https://scholar.google.com/citations?hl=en&user=krOJM2sAAAAJ
Matti Karppa,"Postdoc, IT University of Copenhagen",itu.dk,165,algorithms,https://scholar.google.com/citations?hl=en&user=03uaamkAAAAJ
Cancan Wang,"Associate Professor, IT University of Copenhagen",itu.dk,157,digital transformation | IT governance | information systems,https://scholar.google.com/citations?hl=en&user=dbuKX0cAAAAJ
Asger Balle Pedersen,"PhD fellow in Business IT, IT University of Copenhagen",itu.dk,138,Blockchain | Distributed Ledger Technology | Business | Information System,https://scholar.google.com/citations?hl=en&user=oJjh6t8AAAAJ
Nico Wunderlich,"IT University of Copenhagen, Information Systems and Digital Innovation (ISDI) research …",itu.dk,135,Digital Business Strategy | IT Leadership | Artificial Intelligence | IT Climate | IT Capabilities,https://scholar.google.com/citations?hl=en&user=P5QGP40AAAAJ
Jonas Valbjørn Andersen,IT University of Copenhagen,itu.dk,133,Distributed Information Systems | Blockchain governance | Internet of Things (IoT) ecosystems | Digital transformation,https://scholar.google.com/citations?hl=en&user=gs8NZNsAAAAJ
Irina Papazu,"Department of Business IT, IT University of Copenhagen",itu.dk,126,renewable energy | science and technology studies | ethnography | digitalisation | the digital welfare state,https://scholar.google.com/citations?hl=en&user=1qp3N7AAAAAJ
Nanna Inie,"University of Washington / IT University of Copenhagen, Computer Science",itu.dk,126,tools for thought | things that make us smart | human-computer interaction | creativity support | idea management,https://scholar.google.com/citations?hl=en&user=yiqsgWcAAAAJ
Ivan Luiz Picoli,"Postdoctoral Researcher, IT University of Copenhagen",itu.dk,124,Storage Systems | Computational Storage | Solid-state Drives | Non-Volatile Memories | Modern Database Systems,https://scholar.google.com/citations?hl=en&user=xwAKcE4AAAAJ
Sara Marie Ertner,IT University of Copenhagen,itu.dk,121,Science & Technology Studies | Design research,https://scholar.google.com/citations?hl=en&user=Xrroq7IAAAAJ
Paloma T. Lima,IT University of Copenhagen,itu.dk,121,Graph Theory | Algorithms | Complexity Theory,https://scholar.google.com/citations?hl=en&user=RKOHIN0AAAAJ
Elisa Bassignana,Phd fellow at IT University of Copenhagen,itu.dk,120,Natural Language Processing | Information Extraction | Relation Extraction | Domain Adaptation,https://scholar.google.com/citations?hl=en&user=02vnCjoAAAAJ
Peter Schneider,IT University of Copenhagen,itu.dk,119,Risk Assessment | Machine Learning | Anomaly Detection | Topic Detection | Intrusion Detection,https://scholar.google.com/citations?hl=en&user=FC1PSP0AAAAJ
Fabricio Batista Narcizo,Part-time lecturer at IT University of Copenhagen,itu.dk,114,Eye Tracking | Computer Vision | Image Analysis | Machine Learning | Computer Science,https://scholar.google.com/citations?hl=en&user=GL0zUsgAAAAJ
Emil Juul Jacobsen,IT University of Copenhagen,itu.dk,114,Software Engineering | Artificial Intelligence | Artificial Neural Networks | Evolutionary Algorithms,https://scholar.google.com/citations?hl=en&user=ewmrjyEAAAAJ
Rasmus Boll Greve,"M.Sc, IT University of Copenhagen",itu.dk,114,Artificial intelligence | Machine learning,https://scholar.google.com/citations?hl=en&user=VjwQ_CQAAAAJ
Fatemeh saadatmand,IT University of Copenhagen,itu.dk,113,Information Systems | Digital Platforms | Coopetition | Interfirm relationships | Standardization,https://scholar.google.com/citations?hl=en&user=TiSWp_IAAAAJ
Ioana O. Bercea,"Postdoc, BARC@IT University of Copenhagen",cs.umd.edu,112,CS Theory,https://scholar.google.com/citations?hl=en&user=WrIV7W0AAAAJ
Per Rådberg Nagbøl,"Postdoc, IT University of Copenhagen",itu.dk,103,Information Systems | Action Design Research | AI Management | Public Sector AI,https://scholar.google.com/citations?hl=en&user=ib_KdpUAAAAJ
Johan von Tangen Sivertsen,IT University of Copenhagen,itu.dk,98,Computer Science,https://scholar.google.com/citations?hl=en&user=jnWCx3MAAAAJ
Elias Najarro,IT University of Copenhagen,itu.dk,96,Machine learning | Evolutionary computation | Computational neuroscience | Self-organization | Open-endedness,https://scholar.google.com/citations?hl=en&user=x7EcQBMAAAAJ
Omar Khan,"Phd Fellow, IT University of Copenhagen",itu.dk,94,computer science | multimedia analytics | database systems | big data,https://scholar.google.com/citations?hl=en&user=P1Tx8-QAAAAJ
Dom Ford,"PhD Fellow, Center for Digital Play, IT University of Copenhagen",itu.dk,93,game studies | space and place | myth | monsters | play,https://scholar.google.com/citations?hl=en&user=dv4EhC0AAAAJ
Johan Bolmsten,World Maritime University / IT-University of Copenhagen,wmu.se,86,Not Mentioned,https://scholar.google.com/citations?hl=en&user=ee-x7JUAAAAJ
Morten Winther,IT University of Copenhagen,itu.dk,84,Interaction design | smart products | material computing | research through design | digital aesthetics,https://scholar.google.com/citations?hl=en&user=B23q82gAAAAJ
Maria Astefanoaei,IT University of Copenhagen,itu.dk,83,Not Mentioned,https://scholar.google.com/citations?hl=en&user=wKHSRwkAAAAJ
Mike Zhang,IT University of Copenhagen,itu.dk,80,Natural Language Processing | Computational Linguistics | Information Extraction | Computational Job Market,https://scholar.google.com/citations?hl=en&user=Zw6i1v0AAAAJ
Sinisa Neskovic,IT University of Copenhagen,itu.dk,79,Software Engineering | Information Systems,https://scholar.google.com/citations?hl=en&user=4C9kw2QAAAAJ
Karin Ryding,IT University of Copenhagen,itu.dk,76,play | games | affect | intimacy,https://scholar.google.com/citations?hl=en&user=5C76-30AAAAJ
Jessamy Perriam,"Assistant Professor, IT University of Copenhagen",itu.dk,68,Digital Sociology | Science and Technology Studies | Media Studies,https://scholar.google.com/citations?hl=en&user=w0ePuZ4AAAAJ
Lars Toft Jacobsen,IT University of Copenhagen,itu.dk,66,Not Mentioned,https://scholar.google.com/citations?hl=en&user=FJ5AC1QAAAAJ
Mads Frederik Madsen,"PhD Fellow, IT University of Copenhagen",itu.dk,65,Distributed systems | Security | Business Process Modelling,https://scholar.google.com/citations?hl=en&user=4cQJJs4AAAAJ
Meisam Jamshidi Seikavandi,Phd fellow at IT University of Copenhagen,itu.dk,65,computer vision | deep learning | eye tracking,https://scholar.google.com/citations?hl=en&user=Su_d2HIAAAAJ
maura bouça,IT University of Copenhagen,itu.dk,64,mobile games | mobile communication | gamification | social media | video games,https://scholar.google.com/citations?hl=en&user=8LB7mfYAAAAJ
Dennis Ulmer,IT University of Copenhagen,mailbox.org,62,NLP | Machine Learning | Deep Learning | Compositionality | Uncertainty Estimation,https://scholar.google.com/citations?hl=en&user=rn9WoaEAAAAJ
Samuel Agbesi,IT University of Copenhagen,itu.dk,61,Election Technologies | Human Computer Interaction | IT Security & Privacy | Software Engineering,https://scholar.google.com/citations?hl=en&user=tnmrtEMAAAAJ
Peter Kun,"Postdoc, IT University of Copenhagen",peterkun.com,59,human-data interaction | human-computer interaction | design methods | generative design research,https://scholar.google.com/citations?hl=en&user=C5aOceIAAAAJ
David Kadish,IT University of Copenhagen,itu.dk,58,art | ai | robotics | ecology,https://scholar.google.com/citations?hl=en&user=ZF6l-3gAAAAJ
Hasib Ahsan,"PhD Fellow and Co-PI, IT University of Copenhagen",itu.dk,58,ICT4D | HCI | Digital Agriculture & Health | Refugee Crisis | International Development,https://scholar.google.com/citations?hl=en&user=hOraDzAAAAAJ
Alexandru F. Iosif-Lazăr,IT University of Copenhagen,itu.dk,51,Not Mentioned,https://scholar.google.com/citations?hl=en&user=jih_9LsAAAAJ
Maaike Zwart,IT University of Copenhagen,itu.dk,46,Category theory | universal algebra | type theory,https://scholar.google.com/citations?hl=en&user=dWesCDMAAAAJ
Mate Beštek,IT University of Copenhagen,itu.dk,44,OpenEHR | Semantic interoperability | Design | Health Data Platforms | FAIR Data,https://scholar.google.com/citations?hl=en&user=AHarxZoAAAAJ
Stella Grasshof,IT University of Copenhagen,itu.dk,44,Machine Learning | Computer Vision | Registration | 3D Reconstruction | Facial Animation,https://scholar.google.com/citations?hl=en&user=kSuLm58AAAAJ
Daniel Varab,PhD Student @ Novo Nordisk & IT University of Copenhagen,itu.dk,41,Natural Language Processing,https://scholar.google.com/citations?hl=en&user=J-19HNYAAAAJ
Christian Uldal Graulund,"Phd Fellow, IT University of Copenhagen",itu.dk,41,type theory | programming langauges | category theory.,https://scholar.google.com/citations?hl=en&user=NrIcxYQAAAAJ
Mathias Löwe,IT University of Copenhagen,itu.dk,39,Not Mentioned,https://scholar.google.com/citations?hl=en&user=IwTuCv8AAAAJ
Miguel González-Duque,IT University of Copenhagen,itu.dk,39,Probabilistic Modeling | Gaussian Processes | Bayesian Optimization | Differential Geometry,https://scholar.google.com/citations?hl=en&user=eje0FAYAAAAJ
Emma Arfelt,"Computer Science, IT University of Copenhagen",itu.dk,38,Not Mentioned,https://scholar.google.com/citations?hl=en&user=rCeW_jgAAAAJ
Mads Johansen,"PhD Fellow, IT University of Copenhagen",itu.dk,38,Game Development | Mixed-Initiative Tools,https://scholar.google.com/citations?hl=en&user=TgKFAKAAAAAJ
Jon Aaen,"Postdoc, IT University of Copenhagen",itu.dk,38,Digital innovation | IT Project Management | Public Sector digitalization,https://scholar.google.com/citations?hl=en&user=-8VP2zwAAAAJ
Kristian Nørgaard Jensen,"Student, IT University of Copenhagen",itu.dk,32,Machine Learning | Natural Language Processing | Computational Linguistics | Computer Vision,https://scholar.google.com/citations?hl=en&user=3emijZYAAAAJ
Mikkel Hvidtfeldt Andersen,IT University of Copenhagen,itu.dk,31,Sociology | Information Science | Learning,https://scholar.google.com/citations?hl=en&user=HjQoE80AAAAJ
Martin Kjeldsen,IT University of Copenhagen,itu.dk,31,Not Mentioned,https://scholar.google.com/citations?hl=en&user=sAVFyw0AAAAJ
Jacques Holst,IT University of Copenhagen,itu.dk,31,Not Mentioned,https://scholar.google.com/citations?hl=en&user=RY74zEsAAAAJ
Sandro Sousa,IT university of Copenhagen,itu.dk,28,Complex Systems | Complex Networks | Urban Systems | Nonlinear Dynamics | Computational Social Science,https://scholar.google.com/citations?hl=en&user=38s9SVgAAAAJ
Nicolai Traasdahl Tarp,"Msc, IT University of Copenhagen",itu.dk,27,Algorithms | Mutual shaping of technology | HCI | Counterpublics,https://scholar.google.com/citations?hl=en&user=oy1Kp4kAAAAJ
Lorenzo Gentile,"PhD Student, IT University of Copenhagen",itu.dk,25,Cryptography | Security | Operations Research | Game Theory,https://scholar.google.com/citations?hl=en&user=YBFTYGQAAAAJ
Jonas Voss,IT University of Copenhagen,voss.co,24,Not Mentioned,https://scholar.google.com/citations?hl=en&user=FAXAROAAAAAJ
Niclas Hedam,IT University of Copenhagen,itu.dk,24,Data Systems | Security | Privacy | Computational Storage,https://scholar.google.com/citations?hl=en&user=DdLrWgwAAAAJ
Michael Hockenhull,"Postdoc, IT University of Copenhagen",itu.dk,24,STS | philosophy of technology | data | digitalization,https://scholar.google.com/citations?hl=en&user=E3svNusAAAAJ
Bethany Chamberlain,IT University of Copenhagen,itu.dk,24,pattern recognition | psychology | interdisciplinary research | philosophy of science | qualitative methodology,https://scholar.google.com/citations?hl=en&user=eRufuW8AAAAJ
Jacob Aarup Dalsgaard,IT University of Copenhagen,itu.dk,23,Not Mentioned,https://scholar.google.com/citations?hl=en&user=2GMbqY0AAAAJ
Tiemo Thiess,"PhD Fellow, IT University of Copenhagen",itu.dk,19,Data Science | Machine Learning | Artificial Intelligence | Decision Making,https://scholar.google.com/citations?hl=en&user=tLdkmx4AAAAJ
Romi Geleijn,IT University of Copenhagen,itu.dk,19,computer science | evolutionary algorithms | artificial intelligence | games,https://scholar.google.com/citations?hl=en&user=Rin73ikAAAAJ
Max Müller-Eberstein,IT University of Copenhagen,itu.dk,19,Artificial Intelligence | Natural Language Processing | Representation Learning,https://scholar.google.com/citations?hl=en&user=mI392-4AAAAJ
Josu Martinez,"Researcher of Computer Science, IT University of Copenhagen",itu.dk,16,Autonomic Computing | Software Architecture | Formal Specifications | Design-by-Contract | Verification,https://scholar.google.com/citations?hl=en&user=8kQ8la4AAAAJ
Adrian Hoff,"PhD student, IT University of Copenhagen",itu.dk,15,Computer Science | Software Visualization | Software Modelling | Software Evolution | Software Product Line Engineering,https://scholar.google.com/citations?hl=en&user=MgjgskgAAAAJ
Helene Madsen,IT University of Copenhagen,hum.ku.dk,15,Not Mentioned,https://scholar.google.com/citations?hl=en&user=lYspRBUAAAAJ
Ravi Kishore,"Post-Doc, IT University of Copenhagen",itu.dk,14,Cryptography | Information Theoretic Security,https://scholar.google.com/citations?hl=en&user=x998JSAAAAAJ
Qiuyu Choo Jiang,IT University of Copenhagen,Not Mentioned,14,Not Mentioned,https://scholar.google.com/citations?hl=en&user=yXYgYqoAAAAJ
Björn Þór Jónsson,Studied at: University of Iceland and IT-University of Copenhagen,bthj.is,13,play | social networks | social media | online identity | mutual identification,https://scholar.google.com/citations?hl=en&user=v3xOrZsAAAAJ
Marius Venø Bendsen,"BSc in Data Science, IT University of Copenhagen",itu.dk,13,Machine Learning | Quantum Computing | Software,https://scholar.google.com/citations?hl=en&user=j86fAuQAAAAJ
Anders Giovanni Møller,"MSc Student in Data Science, IT University of Copenhagen",itu.dk,13,Data Science | Natural Language Processing,https://scholar.google.com/citations?hl=en&user=S2duMNoAAAAJ
Morten Roed Frederiksen,IT-University of Copenhagen,fam-f.dk,12,robotics | HRI | affective-computing,https://scholar.google.com/citations?hl=en&user=itmTKO0AAAAJ
Filippo Castellucci,Double degree PhD student at University of Bologna and University of Copenhagen,unibo.it,11,Arachnology | Evolutionary Biology,https://scholar.google.com/citations?hl=en&user=fH4ZGrcAAAAJ
Joachim Winther Pedersen,"PhD student, IT University of Copenhagen",itu.dk,11,Neural Plasticity | Computational Neuroscience | Meta-Learning | Indirect Encoding | Quality Diversity,https://scholar.google.com/citations?hl=en&user=QVN3iv8AAAAJ
Priscila Santos da Costa,IT University of Copenhagen,itu.dk,9,Not Mentioned,https://scholar.google.com/citations?hl=en&user=5grNlncAAAAJ
René Haas,"PhD Fellow, IT University of Copenhagen",itu.dk,9,Deep Generative Models,https://scholar.google.com/citations?hl=en&user=CVtIJo4AAAAJ
Petros Ioannidis,"PhD Fellow, IT University of Copenhagen",itu.dk,6,Not Mentioned,https://scholar.google.com/citations?hl=en&user=w6DEONwAAAAJ
Sílvia Fornós,IT University of Copenhagen,silvia-fornos.com,6,Game Design | Game Jams | Game Making for Learning | Gamification | Interaction Design,https://scholar.google.com/citations?hl=en&user=mN-tt5sAAAAJ
Alexander Sprogø Banks,"MSc Computer Science, IT University of Copenhagen",itu.dk,6,IT Security,https://scholar.google.com/citations?hl=en&user=gDyVWO4AAAAJ
Marek Kisiel,"MSc Computer Science ,IT University of Copenhagen",itu.dk,6,IT Security | Cyber Security,https://scholar.google.com/citations?hl=en&user=fSjf6fcAAAAJ
Anastassia Vybornova,"PhD fellow, IT University of Copenhagen",itu.dk,6,Sustainable mobility | Network Science | Complexity science | Environmental Justice,https://scholar.google.com/citations?hl=en&user=hGazw4sAAAAJ
Ehsan Yousefzadeh-Asl-Miandoab,IT University of Copenhagen,itu.dk,6,computer architecture | gpu,https://scholar.google.com/citations?hl=en&user=O5MxgCEAAAAJ
Mahya Mohammadi Kashani,IT University of Copenhagen,itu.dk,5,Pattern Recognition | Image Annotation | Image Processing | Machine Vision,https://scholar.google.com/citations?hl=en&user=gegkVugAAAAJ
Mateusz Jurewicz,"Industrial Ph.D. Candidate, IT University of Copenhagen",itu.dk,5,machine learning | artificial intelligence | structure prediction,https://scholar.google.com/citations?hl=en&user=VYr8R8wAAAAJ
Olivia Harre,IT University of Copenhagen,itu.dk,5,Not Mentioned,https://scholar.google.com/citations?hl=en&user=wbe7Np0AAAAJ
Athanasia Andriopoulou,University of Urbino; Visiting Academic University of Copenhagen (CECS),uniurb.it,4,Law | Citizenship | Human Rights,https://scholar.google.com/citations?hl=en&user=v3IiUbkAAAAJ
Mads Kongsbak,"Research Assistant, IT University of Copenhagen",itu.dk,4,Natural Language Processsing | Efficiency in Machine Learning,https://scholar.google.com/citations?hl=en&user=ny_2wmIAAAAJ
Nicolaj Filrup Rasmussen,"Student, IT University of Copenhagen",itu.dk,3,Natural Language Processing | Machine Learning | Computer Science,https://scholar.google.com/citations?hl=en&user=XvYxdKsAAAAJ
Thai Wang,"Student of Data Science, IT University of Copenhagen",itu.dk,3,Data Science | Computer Science | NLP,https://scholar.google.com/citations?hl=en&user=V5HydcAAAAAJ
Han Tao,IT University of Copenhagen,itu.dk,2,Anthropology | China | Queer Kinship | Morality | Digital,https://scholar.google.com/citations?hl=en&user=6LiwJh8AAAAJ
Sebastian Mateos Nicolajsen,IT University of Copenhagen,Not Mentioned,2,Not Mentioned,https://scholar.google.com/citations?hl=en&user=hMTpLnoAAAAJ
Simy Kaur Gahoonia,IT University of Copenhagen,itu.dk,2,postdigital schooling,https://scholar.google.com/citations?hl=en&user=PLArbi4AAAAJ
Lena Kühn,"AIR Lab, IT University of Copenhagen",itu.dk,1,Interaction Design | Affective Computing | Affective IxD | Digital Health | Mindfulness Research,https://scholar.google.com/citations?hl=en&user=fgLL-ekAAAAJ
Nina Patricia Houe,"PhD Student, IT University of Copenhagen",itu.dk,1,video games | monsters | empathy games | narrative | social psychology,https://scholar.google.com/citations?hl=en&user=hy30wzkAAAAJ
Mike Hyslop Graham,"PhD Fellow, IT University of Copenhagen",itu.dk,1,Not Mentioned,https://scholar.google.com/citations?hl=en&user=Etqsp1EAAAAJ
Jannick Finne,"Cand.IT student, IT-University of Copenhagen",itu.dk,Not Mentioned,Not Mentioned,https://scholar.google.com/citations?hl=en&user=-WHZF4YAAAAJ
Maytham Fahmi,IT University of Copenhagen,itu.dk,Not Mentioned,indoor navigation | visually impaired | assistive technology | bluetooth | pervasive computing,https://scholar.google.com/citations?hl=en&user=gr6Q4AoAAAAJ
Martin Lund,IT University of Copenhagen,itu.dk,Not Mentioned,Global History | Intl Relations,https://scholar.google.com/citations?hl=en&user=uBtBI5sAAAAJ
Matthias Als,IT University of Copenhagen,itu.dk,Not Mentioned,Machine learning | Operations Research | Optimization | Artificial Intelligence,https://scholar.google.com/citations?hl=en&user=atNEsNQAAAAJ
Mathias Bejlegaard Madsen,IT-University of Copenhagen,itu.dk,Not Mentioned,Optimization | Machine Learning | Artificial Intelligence,https://scholar.google.com/citations?hl=en&user=CfUMylAAAAAJ
Dennis Thinh Tan Nguyen,"Alumni of CS, IT University of Copenhagen",Not Mentioned,Not Mentioned,Machine Learning,https://scholar.google.com/citations?hl=en&user=zU18bSMAAAAJ
Nikolaj Schlüter Nielsen,IT University of Copenhagen,itu.dk,Not Mentioned,HCI | Games | Gamification | Machine learning,https://scholar.google.com/citations?hl=en&user=UuAUN10AAAAJ
Christian Sivertsen,"Phd Fellow, Media Art & Design (MAD), Digital Design, IT University of Copenhagen",itu.dk,Not Mentioned,interaction design | somaesthetics | phenomenology | embodied interaction | experience design,https://scholar.google.com/citations?hl=en&user=qwgZKVUAAAAJ
Emily Laue Christensen,IT University of Copenhagen,itu.dk,Not Mentioned,Software engineering,https://scholar.google.com/citations?hl=en&user=uCDm_kMAAAAJ
Mikkel Agerlin,"Master of Science, IT University of Copenhagen",Not Mentioned,Not Mentioned,Software Development | Agile | Psychological Safety,https://scholar.google.com/citations?hl=en&user=DaehjFIAAAAJ
Dovile Juodelyte,"PhD Fellow, IT University of Copenhagen",itu.dk,Not Mentioned,Machine learning | Transfer learning,https://scholar.google.com/citations?hl=en&user=-93_z-wAAAAJ
Andy Lautrup,IT University of Copenhagen,itu.dk,Not Mentioned,Anthropology | STS | climate change | activism | Nordic welfare states,https://scholar.google.com/citations?hl=en&user=CMr4AhoAAAAJ
