j. john mann,Columbia University and New York State Psychiatric Institute,columbia.edu,113551,Mood Disorders and Suicidal Behavior,https://scholar.google.com/citations?hl=en&user=P8LFNiEAAAAJ,US,Columbia University New York
Szabolcs Marka,"Walter O. LeCroy Jr. Professor of Physics, Columbia University in the City of New York",columbia.edu,107245,Multimessenger | Gravitational waves | Astrophysics | Astroparticle Physics | Biophysics,https://scholar.google.com/citations?hl=en&user=EtCHb8YAAAAJ,US,Columbia University New York
Zsuzsa Marka,"Columbia Astrophysics Laboratory, Columbia University in the City of New York",astro.columbia.edu,88279,Multimessenger | Gravitational waves | Astrophysics | Astroparticle Physics | Biophysics,https://scholar.google.com/citations?hl=en&user=0UuaPYIAAAAJ,US,Columbia University New York
Denise Kandel,Columbia University & New York Stater Psychiatric Institute,cumc.columbia.edu,45826,,https://scholar.google.com/citations?hl=en&user=pU6PpTAAAAAJ,US,Columbia University New York
Bo Shen,Columbia University Medical Center-New York Presbyterian Hospital,,24788,inflammatory bowel disease | endoscopy,https://scholar.google.com/citations?hl=en&user=Dt5oPoMAAAAJ,US,Columbia University New York
Renee D Goodwin,"Graduate School of Public Health and Health Policy, The City University of New York",columbia.edu,23874,,https://scholar.google.com/citations?hl=en&user=BmVRqrQAAAAJ,US,Columbia University New York
Robert J. Farrauto,"Professor of Practice, Columbia University in the City of New York",columbia.edu,17755,heterogeneous catalysis | environmental | hydrogen generation | carbon dioxide capture and upgrading,https://scholar.google.com/citations?hl=en&user=ayeBZ-YAAAAJ,US,Columbia University New York
Rakesh Sharma,"Columbia University,New York",,17285,MRI | NMR | nano | imaging | nutrition,https://scholar.google.com/citations?hl=en&user=pmIQYO8AAAAJ,US,Columbia University New York
Yan-You Huang,Columbia university (New York state Psychiatric Institute),,15203,neuroscience,https://scholar.google.com/citations?hl=en&user=aKpQjaQAAAAJ,US,Columbia University New York
Enrico Bonatti,"Senior Special Scientist, LDEO, Columbia University (New York) & Associate ISMAR",bo.ismar.cnr.it,15148,Marine Geology | Petrology | Geochemistry,https://scholar.google.com/citations?hl=en&user=0-438yMAAAAJ,US,Columbia University New York
Allen Boozer,"Professor of Applied Physics, Columbia University, New York, NY",columbia.edu,13818,,https://scholar.google.com/citations?hl=en&user=gppbmsQAAAAJ,US,Columbia University New York
T Sandfort,New York State Psychiatric Institute/Columbia University,cumc.columbia.edu,13144,hiv sexuality,https://scholar.google.com/citations?hl=en&user=jRdHRm8AAAAJ,US,Columbia University New York
Y. Claire Wang,"New York Academy of Medicine, Columbia University",columbia.edu,12955,public health | health policy | economic evaluation | data and informatics,https://scholar.google.com/citations?hl=en&user=dTgMpZAAAAAJ,US,Columbia University New York
Etienne D. JACOTOT,"INSERM, FR. Columbia University, NYC, USA.",inserm.fr,12153,Cell death | Neurobiology | Caspases | Drug discovery,https://scholar.google.com/citations?hl=en&user=NDF252UAAAAJ,US,Columbia University New York
Claude Mellins,Columbia University and New York State Psychiatric Institute,columbia.edu,11251,HIV | mental health | children | adolescents | families,https://scholar.google.com/citations?hl=en&user=QoeHRJIAAAAJ,US,Columbia University New York
Hemali Phatnani,New York Genome Center & Columbia University,nygenome.org,10769,Neurodegenerative disease genomics and …,https://scholar.google.com/citations?hl=en&user=r1WU7lEAAAAJ,US,Columbia University New York
Alex Carballo-Diéguez Ph.D,"Former Professor, Columbia University, New York State Psychiatric Institute",columbia.edu,10692,HIV | gay | MSM | microbicides | HIV home testing,https://scholar.google.com/citations?hl=en&user=fbsIQmAAAAAJ,US,Columbia University New York
Curtis Dolezal,"… and Behavioral Studies, New York State Psychiatric Institute and Columbia University",nyspi.columbia.edu,10327,HIV | Sexual Behavior | Gender | Psychosexual Assessment,https://scholar.google.com/citations?hl=en&user=2zrIxKYAAAAJ,US,Columbia University New York
rosoklija gorazd,columbia university ny,,8521,,https://scholar.google.com/citations?hl=en&user=OFqaNxEAAAAJ,US,Columbia University New York
Wade McGillis,"Lamont Doherty Earth Observatory, Palisades NY Columbia University",columbia.edu,8204,Gas Transfer | Coral Reefs | Heat Transfer | Rivers and Ice | Urban Sustainability,https://scholar.google.com/citations?hl=en&user=POJ0vZ8AAAAJ,US,Columbia University New York
David A. Knowles,Columbia University & New York Genome Center,columbia.edu,7749,Machine learning | Computational genomics,https://scholar.google.com/citations?hl=en&user=N9QGV6YAAAAJ,US,Columbia University New York
William Byne,Columbia University Vagelos College of Physicians and Surgeons & NY State Psychiatric …,cumc.columbia.edu,7677,sexual and gender minority health | sexual differentiation | neuroendocrinology | psychiatry,https://scholar.google.com/citations?hl=en&user=KrTvsAwAAAAJ,US,Columbia University New York
Tarjinder Singh,"Assistant Professor of Genetics, Columbia University; Core Faculty, New York Genome …",nygenome.org,6646,Genomics | Statistical Genetics | Human Genetics | Psychiatric Genetics,https://scholar.google.com/citations?hl=en&user=B1eTGfUAAAAJ,US,Columbia University New York
Rachel Marsh,"… Philips Professor of Medical Psychology (in Psychiatry), Columbia University & the New York",nyspi.columbia.edu,6450,Magnetic Resonance Imaging | Child Psychiatry | Bulimia Nervosa | Obsessive-Compulsive Disorder,https://scholar.google.com/citations?hl=en&user=lkEOjJgAAAAJ,US,Columbia University New York
Robert Klitzman,Columbia University and New York State Psychiatric Institute,columbia.edu,6373,HIV | ethics | genetics | research | IRBs,https://scholar.google.com/citations?hl=en&user=aqhbwSMAAAAJ,US,Columbia University New York
Nasir H. Naqvi,"Department of Psychiatry, Columbia University and NY State Psychiatric Institute",columbia.edu,5858,Cognitive Neuroscience | Emotion | Addiction | Psychiatry | Social Psychology,https://scholar.google.com/citations?hl=en&user=QWyTMIEAAAAJ,US,Columbia University New York
Alayar Kangarlu,"Columbia University, New York State Psychiatric Institute",columbia.edu,4676,MRI | fMRI | RF Coils | Ultra High Field | MRI Safety,https://scholar.google.com/citations?hl=en&user=K-0P27YAAAAJ,US,Columbia University New York
Laurent Dercle,NewYork-Presbyterian Hospital - Columbia University Irving Medical Center,cumc.columbia.edu,4389,Medical Imaging | Radiomics | Artificial Intelligence | Oncology | Immunotherapy,https://scholar.google.com/citations?hl=en&user=63AH-RgAAAAJ,US,Columbia University New York
Anthony William Paul Fitzpatrick,"… Professor, Department of Biochemistry & Molecular Biophysics, Columbia University, NYC",columbia.edu,4317,Neuroscience | Biophysics | Structural Biology | Cryo-EM | Cryo-ET,https://scholar.google.com/citations?hl=en&user=4uhEpjMAAAAJ,US,Columbia University New York
Sooyeon Lee,"Columbia University, New York University, University of Florida",surgery.ufl.edu,4109,Neurodegeneration | myelin | autophagy | liver ischemia,https://scholar.google.com/citations?hl=en&user=FQNISv4AAAAJ,US,Columbia University New York
"Andrew Kai-Hong Chan, MD",Spine Surgeon | Neurosurgeon | Columbia University | Och Spine Hospital at NewYork …,columbia.edu,4033,Neurological Surgery | Spine | Spondylolisthesis | Myelopathy | Scoliosis,https://scholar.google.com/citations?hl=en&user=8Y7DKS8AAAAJ,US,Columbia University New York
Ayesha Sania,"Department of Psychiatry, Columbia University Irving Medical Center, New York, NY 10032",mail.harvard.edu,3999,,https://scholar.google.com/citations?hl=en&user=1KlWyOQAAAAJ,US,Columbia University New York
Thomas B. Edsall,Researcher Columbia University and New York Times,columbia.edu,3806,Politics and Economics,https://scholar.google.com/citations?hl=en&user=fJX8B_wAAAAJ,US,Columbia University New York
Prakash satwani,"Professor, Columbia University, New York",cumc.columbia.edu,3636,Bone marrow transplantation,https://scholar.google.com/citations?hl=en&user=sMFKoDoAAAAJ,US,Columbia University New York
Heather Cole-Lewis,New York University; Johnson & Johnson,columbia.edu,3522,health equity | behavior science | maternal health | global health | health informatics,https://scholar.google.com/citations?hl=en&user=6X6sujQAAAAJ,US,Columbia University New York
Krzysztof Choromanski,Google Brain Robotics New York & Columbia University,columbia.edu,3362,robotics | reinforcement learning | high-dimensional optimization | quasi Monte Carlo methods | onmanifold differential equations,https://scholar.google.com/citations?hl=en&user=J8OgouwAAAAJ,US,Columbia University New York
Guillermo Horga,"… Professor of Psychiatry, Columbia University and New York State Psychiatric Institute",nyspi.columbia.edu,2997,neuroimaging | inference | schizophrenia | psychosis | hallucinations,https://scholar.google.com/citations?hl=en&user=ncZyx1IAAAAJ,US,Columbia University New York
Katherine S. Elkington,"Associate Professor, Columbia University and New York State Psychiatric Institute",cumc.columbia.edu,2895,Adolescence | HIV/STI | psychiatric disorders | juvenile justice | service linkage,https://scholar.google.com/citations?hl=en&user=syBQ3OYAAAAJ,US,Columbia University New York
Bodhisattva Sen,"Columbia University, New York",stat.columbia.edu,2673,Nonparametric statistics | Astro-statistics,https://scholar.google.com/citations?hl=en&user=pDTgrhgAAAAJ,US,Columbia University New York
"Maxim Topaz PhD, RN, MA, FAAN","Columbia University, School of Nursing & Data Science Institute, Visiting Nurse Service of …",columbia.edu,2606,Healthcare Informatics | Nursing | Nursing Informatics | Clinical Decision Support | Biomedical Informatics,https://scholar.google.com/citations?hl=en&user=7MxxJ2UAAAAJ,US,Columbia University New York
Shicheng Shi,"Incyte Corporation, Columbia University in the City of New York, Rutgers-Newark, SIOC",,2536,Organic synthesis,https://scholar.google.com/citations?hl=en&user=DdcB8H8AAAAJ,US,Columbia University New York
Demetra Tsapepas,NewYork-Presbyterian Hospital / Columbia University Irving Medical Center,nyp.org,2413,,https://scholar.google.com/citations?hl=en&user=-rw6lScAAAAJ,US,Columbia University New York
David Pagliaccio,"New York State Psychiatric Institute, Columbia University",nyspi.columbia.edu,2308,MRI | depression | stress | development,https://scholar.google.com/citations?hl=en&user=3cqH7N0AAAAJ,US,Columbia University New York
Jacob L. Mey,"… University of New York, Kingsborough, LDEO Columbia University, American Museum of …",ldeo.columbia.edu,2292,… - Petrology - Environmental Science,https://scholar.google.com/citations?hl=en&user=ACdvEMQAAAAJ,US,Columbia University New York
Julian Santaella-Tenorio (ORCID: 0000-0003-3060-5994),New York University,columbia.edu,2207,Epidemiology | Public Health,https://scholar.google.com/citations?hl=en&user=Me6R8cIAAAAJ,US,Columbia University New York
Keely Cheslack-Postava,Columbia University/New York State Psychiatric Institute,nyspi.columbia.edu,2173,Autism | Prenatal exposures | Environment | Child mental health | Epidemiology,https://scholar.google.com/citations?hl=en&user=MUiGoMwAAAAJ,US,Columbia University New York
Peter S. Cross,"Columbia University, and New York State Psychiatric Institute",nyspi.columbia.edu,2147,dementia | depression | epidemiology,https://scholar.google.com/citations?hl=en&user=S8Tvw-cAAAAJ,US,Columbia University New York
Citartan marimuthu,"senior lecturer at IPPT, visiting researcher at Columbia University, New York",usm.my,2146,Aptamers | Bacterial non-protein coding RNA,https://scholar.google.com/citations?hl=en&user=6KDcDSUAAAAJ,US,Columbia University New York
Patricia Richard,"Toulouse, Columbia University, New York, France",,2107,molecular biology,https://scholar.google.com/citations?hl=en&user=rNxOBDgAAAAJ,US,Columbia University New York
Falak Sher,"Assistant Professor, Columbia University New York",cumc.columbia.edu,2043,,https://scholar.google.com/citations?hl=en&user=MeaItbYAAAAJ,US,Columbia University New York
Hongxue Shi,Columbia University in the City of  New York,cumc.columbia.edu,2015,NAFLD/NASH,https://scholar.google.com/citations?hl=en&user=RLNvdkUAAAAJ,US,Columbia University New York
Jeremy R. Porter,City University of New York (CUNY) and Columbia University's Mailman School of Public …,brooklyn.cuny.edu,1931,spatial analysis | location | environmental change | economic sociology | quantitative methods,https://scholar.google.com/citations?hl=en&user=cko_yyIAAAAJ,US,Columbia University New York
Xiaofu He,"Assistant Professor, Columbia University / New York State Psychiatry Institute",columbia.edu,1661,Brain imaging | DTI/fMRI | Image processing and Pattern Recognition | Biometrics | Computer vision and Computational …,https://scholar.google.com/citations?hl=en&user=QJnxJFIAAAAJ,US,Columbia University New York
Sharon Fleischer,Postdoctoral Research Scientist at Columbia University in the City of New York,columbia.edu,1659,Tissue engineering | Organs-on-a-chip | Disease modeling | Stem Cells,https://scholar.google.com/citations?hl=en&user=X6vX44sAAAAJ,US,Columbia University New York
Hannah Carliner,Columbia University | New York State Psychiatric Institute,mail.harvard.edu,1612,Social and Psychiatric Epidemiology,https://scholar.google.com/citations?hl=en&user=5IbExlMAAAAJ,US,Columbia University New York
Jingyi Guo,Columbia University in the City of New York,columbia.edu,1589,Computer Science | Biomedical Engineering,https://scholar.google.com/citations?hl=en&user=n_DOZYAAAAAJ,US,Columbia University New York
Bhupendra Singh,"University of Alabama at Birmingham, Columbia University, New York; Uni of Missouri …",uab.edu,1567,breast cancer | oxidative stress | mitochondria,https://scholar.google.com/citations?hl=en&user=LPbBL24AAAAJ,US,Columbia University New York
Kavel Visrodia,"Advanced Endoscopy Fellow, Columbia University-New York Presbyterian Hospital",cumc.columbia.edu,1530,Advanced Endoscopy,https://scholar.google.com/citations?hl=en&user=sh77uQgAAAAJ,US,Columbia University New York
david kalfa,"Children's hospital of New York - Presbyterian, Columbia University",cumc.columbia.edu,1444,Pediatric and Congenital Cardiac Surgery | Tissue Engineering,https://scholar.google.com/citations?hl=en&user=tW8gQaIAAAAJ,US,Columbia University New York
"Sanjum S. Sethi MD, MPH",Columbia University Irving Medical Center/New York Presbyterian Hospital,cumc.columbia.edu,1443,Interventional Cardiology | Pulmonary Embolism,https://scholar.google.com/citations?hl=en&user=eEotpBEAAAAJ,US,Columbia University New York
"Robyn Gartrell, MD, MS",NewYork-Presbyterian/Columbia University Irving Medical Center,cumc.columbia.edu,1346,immunooncology | immunotherapy | pediatric oncology,https://scholar.google.com/citations?hl=en&user=frM5DEkAAAAJ,US,Columbia University New York
Michael L Miller,NewYork-Presbyterian/Columbia University Medical Center,cumc.columbia.edu,1297,Neuropathology | Neuroscience | Neuromuscular Disease | Neuroimmunology,https://scholar.google.com/citations?hl=en&user=7EVp2IkAAAAJ,US,Columbia University New York
"Andrea Norcini Pala, PhD Clinical Psychology","HIV center, New York Psychiatric Institute (NYSPI)/Columbia University, NY",nyspi.columbia.edu,1242,HIV/AIDS | Health Psychology | Psychoneuroimmunology | Psychometrics,https://scholar.google.com/citations?hl=en&user=M8L-OcAAAAAJ,US,Columbia University New York
Maurice Preter,Columbia University/New York Presbyterian Hospital,columbia.edu,1207,,https://scholar.google.com/citations?hl=en&user=3hnK4GYAAAAJ,US,Columbia University New York
Valeria Fascianelli,"Postdoctoral Research Scientist, Columbia University, New York",columbia.edu,1193,Theoretical neuroscience | neurophysiology | physics | data analysis,https://scholar.google.com/citations?hl=en&user=z_weYNIAAAAJ,US,Columbia University New York
Arunabh Batra (Arun),"PhD in Applied Physics, Columbia University, NYC",columbia.edu,1188,single molecule physics | nanotechnology | single molecule devices | resonant photoemission | photovoltaics,https://scholar.google.com/citations?hl=en&user=zLQNE2QAAAAJ,US,Columbia University New York
"Jeanette Sawyer Cohen, Ph.D.",Columbia University; NYPH/Weill Cornell; NY Medical College,barnard.edu,1140,mindful parenting | perinatal | child development | autism | trauma,https://scholar.google.com/citations?hl=en&user=88AFkEcAAAAJ,US,Columbia University New York
Alexei Chekhlov,"Adjunct Professor, Columbia University; Physics R&D, Dassault Systemes",nyc.rr.com,1139,Fluid Mechanics | Kinetic Theory of Gases | Turbulence | Applied Mathematics | Quantitative Finance,https://scholar.google.com/citations?hl=en&user=_NG6UP4AAAAJ,US,Columbia University New York
"Dhiraj Kumar, PhD","Columbia University Irving Medical Center, New York, USA",cumc.columbia.edu,1124,Cancer Biology Metastasis lncRNAs Immuno …,https://scholar.google.com/citations?hl=en&user=D_hcE44AAAAJ,US,Columbia University New York
"Md Ariful Islam Sarker, Ph.D.","Columbia University, New York",cumc.columbia.edu,1110,Tissue engineering | Biomedical engineering | 3D Bioplotting | Hydrogel scaffold | Additive manufacturing,https://scholar.google.com/citations?hl=en&user=ZYJ3e48AAAAJ,US,Columbia University New York
Stephen Warshafsky,"New York Medical College, Columbia University",doctorsw.com,1053,hyperlipidemia | lyme disease | meta-analysis,https://scholar.google.com/citations?hl=en&user=2JU7sooAAAAJ,US,Columbia University New York
Silvia Alvarez,"Columbia University, New York",cumc.columbia.edu,1041,Molecular Oncology,https://scholar.google.com/citations?hl=en&user=UZ6mJG8AAAAJ,US,Columbia University New York
Jyoti Hosagrahar,"Director, SUI, GSAPP, Columbia University, New York; UNESCO Chair, Srishti School of Art …",columbia.edu,977,Heritage Management | Sustainability | Culture and Development | Urban Design,https://scholar.google.com/citations?hl=en&user=4WaysCwAAAAJ,US,Columbia University New York
Peter J. Kennel,Columbia University Medical Center - New York Presbyterian Hospital,nyp.org,971,Cardiovascular Research - Heart Failure,https://scholar.google.com/citations?hl=en&user=P4ffH1kAAAAJ,US,Columbia University New York
Matthew L. Goldman,"Columbia University, New York State Psychiatric Institute",cumc.columbia.edu,953,Psychiatry,https://scholar.google.com/citations?hl=en&user=ywdUxD0AAAAJ,US,Columbia University New York
Jian Zhang,"Associate Research Scientist, Columbia University, New York, USA",columbia.edu,920,Spliceosome | Western blot | Alternative mRNA splicing,https://scholar.google.com/citations?hl=en&user=nNfg0KEAAAAJ,US,Columbia University New York
Sally Burn,"Columbia University Medical Center, New York",columbia.edu,909,Kidney development | developmental biology,https://scholar.google.com/citations?hl=en&user=5Yuq_J4AAAAJ,US,Columbia University New York
Lior Abramson,Columbia University in the City of New York,mail.huji.ac.il,885,Developmental neuroscience | Emotional development | Exploration | Learning | Empathy,https://scholar.google.com/citations?hl=en&user=P2wIV6kAAAAJ,US,Columbia University New York
Nadia Nguyen,HIV Center for Clinical and Behavioral Studies at Columbia University and New York State …,nyspi.columbia.edu,851,HIV | adherence | mental health,https://scholar.google.com/citations?hl=en&user=IOKUdHQAAAAJ,US,Columbia University New York
Alexander S. Kane,"PGY-4 Psychiatry Resident, Columbia University-New York Presbyterian",,815,,https://scholar.google.com/citations?hl=en&user=09zym58AAAAJ,US,Columbia University New York
Alessandro Buzzatti,"Columbia University in the City of New York, Lawrence Berkeley National Laboratory",phys.columbia.edu,800,,https://scholar.google.com/citations?hl=en&user=NF3dhwEAAAAJ,US,Columbia University New York
"Jason Adelman, MD, MS",Columbia University Medical Center/NewYork-Presbyterian Hospital,columbia.edu,782,Patient Safety | Quality Improvement,https://scholar.google.com/citations?hl=en&user=AWDc7XwAAAAJ,US,Columbia University New York
Alexandra Suppes,"Visiting Scholar, New York University, Abu Dhabi",columbia.edu,764,Social Psychology | Political Psychology | Medical Ethics,https://scholar.google.com/citations?hl=en&user=nCeBRuUAAAAJ,US,Columbia University New York
Ludwing Florez-Salamanca,"… of Psychiatry, College of Physicians and Surgeons, Columbia University, New York, NY …",cumc.columbia.edu,764,psiquiatria | psiquiatria publica | psiquiatria comunitaria,https://scholar.google.com/citations?hl=en&user=4WIxn6YAAAAJ,US,Columbia University New York
"Alfredo Spagna, Ph. D.","Columbia University, Psychology Dept., NY, USA -- Brain and Spine Institute, Paris, France",columbia.edu,759,Attention | Conscious Visual Perception | Mental Imagery | MEG MRI Mobile EEG,https://scholar.google.com/citations?hl=en&user=yHK_TKEAAAAJ,US,Columbia University New York
Benjamin S. Mantell,"Morgan Stanley Children's Hospital, Columbia University Medical Center of New York …",cumc.columbia.edu,754,Pediatric Cardiology,https://scholar.google.com/citations?hl=en&user=KL7USzAAAAAJ,US,Columbia University New York
Anna O. Basile,New York Genome Center; Columbia University Medical Center,nygenome.org,738,Human genetics | clinical informatics | complex traits | computational biology,https://scholar.google.com/citations?hl=en&user=eyc-uAoAAAAJ,US,Columbia University New York
José Freire Antunes,"Former Visiting Scholar, Columbia University, New York, Master International",,715,History,https://scholar.google.com/citations?hl=en&user=OxdEMTQAAAAJ,US,Columbia University New York
"J. Manuel Sarmiento, MD","Columbia University, Morgan Stanley Children's Hospital of New York, Pediatric Orthopedic …",cumc.columbia.edu,710,Neurosurgery | Spine Surgery | Pediatric Spine Surgery,https://scholar.google.com/citations?hl=en&user=uGxSinEAAAAJ,US,Columbia University New York
Jeremy D Kidd,"Department of Psychiatry, Columbia University/New York State Psychiatric Institute",nyspi.columbia.edu,708,Psychiatry | Addiction Psychiatry,https://scholar.google.com/citations?hl=en&user=nk9up7cAAAAJ,US,Columbia University New York
Jiyong Wang,Columbia University in the City of New York,columbia.edu,706,Epigenetics,https://scholar.google.com/citations?hl=en&user=1X61NyGuYaYC,US,Columbia University New York
Shruti Rastogi,"Columbia University Medical Center, New York",rostlab.org,700,NGS analysis | AI/ML Modelling | Bioinformatics and computational biology,https://scholar.google.com/citations?hl=en&user=xf7IJcUAAAAJ,US,Columbia University New York
William A Falcon,"PhD Student, New York University",columbia.edu,676,Artificial Intelligence. Computational …,https://scholar.google.com/citations?hl=en&user=0ngL-30AAAAJ,US,Columbia University New York
Anlys Olivera,New York University Langone Medical Center,tc.columbia.edu,672,,https://scholar.google.com/citations?hl=en&user=8eodbksAAAAJ,US,Columbia University New York
Xiangyou Liu,"Columbia University Medical Center, New York, NY 10032",sbpdiscovery.org,640,Bionanomaterials | apoferritin | cancer research | nanomedicine,https://scholar.google.com/citations?hl=en&user=087YI1QAAAAJ,US,Columbia University New York
Luca Iemi,Columbia University in the City of New York,cumc.columbia.edu,625,Cognitive Neuroscience,https://scholar.google.com/citations?hl=en&user=oNQ6ZUUAAAAJ,US,Columbia University New York
Matisyahu Shulman,New York State Psychiatric Institute and Columbia University Irving Medical Center,nyspi.columbia.edu,613,addiction | opioid use disorder | motivational interviewing,https://scholar.google.com/citations?hl=en&user=-pR9SRwAAAAJ,US,Columbia University New York
Doron Amsalem,Columbia University and New York State Psychiatric Institute,nyspi.columbia.edu,603,Psychiatry,https://scholar.google.com/citations?hl=en&user=K2DQQjUAAAAJ,US,Columbia University New York
Elena Meirzadeh,Postdoctoral Fellow at Columbia University in the City of New York,columbia.edu,562,Chemistry and Materials Science,https://scholar.google.com/citations?hl=en&user=Yyi-Ua4AAAAJ,US,Columbia University New York
Anna Filley,Columbia University / New York Presbyterian,cumc.columbia.edu,559,,https://scholar.google.com/citations?hl=en&user=gfcj9ikAAAAJ,US,Columbia University New York
Chen Chen,"Biostatistician in Psychiatry at Columbia University, New York State Psychiatric Institute",nyspi.columbia.edu,552,Biostatistics | Psychiatry,https://scholar.google.com/citations?hl=en&user=wQ46PMYAAAAJ,US,Columbia University New York
Chris Fröhlich,"Postdoctoral researcher, Columbia University in the City of New York",cumc.columbia.edu,530,Structural biology | membrane proteins | ion channels | protein engineering,https://scholar.google.com/citations?hl=en&user=7aDjISUAAAAJ,US,Columbia University New York
Beth G. Ashinsky,Columbia University Medical Center/New York-Presbyterian Hospital,cumc.columbia.edu,514,,https://scholar.google.com/citations?hl=en&user=yF3bjyoAAAAJ,US,Columbia University New York
David Fogarty,"Columbia University, University of Liverpool, New York University",online.liverpool.ac.uk,505,Business Analytics | Statistics | International Business,https://scholar.google.com/citations?hl=en&user=18bA7U4AAAAJ,US,Columbia University New York
Jounghyun Helen Lee,Columbia University in the city of New York,columbia.edu,497,Microfluidics | 3D tissue engineering | Immune engineering,https://scholar.google.com/citations?hl=en&user=25eGteUAAAAJ,US,Columbia University New York
Brian JA Gill,Department of Neurosurgery - Columbia University Medical Center/New York Presbyterian …,columbia.edu,472,Neuro-Oncology | Cancer Neuroscience | Cancer Biology | Glioma,https://scholar.google.com/citations?hl=en&user=X0IBRdkAAAAJ,US,Columbia University New York
"Bahar Otcu-Grillman, Professor","Mercy College, NY; Columbia University, Teachers College; METU",mercy.edu,462,Bilingual education | TESOL or ELT | applied linguistics | linguistic anthropology | translanguaging,https://scholar.google.com/citations?hl=en&user=jxnnQkUAAAAJ,US,Columbia University New York
Lukas Kunz,"PostDoc, Columbia University in the City of New York",columbia.edu,461,Neuroscience | Spatial Navigation | Episodic Memory,https://scholar.google.com/citations?hl=en&user=2zf30E0AAAAJ,US,Columbia University New York
"Subrata Chowdhury, Ph.D","Columbia University Medical Centre, New York, USA",cumc.columbia.edu,458,Cancer Biology | Physiology | Cell and Molecular Biology | Endocrinology | Diabetes,https://scholar.google.com/citations?hl=en&user=57_j2A4AAAAJ,US,Columbia University New York
Alexander Chern,"… —Head & Neck Surgery Resident; NewYork-Presbyterian Hospital, Columbia University",nyp.org,457,Otolaryngology | Otology | Neurotology | Hearing | Music Perception and Cognition,https://scholar.google.com/citations?hl=en&user=ZK4vIm0AAAAJ,US,Columbia University New York
"Sanaz Nosrat, PhD, CSCS","City University of New York, Lehman College",tc.columbia.edu,453,,https://scholar.google.com/citations?hl=en&user=2Z8zTRMAAAAJ,US,Columbia University New York
Marilyn Cyr,"New York State Psychiatric Institute, Columbia University Medical Center",nyspi.columbia.edu,452,Neuroscience | Psychiatry | Neuroimaging | Development | Compulsivity,https://scholar.google.com/citations?hl=en&user=nxVFW5EAAAAJ,US,Columbia University New York
Eli.Y.Wilner,"Postdoctoral fellow, department of physics, Columbia University, New-York",phys.columbia.edu,450,Non-equilibrium many particle quantum … | Non-Markovian quantum statistical mechanics,https://scholar.google.com/citations?hl=en&user=h-vgeRQAAAAJ,US,Columbia University New York
Yingzhi Qian,New York University,caa.columbia.edu,437,Biostatistics,https://scholar.google.com/citations?hl=en&user=WP6kDkoAAAAJ,US,Columbia University New York
"Elnaz Naderi, PhD","Post-doc at Columbia University, New York",cumc.columbia.edu,430,Human genetics & Bioinformatics,https://scholar.google.com/citations?hl=en&user=XIkSqkcAAAAJ,US,Columbia University New York
Michael Fremed,"Columbia University Irving Medical Center, NewYork-Presbyterian Morgan Stanley …",cumc.columbia.edu,420,Pediatric Cardiology,https://scholar.google.com/citations?hl=en&user=V0U5V1EAAAAJ,US,Columbia University New York
"Margaret Paschen-Wolff, DrPH",The New York State Psychiatric Institute at Columbia University Irving Medical Center,nyspi.columbia.edu,413,LGBTQ health | substance use | HIV,https://scholar.google.com/citations?hl=en&user=DhxInHYAAAAJ,US,Columbia University New York
Asya Izraelit Wallach,Columbia University; New York University,med.nyu.edu,403,neurology | multiple sclerosis | autoimmune disease | developmental psychobiology,https://scholar.google.com/citations?hl=en&user=jw-a894AAAAJ,US,Columbia University New York
Mustafa Yalcinkaya,"Columbia University Medical Center, New York, United States",cumc.columbia.edu,397,Lipoproteins | diabetes | atherosclerosis,https://scholar.google.com/citations?hl=en&user=S5NGsbwAAAAJ,US,Columbia University New York
Nancy Kerner,Columbia University College of Physicians and Surgeons; New York State Psychiatric …,columbia.edu,393,Neuropsychiatric disorders | Geriatric Psychopharmacology | Sleep Apnea | ECT | Vascular Mild Cognitive Impairment and …,https://scholar.google.com/citations?hl=en&user=4lqWHoYAAAAJ,US,Columbia University New York
Denizhan Ozdemir,Columbia University Irving Medical Center/NewYork-Presbyterian Hospital,cumc.columbia.edu,389,,https://scholar.google.com/citations?hl=en&user=8bZ59AQAAAAJ,US,Columbia University New York
Conor R. Walker,New York Genome Center & Columbia University,nygenome.org,370,bioinformatics | genomics,https://scholar.google.com/citations?hl=en&user=2FEK6cEAAAAJ,US,Columbia University New York
Minna Saslaw,"Columbia University Irving Medical Center, NY",cumc.columbia.edu,365,Communication in Healthcare | Patient Experience | QI,https://scholar.google.com/citations?hl=en&user=mCPZvkcAAAAJ,US,Columbia University New York
Shashi Shekhar Kumar,"Columbia University Irving Medical Center, New York",cumc.columbia.edu,363,Neurological Genetic Disorders,https://scholar.google.com/citations?hl=en&user=IgDEelMAAAAJ,US,Columbia University New York
Steven Halepas,"… , New York Presbyterian Hospital/Columbia University Medical Center, New York, NY",cumc.columbia.edu,351,Oral and Maxillofacial Surgery,https://scholar.google.com/citations?hl=en&user=aMuguyIAAAAJ,US,Columbia University New York
Rebecca Ravenelle,"Columbia University, New York State Psychiatric Institute",nyspi.columbia.edu,343,,https://scholar.google.com/citations?hl=en&user=kx0d4kEAAAAJ,US,Columbia University New York
John ES Lawrence,"Columbia University, New York",columbia.edu,332,comparative human development,https://scholar.google.com/citations?hl=en&user=6tz8OAQAAAAJ,US,Columbia University New York
Claudia Cea,"PhD Student, Columbia University in the city of New York",columbia.edu,324,Bioelectronics | Organic Electronics,https://scholar.google.com/citations?hl=en&user=_Ve2lSoAAAAJ,US,Columbia University New York
Amelia Bucek,"Research Project Director, Columbia University, New York State Psychiatric Institute",nyspi.columbia.edu,319,,https://scholar.google.com/citations?hl=en&user=trUphV0AAAAJ,US,Columbia University New York
Sunil Kumar Narwal,"Columbia University, NewYork",cumc.columbia.edu,318,,https://scholar.google.com/citations?hl=en&user=kouFFUgAAAAJ,US,Columbia University New York
Jorge Alvarenga,"New York State Psychiatric Institute, Teachers College at Columbia University",tc.columbia.edu,307,Depression | Neuroscience | Suicidality | Therapeutic Interventions,https://scholar.google.com/citations?hl=en&user=EB2KF30AAAAJ,US,Columbia University New York
Christin Stoecklin-Wasmer,"Instructor in Dental Medicine, Columbia University, NY",cumc.columbia.edu,305,,https://scholar.google.com/citations?hl=en&user=RFzvh18AAAAJ,US,Columbia University New York
mary mccord,New York University Medical Center,columbia.edu,303,Pediatrics,https://scholar.google.com/citations?hl=en&user=yhGmQvAAAAAJ,US,Columbia University New York
Margot Brandt,"Columbia University, New York Genome Center",cumc.columbia.edu,300,,https://scholar.google.com/citations?hl=en&user=LpgIIDwAAAAJ,US,Columbia University New York
Bohar Singh,"International Research institute for Climate and society, Columbia University, New York",gmu.edu,299,Climate Dynamics,https://scholar.google.com/citations?hl=en&user=126iQ70AAAAJ,US,Columbia University New York
Apoorv Jindal,Columbia University in the City of New York,columbia.edu,298,Condensed Matter Physics | Superconductivity | 2D Materials,https://scholar.google.com/citations?hl=en&user=ccLNyYQAAAAJ,US,Columbia University New York
Boyeong Hong,"PhD, New York University & Adjunct Assistant Professor, Columbia University",nyu.edu,298,Urban informatics | civic analytics | urban planning | urban science,https://scholar.google.com/citations?hl=en&user=R8MbnAcAAAAJ,US,Columbia University New York
"Trevor C Griffen, MD, PhD",New York State Psychiatric Institute - Columbia University,nyspi.columbia.edu,271,Developmental Plasticity | Eating Disorders,https://scholar.google.com/citations?hl=en&user=nendw1YAAAAJ,US,Columbia University New York
Nicole Krenitsky,NewYork Presbyterian-Columbia University,cumc.columbia.edu,269,Obstetrics & Gynecology,https://scholar.google.com/citations?hl=en&user=NNTQ-KYAAAAJ,US,Columbia University New York
"Peng Jin, Ph.D.","Verana Health, New York University, Columbia University",nyu.edu,268,Biostatistics | Statistics | Machine Learning | Bioinformatics,https://scholar.google.com/citations?hl=en&user=Msk-3h0AAAAJ,US,Columbia University New York
Christiaan van Dorp,"Columbia University Irving Medical Center, New York, USA",cumc.columbia.edu,267,Immunology | Epidemiology | Mathematics | Statistics | Computer Science,https://scholar.google.com/citations?hl=en&user=OXf8oUIAAAAJ,US,Columbia University New York
Candice Zemnick,"Columbia University/NYPH & JJP VA Medical Center, NY",cumc.columbia.edu,264,Maxillofacial Prosthetics,https://scholar.google.com/citations?hl=en&user=kn8ynKEAAAAJ,US,Columbia University New York
Y. Nina Gao,Columbia University and New York State Psychiatric Institute,nyspi.columbia.edu,262,psychiatric epidemiology | public policy,https://scholar.google.com/citations?hl=en&user=Dk1mv8kAAAAJ,US,Columbia University New York
Tamta Arakhamia,"Graduate, Columbia University in the City of New York",columbia.edu,257,biochemistry | structural biology | cryo-EM | medicine | structure-based drug design,https://scholar.google.com/citations?hl=en&user=7-oIpw8AAAAJ,US,Columbia University New York
sahib zada,Columbia University Medical Center New York USA,cumc.columbia.edu,256,Autophagy | Cancer EMT and metastasis | cancer Metabolism | Tumor microenvironment | Cancer Therapeutics,https://scholar.google.com/citations?hl=en&user=OMzblcAAAAAJ,US,Columbia University New York
Nara Altmann,Columbia University in the City of New York,columbia.edu,248,rheology | pipeline | knowledge management | business strategy,https://scholar.google.com/citations?hl=en&user=3gx1ymkAAAAJ,US,Columbia University New York
Dr. Ron Rubenzer,Former School Pyschologist Columbia University (NYC),,238,Gifted education | left/right brain | Stress Management,https://scholar.google.com/citations?hl=en&user=3oicMvQAAAAJ,US,Columbia University New York
Ashley M. Chastain,Columbia University School of Nursing; City University of New York Graduate School of …,cumc.columbia.edu,231,public health | infection prevention and control | HIV/STI prevention | post-acute care | patient-provider communication,https://scholar.google.com/citations?hl=en&user=l2WJJwYAAAAJ,US,Columbia University New York
Sayan Dey,"Fulbright Nehru Postdoctoral Fellow, Columbia University, New York",columbia.edu,229,Metal Oxide Semiconductors | Chemical sensors | Non invasive diagnostics | Spectroscopy,https://scholar.google.com/citations?hl=en&user=kbX82UAAAAAJ,US,Columbia University New York
Jinseo Park,"Associate Research Scientist, Columbia University in New York",cumc.columbia.edu,226,Structural Biology | Receptor | Protein Function,https://scholar.google.com/citations?hl=en&user=JYkwWTsAAAAJ,US,Columbia University New York
Zhi Hua Ren,"Zuckerman Institute, Columbia University, NY, USA.",columbia.edu,221,MRI Physics | MRI Instrumentation,https://scholar.google.com/citations?hl=en&user=uIOnKooAAAAJ,US,Columbia University New York
"O'Neil, Meghan M.",University of Michigan; Columbia University; State University of New York at Albany,umich.edu,208,Sociology of Law | Poverty | Housing | Race and Ethnicity | Families,https://scholar.google.com/citations?hl=en&user=mD0LrXgAAAAJ,US,Columbia University New York
Festival Godwin Boateng,"The Earth Institute, Columbia University- New York",columbia.edu,207,Foreign powers and Africa | housing | transport | Sustainability,https://scholar.google.com/citations?hl=en&user=ui5w_DoAAAAJ,US,Columbia University New York
Aiying Zhang,Columbia University/ New York State Psychiatry Institute,nyspi.columbia.edu,202,Graphical Models | fMRI | DTI | Imaging genetics | Connectome,https://scholar.google.com/citations?hl=en&user=fqol4M8AAAAJ,US,Columbia University New York
Elizabeth A Bartlett,Postdoctoral Research Scientist; New York State Psychiatric Institute; Columbia University,nyspi.columbia.edu,195,Positron Emission Tomography (PET) | Magnetic Resonance Imaging (MRI) | Psychiatric Disorders,https://scholar.google.com/citations?hl=en&user=05qcg2gAAAAJ,US,Columbia University New York
Carolina Reyes Batista,Columbia University in The City of New York,cumc.columbia.edu,188,Immunology | Transcriptional Regulation | B cells,https://scholar.google.com/citations?hl=en&user=ZTawOF4AAAAJ,US,Columbia University New York
HELENA VILA REYES,"Post-doctoral Research Scientist, Radiology/AI lab, Columbia University - NY Presbyterian …",cumc.columbia.edu,179,urology | oncology | bladder cancer | translational medicine,https://scholar.google.com/citations?hl=en&user=zqccZ6EAAAAJ,US,Columbia University New York
Rossella Labella,"… and Cellular Biophysics, Columbia University Irving Medical Center, New York, NY, United …",cumc.columbia.edu,179,Cancer | Bone | Bone Marrow,https://scholar.google.com/citations?hl=en&user=yXVQvsoAAAAJ,US,Columbia University New York
Denisa Hejlova,"Charles University in Prague, Columbia University in New York",fsv.cuni.cz,176,public relations | strategic communication | marketing communication | reputation | trust management,https://scholar.google.com/citations?hl=en&user=LKBzKoMAAAAJ,US,Columbia University New York
Steffen Haider,NewYork-Presybterian Hospital/Columbia University Medical Center,nyp.org,173,Interventional Radiology | Diagnostic Radiology,https://scholar.google.com/citations?hl=en&user=kUoeiosAAAAJ,US,Columbia University New York
Abhishek Jain,"Columbia University, New York State Psychiatric Institute",nyspi.columbia.edu,170,Forensic Psychiatry | Expert Testimony | Law and Ethics | Psychosomatic Medicine,https://scholar.google.com/citations?hl=en&user=fW3OoJsAAAAJ,US,Columbia University New York
Zhiyuan Fan,Columbia University in the City of New York,columbia.edu,169,Carbon Management | Heavy Industry | Hard-to-Abate Sectors | Energy System Modeling,https://scholar.google.com/citations?hl=en&user=3Sm2KyUAAAAJ,US,Columbia University New York
Tommy Nguyen,"Columbia University in the City of New York; University of California, Los Angeles",columbia.edu,163,,https://scholar.google.com/citations?hl=en&user=k36pe6IAAAAJ,US,Columbia University New York
Selcuk Eren,NYC Comptroller's Office and Columbia University,columbia.edu,163,Economics,https://scholar.google.com/citations?hl=en&user=RGMLAPYAAAAJ,US,Columbia University New York
Caitlin Lloyd,New York State Psychiatric Institute / Columbia University,nyspi.columbia.edu,163,eating disorders | psychiatry | neuroscience | epidemiology,https://scholar.google.com/citations?hl=en&user=EPsrTo0AAAAJ,US,Columbia University New York
Frederick Moxley,Columbia University in the City of New York,Columbia.edu,158,mathematical physics,https://scholar.google.com/citations?hl=en&user=bH0FvSAAAAAJ,US,Columbia University New York
Jiangong Liu,"Department of Earth and Environmental Engineering, Columbia University, New York",columbia.edu,157,Biosphere-atmosphere interactions | Ecosystem ecology,https://scholar.google.com/citations?hl=en&user=AxwiFzkAAAAJ,US,Columbia University New York
Ali Giusto,Columbia University Medical Center/ NY State Psychiatric Institute,nyspi.columbia.edu,156,,https://scholar.google.com/citations?hl=en&user=4UzhspsAAAAJ,US,Columbia University New York
Alireza Bahadori,Lamont-Doherty Earth Observatory of Columbia University in the City of New York,columbia.edu,150,Computational Geodynamics | Tectonics | Geophysics | Crustal Deformation | Lithosphere and Mantle Dynamics,https://scholar.google.com/citations?hl=en&user=A6Zn7WAAAAAJ,US,Columbia University New York
Sohail Ahasan,"Danger Devices Inc. | Columbia University, New York",columbia.edu,145,RF and Mm-wave IC design | Electro-optical Systems,https://scholar.google.com/citations?hl=en&user=FmZz-5YAAAAJ,US,Columbia University New York
Zi Lian,"… Equity & Urban Science Education, Teachers College, Columbia University, New York, NY …",tc.columbia.edu,145,mental health | Asian immigrants | college health,https://scholar.google.com/citations?hl=en&user=v5UE9ooAAAAJ,US,Columbia University New York
Shanti Pal Gangwar,"Columbia University Medical Center, New York",cumc.columbia.edu,142,Structural Biology | X-ray Crystallography | Cryo-EM | Ion Channels,https://scholar.google.com/citations?hl=en&user=Y2d7ttAAAAAJ,US,Columbia University New York
Yanir London,Columbia University in the City of New York,post.bgu.ac.il,127,Silicon Photonics | Optical Communication,https://scholar.google.com/citations?hl=en&user=XnSM6YsAAAAJ,US,Columbia University New York
Qizong Yang,New York State Psychiatric Institute / Columbia University,nyspi.columbia.edu,125,Neuroscience,https://scholar.google.com/citations?hl=en&user=amfjW4EAAAAJ,US,Columbia University New York
Haoyu Wang,"Arizona State University, Columbia University, NewYork-Presbyterian Hospital",caa.columbia.edu,124,Proteomics | Oncology | Animal Health,https://scholar.google.com/citations?hl=en&user=RBAtqKEAAAAJ,US,Columbia University New York
Jerrin Thomas George,Columbia University in the City of New York,cumc.columbia.edu,122,Genetics | Biochemistry | Chemical Biology | Biophysics,https://scholar.google.com/citations?hl=en&user=sJ8ogyEAAAAJ,US,Columbia University New York
Karen Holmberg,New York University,columbia.edu,117,archaeology | volcanism | climate change | natural disaster | environmentalism,https://scholar.google.com/citations?hl=en&user=US8UDfoAAAAJ,US,Columbia University New York
Dejan Gagoski,"Research Scholar, Columbia University in the City of New York",columbia.edu,108,Improving Protein Characterisation | Protein Engineering,https://scholar.google.com/citations?hl=en&user=oSjMUVIAAAAJ,US,Columbia University New York
"Bernadine Waller, PhD, LMHC",Columbia University Irving Medical Center/New York State Psychiactric Institute,nyspi.columbia.edu,108,Intimate Partner Violence | Mental Health | Help Seeking,https://scholar.google.com/citations?hl=en&user=9-0DN9oAAAAJ,US,Columbia University New York
Yuyang Wang,Columbia University in the City of New York,columbia.edu,107,silicon photonics | optical interconnects | computer-aided design | design automation | computer architecture,https://scholar.google.com/citations?hl=en&user=HrJ7_4oAAAAJ,US,Columbia University New York
Kaleb Bogale,New York Presbyterian/Columbia University Medical Center,nyp.org,105,,https://scholar.google.com/citations?hl=en&user=U4OQjlIAAAAJ,US,Columbia University New York
Yoanna Pumpalova,"Vagelos College of Physicians and Surgeons, Columbia University, New York, NY, USA",cumc.columbia.edu,104,Oncology | global oncology | breast cancer | colon cancer | health outcomes,https://scholar.google.com/citations?hl=en&user=S8jDDm4AAAAJ,US,Columbia University New York
Luciano Quinto Lanz,BNDES / Columbia University - NY / PUC-Rio,bndes.gov.br,103,políticas publicas | confiança | garantias | gerência de projetos | finanças,https://scholar.google.com/citations?hl=en&user=xkj7PMMAAAAJ,US,Columbia University New York
Daniel E. Guzman,"Columbia University Medical Center, New York Presbyterian Hospital",cumc.columbia.edu,103,Proteomic Biomarker Detection | Precision Medicine | Hospital Medicine | Chemical Engineering | Diversity Equity and Inclusion,https://scholar.google.com/citations?hl=en&user=rpitCL8AAAAJ,US,Columbia University New York
Asma Akhter,"Department of Surgery, Columbia University Irving Medical Center, NY",cumc.columbia.edu,98,Molecular Biology | Neuroscience | Microbiology,https://scholar.google.com/citations?hl=en&user=6hhY8loAAAAJ,US,Columbia University New York
Anja Kilibarda,Columbia University in the City of New York,columbia.edu,98,,https://scholar.google.com/citations?hl=en&user=GcL0JCAAAAAJ,US,Columbia University New York
Yamima Bashir,NYC Health + Hospitals/Harlem Affiliated with Columbia University,nychhc.org,98,Hematology and Oncology,https://scholar.google.com/citations?hl=en&user=MNAcn28AAAAJ,US,Columbia University New York
Blair Uniacke,Columbia University/New York State Psychiatric Institute,nyspi.columbia.edu,95,Psychiatry | eating disorders | anorexia nervosa,https://scholar.google.com/citations?hl=en&user=buzesBQAAAAJ,US,Columbia University New York
Javad Omidi,"Research Assistant, Columbia University, New York, US",columbia.edu,94,Computation | Optimization | Multiphysics & MHD/EHD | Complex Fluids | MRI & Optical Imaging,https://scholar.google.com/citations?hl=en&user=js_0cNoAAAAJ,US,Columbia University New York
"Gabriela Magda, MD",Columbia University College of Physicians and Surgeons/New York-Presbyterian Hospital,cumc.columbia.edu,91,Pulmonary and Critical Care Medicine | Transplant Pulmonology | Lung Transplantation | Infections in Immunocompromised Hosts | Narra,https://scholar.google.com/citations?hl=en&user=uNE7vg0AAAAJ,US,Columbia University New York
Abhishek Sivaram,Columbia University in the City of New York,columbia.edu,90,,https://scholar.google.com/citations?hl=en&user=0JsiPWcAAAAJ,US,Columbia University New York
Fangda Li,Columbia University in the City of New York,cumc.columbia.edu,90,Cancer Biology,https://scholar.google.com/citations?hl=en&user=SyF65eUAAAAJ,US,Columbia University New York
Simon Vecchioni,"Postdoctoral Assiociate, New York University",columbia.edu,90,nanobiotechnology | molecular electronics | synthetic biology | DNA | evolutionary computing,https://scholar.google.com/citations?hl=en&user=lB8aIXUAAAAJ,US,Columbia University New York
"Pedro Bak-Gordon, MD","Columbia University, New York",columbia.edu,90,mRNA processing | intronic polyadenylation | RNA therapeutics | RNA chemical biology,https://scholar.google.com/citations?hl=en&user=dqHSHtgAAAAJ,US,Columbia University New York
"Nicholas J. Shea, MD, MS",New York-Presbyterian Hospital Columbia University Irving Medical Center,,87,,https://scholar.google.com/citations?hl=en&user=YftXA5EAAAAJ,US,Columbia University New York
Sophie Z. Gu,"Resident, NewYork-Presbyterian Columbia University Irving Medical Center",cumc.columbia.edu,87,,https://scholar.google.com/citations?hl=en&user=pFzCr2gAAAAJ,US,Columbia University New York
Sophie Huiberts,Columbia University in NYC,columbia.edu,86,algorithms | geometry | optimization | smoothed analysis,https://scholar.google.com/citations?hl=en&user=s2ii11EAAAAJ,US,Columbia University New York
Mike Schmidt,"Columbia University, New York State Psychiatric Institute",schmidtgracen.com,83,complexity | brain dynamics | connectomics,https://scholar.google.com/citations?hl=en&user=Z31g-XQAAAAJ,US,Columbia University New York
Gaurav Jain,"Columbia University, New York, NY",cs.columbia.edu,82,Human-Computer Interaction | Computer Vision | Deep Learning | Accessibility,https://scholar.google.com/citations?hl=en&user=piSn5gQAAAAJ,US,Columbia University New York
Ohemaa B. Poku,"Postdoctoral Research Fellow, Columbia University and New York State Psychiatric Institute",cumc.columbia.edu,82,HIV | mental health | stigma | adolescents,https://scholar.google.com/citations?hl=en&user=zSyX09wAAAAJ,US,Columbia University New York
Ning Gu,"ASML US Inc (Previously Columbia University, State University of New York at Stony Brook)",asml.com,78,,https://scholar.google.com/citations?hl=en&user=8guMddYAAAAJ,US,Columbia University New York
D. Seiple,City University of New York,columbia.edu,74,Philosophy of religion | lgbt and feminist studies | pragmatism | biblical criticism | ethics,https://scholar.google.com/citations?hl=en&user=dZPj6AUAAAAJ,US,Columbia University New York
"Daniel A. Bienstock, DMD, MD",New York Presbyterian Hospital/Columbia University Medical Center,cumc.columbia.edu,73,Oral and Maxillofacial Surgery,https://scholar.google.com/citations?hl=en&user=j41j42sAAAAJ,US,Columbia University New York
"Franz Rembart, D.Phil (PhD)",Columbia University in the City of New York,columbia.edu,72,Applied Probability Theory,https://scholar.google.com/citations?hl=en&user=buZNiwEAAAAJ,US,Columbia University New York
Matteo Capasso,"Cà Foscari University of Venice and Columbia University, NY",unive.it,71,IPE | War | Imperialism | Global South | Middle East/North Africa,https://scholar.google.com/citations?hl=en&user=XFd-eJ4AAAAJ,US,Columbia University New York
Thashi Bharadwaj,"Columbia University Medical Center, New York",cumc.columbia.edu,67,Genomics | Rare diseases | Bioinformatics | Transcriptomics,https://scholar.google.com/citations?hl=en&user=QRjFyhwAAAAJ,US,Columbia University New York
Elizabeth A Sacchi,"Research Scientist, New York State Psychiatric Institute & Columbia University",nyspi.columbia.edu,65,cognitive neuroscience | memory | language | MLM,https://scholar.google.com/citations?hl=en&user=01KheTYAAAAJ,US,Columbia University New York
Franziska Landes,"PhD Student, Columbia University in the City of New York",columbia.edu,58,environmental geochemistry | environmental health | soil science | citizen science | environmental education,https://scholar.google.com/citations?hl=en&user=L3Rea2UAAAAJ,US,Columbia University New York
Andre Loose,Columbia University in the City of New York,astro.columbia.edu,57,Atom Trap Trace Analysis | nonlinear dynamics of semiconductor lasers | high temperature superconductivity,https://scholar.google.com/citations?hl=en&user=dnrm50QAAAAJ,US,Columbia University New York
Simarpreet Singh Chawla,"Graduate Student, Columbia University in the City of New York",columbia.edu,57,VLSI | Digital System Design | Computer Architecture | Security | Applied Cryptography,https://scholar.google.com/citations?hl=en&user=knFiM2EAAAAJ,US,Columbia University New York
"Dr. Daniel Khaimov, MD","… , Transitional Year (2005 - 2006); NewYork-Presbyterian Hospital / Columbia University …",,57,Anesthesiology | Pain Management,https://scholar.google.com/citations?hl=en&user=TtOALFwAAAAJ,US,Columbia University New York
Pallavi Gaur,"Columbia University Medical Center, New York, USA",cumc.columbia.edu,54,Bioinformatics | Computational Biology | Neuroscience | Alzheimer's Disease | Next Generation Sequencing Data Analysis,https://scholar.google.com/citations?hl=en&user=0J5tWzcAAAAJ,US,Columbia University New York
Scott Gleason,Columbia and New York universities,caa.columbia.edu,49,history of music theory | philosophy and music | new music,https://scholar.google.com/citations?hl=en&user=oBcW3IcAAAAJ,US,Columbia University New York
Bole Pan,Columbia University in the City of New York,columbia.edu,48,,https://scholar.google.com/citations?hl=en&user=xOmqSboAAAAJ,US,Columbia University New York
Cheng Gong,"SEAS, Columbia University at the city of New York",columbia.edu,47,Optics | Biomedical Imaging | Microscope,https://scholar.google.com/citations?hl=en&user=qKKpuCoAAAAJ,US,Columbia University New York
elazar elhanan,city college New York,Columbia.edu,45,Yiddish literature Hebrew literature critical …,https://scholar.google.com/citations?hl=en&user=kp0fCKMAAAAJ,US,Columbia University New York
PENGFEI JIANG,Columbia University in the City of New York,columbia.edu,45,,https://scholar.google.com/citations?hl=en&user=Iu3LJ_kAAAAJ,US,Columbia University New York
Charles Akong,Columbia University New York,,44,Political economy,https://scholar.google.com/citations?hl=en&user=HmfjtfAAAAAJ,US,Columbia University New York
Sky CH-Wang,"PhD Student, Columbia University in the City of New York",cs.columbia.edu,43,Natural Language Processing | Computational Social Science,https://scholar.google.com/citations?hl=en&user=6lHNfVoAAAAJ,US,Columbia University New York
Soumini Vasan,Columbia University in the city of New York,columbia.edu,43,Genetics | DNA Repair,https://scholar.google.com/citations?hl=en&user=cVmSSFIAAAAJ,US,Columbia University New York
Naomi J. Saunders,"LDEO, Columbia University in the City of New York",ldeo.columbia.edu,41,Geochemistry,https://scholar.google.com/citations?hl=en&user=6tqWBhEAAAAJ,US,Columbia University New York
Sameer Gupta,Columbia University in the City of New York,columbia.edu,40,Artificial Intelligence | Social Network Analysis | Natural Language Processing,https://scholar.google.com/citations?hl=en&user=iTHtaZYAAAAJ,US,Columbia University New York
Karen Choe,"Public Health PhD student, New York University, Columbia University",nyu.edu,39,stigma | mental health | health inequity | chronic pain | disability,https://scholar.google.com/citations?hl=en&user=9ePbTe0AAAAJ,US,Columbia University New York
Simon Felten,"Columbia University, New York",columbia.edu,37,Algebraic Geometry | Deformation Theory | Logarithmic Geometry,https://scholar.google.com/citations?hl=en&user=ugwtkxIAAAAJ,US,Columbia University New York
Stephanie Golob,New York Presbyterian-Columbia University,,36,,https://scholar.google.com/citations?hl=en&user=5xnrUtYAAAAJ,US,Columbia University New York
Binny Naik,"Department of Data Science, Columbia University, New York, 10027, USA",columbia.edu,29,Data Science | Data Mining | Machine Learning | Artificial Intelligence | Data Analysis,https://scholar.google.com/citations?hl=en&user=t8x-13YAAAAJ,US,Columbia University New York
Xu Zidu,Columbia University in the City of New York,cumc.columbia.edu,27,Medical informatics,https://scholar.google.com/citations?hl=en&user=aHrqWiEAAAAJ,US,Columbia University New York
Arijit Chakraborty,"… , Department of Chemical Engineering, Columbia University in the City of New York",columbia.edu,26,Hybrid AI | Model Discovery | Chemical Optimization | Process Systems Engineering,https://scholar.google.com/citations?hl=en&user=aUhkkFkAAAAJ,US,Columbia University New York
Ahmed Alif,Research Associate at New York University,columbia.edu,26,Applied Psychology,https://scholar.google.com/citations?hl=en&user=KLMRMmoAAAAJ,US,Columbia University New York
Alyssa S. Manz,Columbia University in the City of New York,columbia.edu,25,Soft Matter,https://scholar.google.com/citations?hl=en&user=0FHv4LgAAAAJ,US,Columbia University New York
Cheng-Tien Hsieh,Columbia University in the City of New York,columbia.edu,24,,https://scholar.google.com/citations?hl=en&user=dSdCwLoAAAAJ,US,Columbia University New York
Alan Gen Li,Columbia University in the City of New York,columbia.edu,23,,https://scholar.google.com/citations?hl=en&user=mcLlA7QAAAAJ,US,Columbia University New York
Daniel M. Virga,"Ph.D. Candidate, Columbia University in the City of New York",columbia.edu,22,Cell and Molecular Neurobiology,https://scholar.google.com/citations?hl=en&user=AIhFFgYAAAAJ,US,Columbia University New York
David E Kantrowitz,Columbia University Medical Center-NewYork Presbyterian,columbia.edu,19,orthopedic surgery,https://scholar.google.com/citations?hl=en&user=nNf6wOIAAAAJ,US,Columbia University New York
Haoyu Jiang,Columbia University in the City of New York,columbia.edu,19,,https://scholar.google.com/citations?hl=en&user=9PYj60MAAAAJ,US,Columbia University New York
Julen Nicole Harris,"… in Adolescent Medicine, New York Presbyterian-Columbia University Irving Medical Center",cumc.columbia.edu,18,,https://scholar.google.com/citations?hl=en&user=4ypOAJMAAAAJ,US,Columbia University New York
Haggag Ali,Columbia University in the City of New York,columbia.edu,17,critical theory,https://scholar.google.com/citations?hl=en&user=ZddPUcYAAAAJ,US,Columbia University New York
Garima Joshi,"Columbia University, New York, USA",,16,Experimental plasma physics | wave studies | solar plasma | arora | magnetic reconnection,https://scholar.google.com/citations?hl=en&user=pg4Y6UkAAAAJ,US,Columbia University New York
Garima Raheja,"PhD Student, Columbia University in the City of New York",columbia.edu,16,air quality | climate | emissions | mitigation | community science,https://scholar.google.com/citations?hl=en&user=nOyVzFIAAAAJ,US,Columbia University New York
Muneer Khan,"Graduate student at Columbia University, The City of New York",columbia.edu,13,Embedded Systems | IoT | Integrated Circuit design | Microelectronics,https://scholar.google.com/citations?hl=en&user=3JiYbkEAAAAJ,US,Columbia University New York
Mahshid Ghasemi,"Ph.D. student, Columbia University in the City of New York",columbia.edu,12,Computer Networks | Wireless Networks | Optimization | Machine Learning | Reinforcement Learning,https://scholar.google.com/citations?hl=en&user=r-Ap_DUAAAAJ,US,Columbia University New York
Claricio Decastro,"Assistant Professor of Anesthesiology/Pain management -ColumbiaUniversity, NY,NY.",,11,Pain Management,https://scholar.google.com/citations?hl=en&user=5ddNIGAAAAAJ,US,Columbia University New York
Sumedh Joshi,"Graduate Student, MS in Mechanical Engineering, Columbia University, New York, USA",columbia.edu,9,Solid Mechanics | Design Optimization | Composite Materials | Finite Element Analysis | IoT,https://scholar.google.com/citations?hl=en&user=vuDKdbIAAAAJ,US,Columbia University New York
Kato La,"Teachers College, Columbia University in the City of New York",tc.columbia.edu,8,Mathematics | Statistics | Physics | Machine Learning,https://scholar.google.com/citations?hl=en&user=GMj3CSsAAAAJ,US,Columbia University New York
Erhan Tamur,"Columbia University, New York",columbia.edu,7,Art history | archaeology | philosophy,https://scholar.google.com/citations?hl=en&user=NMiZbfAAAAAJ,US,Columbia University New York
Yusuf Magiya,New York University Abu Dhabi,columbia.edu,7,,https://scholar.google.com/citations?hl=en&user=6HzK0tsAAAAJ,US,Columbia University New York
Xiaoxiang Zhang,Columbia University in the City of New York,columbia.edu,6,,https://scholar.google.com/citations?hl=en&user=jFJYG24AAAAJ,US,Columbia University New York
Rishabh Narang,"Masters in Computer Science, Columbia University, NY, USA",columbia.edu,6,Machine Learning | Artificial Intelligence | Social Network Analysis | Citation and Collaboration Networks | Data Analytics,https://scholar.google.com/citations?hl=en&user=4IIblNkAAAAJ,US,Columbia University New York
Howard Rechavia-Taylor,Columbia University in the City of New York,columbia.edu,6,Colonialism | Race | Property | International Law | Gender and Sexuality,https://scholar.google.com/citations?hl=en&user=mRzw73IAAAAJ,US,Columbia University New York
Fayel Mustafiz,"… at Yeshiva University; Researcher, Columbia University Medical Center and The New York …",mail.yu.edu,6,clinical psychology | health,https://scholar.google.com/citations?hl=en&user=_mOSQ-EAAAAJ,US,Columbia University New York
Jocelyn Chen,Columbia University in the City of New York,columbia.edu,5,Biomedical Engineering,https://scholar.google.com/citations?hl=en&user=6gEWThgAAAAJ,US,Columbia University New York
Alma Bitran,Columbia University Medical Center/New York State Psychiatric Institute,nyspi.columbia.edu,5,,https://scholar.google.com/citations?hl=en&user=cUPxGigAAAAJ,US,Columbia University New York
Mark Martinov Kirichev,"Student, Columbia University in the City of New York",columbia.edu,4,Machine Learning | Deep Learning | AI | Natural Language Processing | Computational Optimization,https://scholar.google.com/citations?hl=en&user=vNmtPSUAAAAJ,US,Columbia University New York
Candace Agonafir,"Columbia University, City College of New York",citymail.cuny.edu,4,Civil Engineering | Water Resources | Urban Flooding | Urban Hydrology | Climate Change,https://scholar.google.com/citations?hl=en&user=nQTM-1YAAAAJ,US,Columbia University New York
Devraj Chavda,Columbia University Irving medical center New York,cumc.columbia.edu,3,epilepsy child neurology,https://scholar.google.com/citations?hl=en&user=O_d2fRkAAAAJ,US,Columbia University New York
Palash Badjatya,Columbia University in the City of New York,columbia.edu,2,,https://scholar.google.com/citations?hl=en&user=kHGBlXgAAAAJ,US,Columbia University New York
Jacob Cohen,"Post-Bacc Trainee/Data Analyst, Columbia University/New York State Psychiatric Institute",nyspi.columbia.edu,2,,https://scholar.google.com/citations?hl=en&user=dbJ8hp4AAAAJ,US,Columbia University New York
Alexandra Arnold,Columbia University and New York State Psychiatric Institute,nyspi.columbia.edu,2,Clinical Psychology | Juvenile Justice,https://scholar.google.com/citations?hl=en&user=kFoQKjkAAAAJ,US,Columbia University New York
"Liliya Repa, PhD",Columbia University in the city of New York,columbia.edu,1,Central Banking | Monetary policy | Modeling and Forecast | International Trade | Foreign Exchange Risk Management,https://scholar.google.com/citations?hl=en&user=fqAHXFIAAAAJ,US,Columbia University New York
George Nicolas Georgarakis,"Dual PhD candidate at Columbia University, New York & Sciences Po, Paris",columbia.edu,1,Political Psychology | Political Attitudes and Behavior | Public Opinion | Quantitative and Experimental Methods,https://scholar.google.com/citations?hl=en&user=ok5x0HIAAAAJ,US,Columbia University New York
Sharfin Islam,Columbia University in the City of New York,columbia.edu,1,,https://scholar.google.com/citations?hl=en&user=lZFN954AAAAJ,US,Columbia University New York
Jacob Lui,New York Presbyterian - Columbia University,nyp.org,1,gastroenterology | general medicine,https://scholar.google.com/citations?hl=en&user=jl7eBiUAAAAJ,US,Columbia University New York
Aurelian-Dragoș Mohan,Columbia University in the City of New York,columbia.edu,,Militant Democracy | International Organizations | Global Affairs | Voting System | Political Parties,https://scholar.google.com/citations?hl=en&user=59ZHK4gAAAAJ,US,Columbia University New York
Abeer Shaheen,Columbia University in the City of New York,columbia.edu,,,https://scholar.google.com/citations?hl=en&user=Gq-_EH8AAAAJ,US,Columbia University New York
Colin Pitet,City University of New York; Columbia University,gradcenter.cuny.edu,,finance | accounting | political economy | writing and difference | blockchain,https://scholar.google.com/citations?hl=en&user=E1yiPF8AAAAJ,US,Columbia University New York
Lauren Simon,"New York University, BA, Columbia University, MSW",nyu.edu,,Social cognition | implicit bias | personality disorders | relationship dynamics | trauma,https://scholar.google.com/citations?hl=en&user=p1DLFfAAAAAJ,US,Columbia University New York
James Allen,"Syracuse, NY; Columbia University",tc.columbia.edu,,,https://scholar.google.com/citations?hl=en&user=dzkQeVMAAAAJ,US,Columbia University New York
Tarika Nagi,"Assistant Clinical Professor of Psychiatry, Columbia University New York",nychhc.org,,Child & Adolescent Psychiatry | Preventive Medicine | Addiction Psychiatry,https://scholar.google.com/citations?hl=en&user=QjTXjvUAAAAJ,US,Columbia University New York
Haowen Wei,Columbia University in the City of New York & Worcester Polytechnic Institute,columbia.edu,,Human Computer Interaction,https://scholar.google.com/citations?hl=en&user=phrai3MAAAAJ,US,Columbia University New York
Yuwen Yu,City University of New York,columbia.edu,,NLP | Speech Analysis | Machine Learning | Deep Learning,https://scholar.google.com/citations?hl=en&user=Xpzdc_YAAAAJ,US,Columbia University New York
