John W. Scott,University of Florida/IFAS Gulf Coast Research,ufl.edu,75610,tomato breeding | horticulture,https://scholar.google.com/citations?hl=en&user=N-hMHE4AAAAJ
Rosemary Higgins,Florida Gulf Coast University,fgcu.edu,40544,neonatology,https://scholar.google.com/citations?hl=en&user=MGV4IScAAAAJ
William J Mitsch,"Everglades Wetland Research Park, Water School, Florida Gulf Coast University",fgcu.edu,38912,wetland ecology | ecological engineering | ecosystem ecology,https://scholar.google.com/citations?hl=en&user=JxbjgBkAAAAJ
Derek Buzasi,"Whitaker Eminent Scholar, Florida Gulf Coast University",fgcu.edu,9681,Stellar Astrophysics | Astronomical Instrumentation | Exoplanets,https://scholar.google.com/citations?hl=en&user=F6C-UZUAAAAJ
Jacqueline Eastman,Alico Eminent Scholar & Professor of Marketing,fgcu.edu,8230,Status consumption | luxury | sustainability | generational cohorts | consumer behavior.,https://scholar.google.com/citations?hl=en&user=G9HESr8AAAAJ
R. Nathan Pipitone,Florida Gulf Coast University,fgcu.edu,7869,Evolution and Human Behavior,https://scholar.google.com/citations?hl=en&user=Xvqh8BQAAAAJ
Hidetoshi Urakawa,"Professor, Florida Gulf Coast University",fgcu.edu,6720,Ecosystems Ecology | Environmental Microbiology | Nitrogen Cycle,https://scholar.google.com/citations?hl=en&user=agv3DVIAAAAJ
Daniel Lambrecht,Florida Gulf Coast University & University of Pittsburgh,fgcu.edu,6041,Computational and Theoretical Chemistry,https://scholar.google.com/citations?hl=en&user=h0O1xj8AAAAJ
Thomas M. Missimer,"Eminent Scholar, Florida Gulf Coast University",fgcu.edu,5965,hydrogeology | geology | water resources management | artificial recharge,https://scholar.google.com/citations?hl=en&user=WJkDj3gAAAAJ
Rajesh Srivastava,"Professor of Supply Chain Management, Florida Gulf Coast University",fgcu.edu,5188,Not Mentioned,https://scholar.google.com/citations?hl=en&user=gYa93qwAAAAJ
Sharon Isern,"Professor, Florida Gulf Coast University",fgcu.edu,4609,virology,https://scholar.google.com/citations?hl=en&user=s7377ncAAAAJ
Michael Fauerbach,"Professor of Physics and Astronomy, Florida Gulf Coast University",fgcu.edu,4569,physics | astronomy,https://scholar.google.com/citations?hl=en&user=O8HFjBwAAAAJ
Eric B. Dent,Florida Gulf Coast University,fgcu.edu,4079,leadership | complexity science | change | spirituality | ethics,https://scholar.google.com/citations?hl=en&user=QsitvuQAAAAJ
Mathew Sheep,Florida Gulf Coast University,fgcu.edu,3935,identity | creativity | paradox | discourse,https://scholar.google.com/citations?hl=en&user=9C_TCh4AAAAJ
"Mitchell L. Cordova, PhD, ATC","Vice President & Professor, Florida Gulf Coast University",fgcu.edu,3853,Chronic Ankle Instability | Prophylactic Ankle Support | Ankle and Knee Osteoarthritis,https://scholar.google.com/citations?hl=en&user=WyKKRxsAAAAJ
Michael L. Parsons,"Professor of Marine Science, Florida Gulf Coast University",fgcu.edu,3577,biological oceanography | phytoplankton ecology | harmful algal blooms | ciguatera poisoning,https://scholar.google.com/citations?hl=en&user=4GL_fe0AAAAJ
Huzefa Kagdi,Florida Gulf Coast University,fgcu.edu,3359,Software Engineering | Software Maintenance and Evolution | Software Analytics | Mining Software Repositories | Program Comprehensio,https://scholar.google.com/citations?hl=en&user=pjtXU_0AAAAJ
Anurag Agarwal,"Professor, Florida Gulf Coast University, Ft. Myers, FL",fgcu.edu,3223,Heuristics | Metaheuristics | Scheduling | Operations Management | Neural Networks,https://scholar.google.com/citations?hl=en&user=RT63mDMAAAAJ
"Hasan Aydin, Ph.D.","Professor of Multicultural Education, Florida Gulf Coast University",fgcu.edu,3058,Multicultural Education | Multilingualism | Diversity | Global Citizenship Education | Human Rights,https://scholar.google.com/citations?hl=en&user=6wqSLlAAAAAJ
Jayanta Gupta,"Associate Professor, Florida Gulf Coast University, Fort Myers, FL",fgcu.edu,2869,Epidemiology | Molecular Epidemiology | Genetic Epidemiology,https://scholar.google.com/citations?hl=en&user=hdG_TCMAAAAJ
Peter Meso,Florida Gulf Coast University,fgcu.edu,2844,Not Mentioned,https://scholar.google.com/citations?hl=en&user=Ipr6pRUAAAAJ
Mark Rieger,Florida Gulf Coast University,fgcu.edu,2815,Agriculture | Environment | Higher Education,https://scholar.google.com/citations?hl=en&user=Aspo_oEAAAAJ
Glenn C Thompson,"Florida gulf coast university, Univ Oklahoma college of medicine, Baylor college of medicine",Not Mentioned,2710,Not Mentioned,https://scholar.google.com/citations?hl=en&user=LdBABY8AAAAJ
Lyndsay Rhodes,Florida Gulf Coast University,fgcu.edu,2592,Cancer biology | Cell biology,https://scholar.google.com/citations?hl=en&user=C6uybAQAAAAJ
Randall Upchurch,Florida Gulf Coast University,fgcu.edu,2234,business ethics | environmental citizenship | timeshare resorts | consumer behavior | tourism development,https://scholar.google.com/citations?hl=en&user=nxy1d7QAAAAJ
Daniel Paull,Florida Gulf Coast University,fgcu.edu,2178,Organic Chemistry | Catalysis,https://scholar.google.com/citations?hl=en&user=BGHIRIcAAAAJ
Professor Jerry Schoenfeld,Florida Gulf Coast University,fgcu.edu,2160,Not Mentioned,https://scholar.google.com/citations?hl=en&user=QE-lTIcAAAAJ
Patrick Kuck,student,eagle.fgcu.edu,2159,Environment | agriculture | florida coral reefs,https://scholar.google.com/citations?hl=en&user=WT2vmGgAAAAJ
Long D. Nguyen,"Professor, Florida Gulf Coast University",fgcu.edu,2121,Construction engineering | sustainable construction | project management | resilient infrastructure | quantitative methods,https://scholar.google.com/citations?hl=en&user=UPiVteoAAAAJ
Jase Ramsey,Florida Gulf Coast University,fgcu.edu,1959,International Management | Doing Business in Latin America | Flow | Cross-Cultural Management | Cultural Intelligence,https://scholar.google.com/citations?hl=en&user=MCAQnI4AAAAJ
Martin Bourgeois,Florida Gulf Coast University,fgcu.edu,1871,Social Influence | Group Dynamics,https://scholar.google.com/citations?hl=en&user=cLsWWX4AAAAJ
Danvers E. Johnston,"Assistant Professor, Florida Gulf Coast University",fgcu.edu,1809,electronic materials | energy conversion | nanotechnology | electrospray deposition | self assembly,https://scholar.google.com/citations?hl=en&user=yUBjchAAAAAJ
Kerry J. Lee,"Associate Professor of Human Biology, Florida Gulf Coast University",fgcu.edu,1798,Nanoparticle technology,https://scholar.google.com/citations?hl=en&user=nP9cA8YAAAAJ
Marcus T. Allen,Florida Gulf Coast University,fgcu.edu,1585,Not Mentioned,https://scholar.google.com/citations?hl=en&user=1WHQ2lwAAAAJ
Janusz Zalewski,Florida Gulf Coast University,fgcu.edu,1569,Software Engineering | Cyberphysical Systems | Embedded Real-Time Systems | Safety Critical Systems,https://scholar.google.com/citations?hl=en&user=Pda0iMYAAAAJ
Jorge H Torres,"Associate Professor, Florida Gulf Coast University",fgcu.edu,1526,biomedical Instrumentation | chemical sensors | biosignal analysis | biomedical optics,https://scholar.google.com/citations?hl=en&user=OShIO2kAAAAJ
HL Preston,Florida Gulf Coast University,alum.mit.edu,1520,Astronomy | Asteroseismology | Planetary Nebulae,https://scholar.google.com/citations?hl=en&user=mE33NhwAAAAJ
Todd McElroy,Florida Gulf Coast University,fgcu.edu,1491,Decision-making | Physical-activity | Framing | Laterality | Sleep,https://scholar.google.com/citations?hl=en&user=4fBAaLMAAAAJ
Durgesh V. Wagle,Florida Gulf Coast University,fgcu.edu,1415,Chemistry | materials,https://scholar.google.com/citations?hl=en&user=EeOVHaoAAAAJ
Robert Kenny,Florida Gulf Coast University,babcockneighborhoodschool.org,1372,Educational Technology,https://scholar.google.com/citations?hl=en&user=l8ycAcoAAAAJ
Stuart Van Auken,Florida Gulf Coast University,Not Mentioned,1371,Marketing,https://scholar.google.com/citations?hl=en&user=sBfXfD0AAAAJ
Judy Wynekoop,Florida Gulf Coast University,fgcu.edu,1347,Not Mentioned,https://scholar.google.com/citations?hl=en&user=3Fx1-HwAAAAJ
Barry Rosen,"World-class Scholar and Professor, Florida Gulf Coast University",fgcu.edu,1301,Algae and Harmful Algal Bloom,https://scholar.google.com/citations?hl=en&user=Hpw0DfMAAAAJ
Darren G. Rumbold,Florida Gulf Coast University,fgcu.edu,1247,Not Mentioned,https://scholar.google.com/citations?hl=en&user=HEPd_sMAAAAJ
Hulya Julie Yazici,FGCU,fgcu.edu,1242,Not Mentioned,https://scholar.google.com/citations?hl=en&user=TzsT9iUAAAAJ
Gregory McManus,"Associate Professor of Chemistry, Florida Gulf Coast University",fgcu.edu,1205,Crystal Engineering | Metal-Organic Frameworks | Supramolecular Chemistry,https://scholar.google.com/citations?hl=en&user=QZl8O3IAAAAJ
Cecil MacRae,Florida Gulf Coast University,fgcu.edu,1195,Not Mentioned,https://scholar.google.com/citations?hl=en&user=XnA2ptkAAAAJ
Kevin Aho,"Philosophy, Florida Gulf Coast University",fgcu.edu,1180,Existentialism | Phenomenology | Heidegger | Medical Humanities,https://scholar.google.com/citations?hl=en&user=RN5hNQcAAAAJ
Kevin Aho,Florida Gulf Coast University,fgcu.edu,1180,existentialism | applied phenomenology | philosophy of medicine,https://scholar.google.com/citations?hl=en&user=YowPclMAAAAJ
Gina A. Tran,Florida Gulf Coast University,fgcu.edu,1160,Consumer behavior | technology | digital marketing | social media marketing,https://scholar.google.com/citations?hl=en&user=DCet6xsAAAAJ
Elizabeth M Elliott,Florida Gulf Coast University,fgcu.edu,1135,Early Childhood | Teacher Preparation | Leadership development,https://scholar.google.com/citations?hl=en&user=e7No0B0AAAAJ
Lynn Wilder,College of Education Florida Gulf Coast University,fgcu.edu,1107,Diversity | Special Education | Emotional/behavioral Disorders,https://scholar.google.com/citations?hl=en&user=HkVstR0AAAAJ
"Alejandro Bugarin, Ph.D.",Associate Professor; Florida Gulf Coast University,fgcu.edu,1068,Organic Chemistry & Photochemistry,https://scholar.google.com/citations?hl=en&user=sGbxq08AAAAJ
Andrew M. Durso,Florida Gulf Coast University,fgcu.edu,1018,Herpetology | Ecology | Conservation Biology | Evolutionary Biology | Citizen Science,https://scholar.google.com/citations?hl=en&user=QiOJNl8AAAAJ
Charles Xiaoxue Wang,"Profession of Educcational Technology, Florida Gulf Coast University",fgcu.edu,950,synchronous technologies | virtual reality | Second Life | Adobe Connect | EFL,https://scholar.google.com/citations?hl=en&user=trnfJTAAAAAJ
Arthur Rubens,Professor Emeritus of Management,fgcu.edu,945,Leadership | Culture | Strategy | Knowledge Management | International Business,https://scholar.google.com/citations?hl=en&user=rzuiIukAAAAJ
Robert Gregerson,Florida Gulf Coast University,fgcu.edu,944,Not Mentioned,https://scholar.google.com/citations?hl=en&user=qQijF5YAAAAJ
Russell Sabella,Florida Gulf Coast University,fgcu.edu,939,counseling | internet safety | solution focused counseling,https://scholar.google.com/citations?hl=en&user=fheQ8A4AAAAJ
James W. Horn,Florida Gulf Coast University,fgcu.edu,928,Plant Systematics | Phylogenetics | Botany | Evolution | Plant Anatomy,https://scholar.google.com/citations?hl=en&user=ZeSGoz8AAAAJ
Thant Syn,Florida Gulf Coast University,fgcu.edu,927,Ontological Analysis and Design | Information Systems | Data Analytics,https://scholar.google.com/citations?hl=en&user=XVtYO6AAAAAJ
K Schuller,Florida Gulf Coast University,fgcu.edu,921,developmental psychology | gereontology | thanatology,https://scholar.google.com/citations?hl=en&user=Tclu_bwAAAAJ
Erica Molinario,Florida Gulf Coast University,fgcu.edu,907,Psychology | Motivation,https://scholar.google.com/citations?hl=en&user=rGJdqh0AAAAJ
William B. Sanders,"Department of Biological Sciences, Florida Gulf Coast University",fgcu.edu,867,Botany | Mycology | Phycology | Lichens,https://scholar.google.com/citations?hl=en&user=JYHzsgMAAAAJ
Dena Register,Florida Gulf Coast University,cbmt.org,865,music therapy | human development | advocacy | healthcare,https://scholar.google.com/citations?hl=en&user=Q51PZUAAAAAJ
Felix Jose,"Associate Professor of Marine Science, Florida Gulf Coast University",fgcu.edu,787,Coastal Hydrodynamics | wave and storm surge modeling | coastal erosion | remote sensing aplications,https://scholar.google.com/citations?hl=en&user=mlZ8FvgAAAAJ
Felix Jose,Florida Gulf Coast University,fgcu.edu,766,coastal and estuarine circulation | waves | sediment transport | hurricanes,https://scholar.google.com/citations?hl=en&user=pvMfAJoAAAAJ
Eric Shamus,Florida Gulf Coast University,fgcu.edu,749,Not Mentioned,https://scholar.google.com/citations?hl=en&user=ezo1ktMAAAAJ
Yinghong Sheng,"Professor of Chemistry, Florida Gulf Coast University",fgcu.edu,737,computational chemistry | molecular dynamic | nonlinear optical (NLO) materials | reaction mechanism | molecular structure and inter,https://scholar.google.com/citations?hl=en&user=oFzOgq0AAAAJ
Osman Karatum,Florida Gulf Coast University,fgcu.edu,726,Advanced Materials | Aerogels | Oil Spill | Water Treatment,https://scholar.google.com/citations?hl=en&user=ACXJbzUAAAAJ
Nora Egan,Florida Gulf Coast University,fgcu.edu,695,Biology | stressors | endocrine disruption | immunology | civic engagement sustainable future,https://scholar.google.com/citations?hl=en&user=m48nkG4AAAAJ
Thomas Smythe,Florida Gulf Coast University,fgcu.edu,684,Mutual funds | personal finance | corporate governance,https://scholar.google.com/citations?hl=en&user=ZvMps88AAAAJ
Derek Lura,Florida Gulf Coast University,fgcu.edu,650,Prosthetics | Robotics | Rehabilitation | Engineering Education,https://scholar.google.com/citations?hl=en&user=TTmSpgMAAAAJ
Johane Dikgang,Florida Gulf Coast University,fgcu.edu,633,Environmental and Natural Resource …,https://scholar.google.com/citations?hl=en&user=72JZcTEAAAAJ
Jason Lortie,Florida Gulf Coast University,FGCU.edu,630,Social Entrepreneurship | Early Stage Investments,https://scholar.google.com/citations?hl=en&user=nzqBQacAAAAJ
"Michael  Dwain Collins, Ph.D.","Associate Professor, Lutgert College of Business, Florida Gulf Coast University",fgcu.edu,625,Hospitality management | human resource management | service quality | corporate social responsibility,https://scholar.google.com/citations?hl=en&user=xWa0iOIAAAAJ
Fernando Gonzalez,Florida Gulf Coast University,fgcu.edu,620,discrete-event modeling and simulation | robotics education | real-time control of discrete-event systems,https://scholar.google.com/citations?hl=en&user=RH4k00IAAAAJ
Ashraf Badir,"Associate Professor of Civil Engineering, Florida Gulf Coast University",fgcu.edu,619,structures | stability | buckling | composite materials | engineering education.,https://scholar.google.com/citations?hl=en&user=h1OAnTgAAAAJ
Amro A. Maher,Florida Gulf Coast University,fgcu.edu,614,Services Marketing | Consumer Acculturation | Country of Origin,https://scholar.google.com/citations?hl=en&user=b2a7D88AAAAJ
Lynn Jaffe,"Professor Emeritus, Occupational Therapy, Florida Gulf Coast University",fgcu.edu,571,critical thinking | sensory integration,https://scholar.google.com/citations?hl=en&user=8dUQ0_sAAAAJ
Anna Koufakou,"Associate Professor, Florida Gulf Coast University",fgcu.edu,563,Natural Language Processing | Text Mining | Deep Learning | Outlier Detection,https://scholar.google.com/citations?hl=en&user=qbvfVlcAAAAJ
Kimberly Pause Tucker,Florida Gulf Coast University,fgcu.edu,555,molecular ecology | microbial ecology | conservation biology | science education,https://scholar.google.com/citations?hl=en&user=yhPSfjwAAAAJ
Elia Vazquez Montilla,FGCU,fgcu.edu,555,Teacher Education | Multicultural Education | Culturally and Linguistically Diversity,https://scholar.google.com/citations?hl=en&user=c8Eu02gAAAAJ
Tunde Szecsi,Florida Gulf Coast University,fgcu.edu,539,multicultural education | heritage language maintenance | humane education,https://scholar.google.com/citations?hl=en&user=rgeiwnIAAAAJ
Bruno Rossitto De Marchi,University of Florida - Gulf Coast Research & Education Center,ufl.edu,527,Not Mentioned,https://scholar.google.com/citations?hl=en&user=EhGHpGsAAAAJ
Judy R. Wilkerson,"Professor, Florida Gulf Coast University",fgcu.edu,527,Not Mentioned,https://scholar.google.com/citations?hl=en&user=tFAnOx8AAAAJ
Tanya Benford,Florida Gulf Coast University,fgcu.edu,525,Not Mentioned,https://scholar.google.com/citations?hl=en&user=HD01WLsAAAAJ
Colleen Robb,Florida Gulf Coast University,fgcu.edu,510,Entrepreneurship | Pedagogy | Social Entrepreneurship | Competencies | Gender Bias,https://scholar.google.com/citations?hl=en&user=ddVAoVcAAAAJ
Meagan E Brock Baskin,Florida Gulf Coast University,fgcu.edu,510,OB/HR/Ethics,https://scholar.google.com/citations?hl=en&user=45pET8QAAAAJ
Christine Wright-Isak,Assistant Professor of Marketing Florida Gulf Coast University,fgcu.edu,496,marketing | sociology | miiltary studies,https://scholar.google.com/citations?hl=en&user=dpj5Rw8AAAAJ
Burhan Ozfidan,"Assistant Professor, Florida Gulf Coast University",fgcu.edu,490,Psycholinguistics | Applied Linguistics | ESL | TESOL,https://scholar.google.com/citations?hl=en&user=vz7Z_J0AAAAJ
Lan Jiang,Associate professor of Florida Gulf Coast University,fgcu.edu,487,Not Mentioned,https://scholar.google.com/citations?hl=en&user=BE9AW6cAAAAJ
Russell Hogg,Florida Gulf Coast University,fgcu.edu,464,Not Mentioned,https://scholar.google.com/citations?hl=en&user=jZsm5W4AAAAJ
Joanne Muller,Florida Gulf Coast University,fgcu.edu,464,Paleoclimatology,https://scholar.google.com/citations?hl=en&user=vjdZDsIAAAAJ
Kimberly Sena Moore,"Associate Professor, Bower School of Music, Florida Gulf Coast University",fgcu.edu,462,music therapy | emotion regulation | intervention development,https://scholar.google.com/citations?hl=en&user=mHukj2kAAAAJ
Myra Mendible,Professor,fgcu.edu,445,cultural theory | American studies | ethnicity and race,https://scholar.google.com/citations?hl=en&user=kE6A_ZwAAAAJ
Mushfiq Swaleheen,Florida Gulf Coast University,fgcu.edu,444,Corruption | development | political economy | panel data econometrics,https://scholar.google.com/citations?hl=en&user=W0I3Mc4AAAAJ
Dr. Ahmed Elokda,Professor of Cardiopulmonary Physiology and Rehabilitation,fgcu.edu,443,Cardiopulmonary Physiology and … | Internal Medicine,https://scholar.google.com/citations?hl=en&user=tUSWJLsAAAAJ
Doug Carothers,Florida Gulf Coast University,fgcu.edu,430,Not Mentioned,https://scholar.google.com/citations?hl=en&user=eZbcDYcAAAAJ
Brent Baker,Florida Gulf Coast University,fgcu.edu,427,relationship marketing | Sales | Sales Management | Distribution Channels,https://scholar.google.com/citations?hl=en&user=NsfFwbgAAAAJ
Puspa L. Adhikari,Florida Gulf Coast University,fgcu.edu,416,Chemical oceanography | Environmental Chemistry | Analytical chemistry | Biogeochemistry | Fluxes & fates of persistent organic poll,https://scholar.google.com/citations?hl=en&user=4giEQyYAAAAJ
Catherine Curtis,Florida Gulf Coast University,fgcu.edu,411,hospitality,https://scholar.google.com/citations?hl=en&user=akQT9i4AAAAJ
Kara Lefevre,"Florida Gulf Coast University  |  PhD (Ecology), U Toronto",fgcu.edu,408,Conservation Biology | Ecology | Ornithology | Wildlife Management | Environmental Studies,https://scholar.google.com/citations?hl=en&user=FyJKD1wAAAAJ
Hashem Izadi Moud,"Assistant Professor, Florida Gulf Coast University",fgcu.edu,397,Automation Safety | Construction Robotics | Human Robot Interaction | Artificial Intelligence,https://scholar.google.com/citations?hl=en&user=TtL6vzgAAAAJ
Ara Volkan,Florida Gulf Coast University,fgcu.edu,394,accounting,https://scholar.google.com/citations?hl=en&user=1bkTEYUAAAAJ
Walter Rodriguez,Florida Gulf Coast University,coursewell.com,373,Information Technology | Management | Collaboration | Learning | Design,https://scholar.google.com/citations?hl=en&user=iSken14AAAAJ
Sulekha Coticone,Florida Gulf Coast University,fgcu.edu,372,Forensic Science,https://scholar.google.com/citations?hl=en&user=dDkBOdsAAAAJ
Chris Geiger,Florida Gulf Coast University,fgcu.edu,366,Not Mentioned,https://scholar.google.com/citations?hl=en&user=XJSw0D0AAAAJ
Christopher DiMattina,"Associate Professor, Psychology/Cognitive Neuroscience, Florida Gulf Coast University",fgcu.edu,353,vision science | computational neuroscience | machine learning,https://scholar.google.com/citations?hl=en&user=QjzevXQAAAAJ
Adrian Valencia,"Professor of Accounting, Florida Gulf Coast University",fgcu.edu,349,Auditing | Financial Reporting | Fair Values,https://scholar.google.com/citations?hl=en&user=792LB8EAAAAJ
Christopher Daly,Florida Gulf Coast University,fgcu.edu,332,Coastal Geomorphology | Beach Dynamics | Sediment Transport,https://scholar.google.com/citations?hl=en&user=RrjWQZUAAAAJ
Joseph T. Liu,Florida Gulf Coast University,fgcu.edu,294,Organizational Behavior | Human Resource Management,https://scholar.google.com/citations?hl=en&user=Gif8m6UAAAAJ
D Giambo,Florida Gulf Coast University,fgcu.edu,293,Not Mentioned,https://scholar.google.com/citations?hl=en&user=kcHITTUAAAAJ
Rebecca Totaro,Florida Gulf Coast University,Not Mentioned,277,Not Mentioned,https://scholar.google.com/citations?hl=en&user=P54WJAUAAAAJ
Amir B. Ferreira Neto,"Lutgert College of Business, Florida Gulf Coast University",fgcu.edu,276,Regional Economics | Urban Economics | Cultural Economics,https://scholar.google.com/citations?hl=en&user=ONs_50AAAAAJ
Jennifer LaRocca,Student at Florida Gulf Coast University,eagle.fgcu.edu,261,PGA,https://scholar.google.com/citations?hl=en&user=xVjvLkIAAAAJ
Victor V. Claar,"Associate Professor of Economics, Florida Gulf Coast University",fgcu.edu,260,Envy | Fair Trade | The Legacy of Keynes,https://scholar.google.com/citations?hl=en&user=RuY_Nb4AAAAJ
Ludmilla Wells,"Associate Professor of Marketing, Florida Gulf Coast University",fgcu.edu,259,marketing communications | consumer behavior | global advertising and marketing | cross-cultural communication | and higher education,https://scholar.google.com/citations?hl=en&user=LRn8lLQAAAAJ
Daniel Huerta-Sanchez,Florida Gulf Coast University,fgcu.edu,253,Finance | REITs | Behavioral Finance,https://scholar.google.com/citations?hl=en&user=Gflza7kAAAAJ
Jennifer Manegold,"Mgmt. Chair & Associate Prof., Florida Gulf Coast University",fgcu.edu,253,organizational justice / fairness | ethics | work/family | teams,https://scholar.google.com/citations?hl=en&user=frdq-aAAAAAJ
Amelia Marie Biehl,Florida Gulf Coast University,fgcu.edu,249,Public Economics | Urban Economics | Labor Economics,https://scholar.google.com/citations?hl=en&user=uOK-o1AAAAAJ
Arley Perez,"Medical Device Engineer, University of Miami, Florida Gulf Coast University",umiami.edu,248,Orthopedics,https://scholar.google.com/citations?hl=en&user=EUI3aM0AAAAJ
Starlette Sinclair,"Assistant Professor, Florida Gulf Coast University",fgcu.edu,243,Metacognition | Cognitive Aging | Academic Performance | Impostor Phenomenon,https://scholar.google.com/citations?hl=en&user=DSuIinkAAAAJ
"Dr. Thomas P. Felke, MSW",… Dean/Associate Professor/Executive Director of the Institute on Positive Aging at FGCU,fgcu.edu,234,Food Insecurity | Older Adults | Dementia | Geographic Information Systems,https://scholar.google.com/citations?hl=en&user=3pdcQ-4AAAAJ
Fiona Tolhurst,Florida Gulf Coast University,fgcu.edu,232,medieval Arthurian literature | medieval women writers,https://scholar.google.com/citations?hl=en&user=lqcAO8kAAAAJ
Seneshaw Tsegaye,Florida Gulf Coast University,fgcu.edu,229,Sustainable Water Resources | Climate Adaptation | Integrated Urban Water management | Flood Resilience | GIS for Water Resources,https://scholar.google.com/citations?hl=en&user=mDt3uuEAAAAJ
Megan A. Norcia,Florida Gulf Coast University,fgcu.edu,228,Victorian children's literature | imperial geographies | material culture | castaway tales | compassion studies,https://scholar.google.com/citations?hl=en&user=vn-WATsAAAAJ
Eric Otto,Florida Gulf Coast University,fgcu.edu,225,Environmental Science Fiction,https://scholar.google.com/citations?hl=en&user=IEtBNekAAAAJ
Gregory Boyce,"Associate Professor of Chemistry, Florida Gulf Coast University",fgcu.edu,224,Synthetic Organic Chemistry | Natural Product Isolation | Medicinal Chemistry,https://scholar.google.com/citations?hl=en&user=whyuo4IAAAAJ
Vivek Bhargava,Florida Gulf Coast University,fgcu.edu,221,finance,https://scholar.google.com/citations?hl=en&user=A6_KwhwAAAAJ
"James H MacDonald, Jr.",Florida Gulf Coast University,fgcu.edu,220,Geology | Igneous Petrology | Tectonics,https://scholar.google.com/citations?hl=en&user=oQS6_OQAAAAJ
Niloufar Mobarrez,Not Mentioed,fgcu.edu,216,Not Mentioned,https://scholar.google.com/citations?hl=en&user=CGcPJxEAAAAJ
Sandra Pavelka,Professor,fgcu.edu,210,Restorative justice | juvenile justice | public policy | gender responsive programming | performance evaluation,https://scholar.google.com/citations?hl=en&user=mI_uypgAAAAJ
Heather Walsh-Haney,"Associate Professor, Florida Gulf Coast University",fgcu.edu,206,Forensics | Anthropology | Human Rights,https://scholar.google.com/citations?hl=en&user=shUtgrAAAAAJ
Loureen Downes,"Assistant Professor of Nursing, Florida Gulf Coast University",fgcu.edu,205,Health behaviors | dietary habits | physical activity,https://scholar.google.com/citations?hl=en&user=hWDAgr4AAAAJ
Martha Rosenthal,"Professor of Neuroscience/physiology, FGCU",fgcu.edu,204,drugs | human sexuality | cannabis | neuroscience,https://scholar.google.com/citations?hl=en&user=Rif9D5sAAAAJ
Annemarie Connor,"Assistant Professor, Rehabilitation Sciences, Florida Gulf Coast University",fgcu.edu,204,social participation | mental health | vocational rehabilitation | autism | neurodevelopmental disabilities,https://scholar.google.com/citations?hl=en&user=iwzovNaHRq0C
Erik A. Insko,"Professor of Mathematics, Florida Gulf Coast University",fgcu.edu,198,Mathematics,https://scholar.google.com/citations?hl=en&user=Udt7RsMAAAAJ
Rob Sillevis,Florida Gulf Coast University,fgcu.edu,197,physical therapy | manual therapy,https://scholar.google.com/citations?hl=en&user=8WRWsUoAAAAJ
Rachel Cooke,"Librarian, Florida Gulf Coast University",fgcu.edu,196,information seeking behavior | information literacy,https://scholar.google.com/citations?hl=en&user=p25ptkAAAAAJ
Phil Allman,Associate Professor of Vertebrate Zoology,fgcu.edu,189,Herpetology | Conservation Biology | Sea Turtle Biology,https://scholar.google.com/citations?hl=en&user=dw81DDEAAAAJ
Mike Salmond,"Associate Professor, Digital Media Design, Florida Gulf Coast University",fgcu.edu,187,Design | Interactive Design | Multimedia | Videogame | Art,https://scholar.google.com/citations?hl=en&user=OXbzVRwAAAAJ
Payal Kahar,Associate Professor,fgcu.edu,183,Dental Public Health | Health disparities,https://scholar.google.com/citations?hl=en&user=d9gHrtwAAAAJ
Mari DeWees,Florida Gulf Coast University,fgcu.edu,182,Not Mentioned,https://scholar.google.com/citations?hl=en&user=qnx7dJAAAAAJ
Jaffar Ali,"Associate Professor of Mathematics, Florida Gulf Coast University",fgcu.edu,180,Nonlinear Elliptic PDEs | Elliptic Systems | Applied Analysis,https://scholar.google.com/citations?hl=en&user=SGGlwksAAAAJ
John Woolschlager,Florida Gulf Coast University,fgcu.edu,168,Water quality | sustainablity | modeling,https://scholar.google.com/citations?hl=en&user=KIlit58AAAAJ
Jingshun Zhang 张京顺,"… Professor in Research, Evaluation, and Measurement, Florida Gulf Coast University",fgcu.edu,160,Assessment &Measurement | Program Evaluation | Research Methodology | Online Learning Design,https://scholar.google.com/citations?hl=en&user=zsy9M4MAAAAJ
Vickie Johnston,"Literacy, Florida Gulf Coast University",fgcu.edu,158,literacy | digital literacy | teacher education,https://scholar.google.com/citations?hl=en&user=bI0pxvoAAAAJ
Cindy Farris,"Florida Gulf Coast University, Assistant Professor",fgcu.edu,147,nursing | community | nursing education,https://scholar.google.com/citations?hl=en&user=MTZTuvYAAAAJ
Juan Garcia,FGCU,eagle.fgcu.edu,146,environmental microbiology | metagenomics,https://scholar.google.com/citations?hl=en&user=G8QluLgAAAAJ
Claude Villiers,Florida Gulf Coast University,fgcu.edu,140,Transportation | Civil Engineering | Engineering Education | Materials | STEM Education,https://scholar.google.com/citations?hl=en&user=m5EYLLEAAAAJ
Dan Vo,"Assistant Professor of Entrepreneurship, Florida Gulf Coast University",fgcu.edu,140,entrepreneurship | entrepreneurial finance | venture capital | angel investment | crowdfunding,https://scholar.google.com/citations?hl=en&user=9IamMisAAAAJ
Lakshman Mahadevan,Florida Gulf Coast University,fgcu.edu,137,Not Mentioned,https://scholar.google.com/citations?hl=en&user=d-rHxfMAAAAJ
Emily R Brown,Florida Gulf Coast University,fgcu.edu,132,marine chemical ecology | harmful algae | natural product chemistry,https://scholar.google.com/citations?hl=en&user=cImkg5kAAAAJ
Ingrid A. Buckley,Florida Gulf Coast University,fgcu.edu,132,Software Engineering | Cyber Security | Reliability | Software Quality,https://scholar.google.com/citations?hl=en&user=vkMebDYAAAAJ
Mary I. Abercrombie,"Instructor, Florida Gulf Coast University",fgcu.edu,129,oil | petroleum | spills | fluorescence,https://scholar.google.com/citations?hl=en&user=BtEhBWsAAAAJ
Kalana Malimage,"Assistant Professor of Accounting, Florida Gulf Coast University",fgcu.edu,125,Accounting Information Systems | Information Security | Forensic Accounting | Fraud Examination | Survey Research,https://scholar.google.com/citations?hl=en&user=F1Q3ywcAAAAJ
Steven Brent Jackson,Florida Gulf Coast University,fgcu.edu,118,Environmental Education | Human Dimensions of Natural Resources | Sustainability Education | Conservation,https://scholar.google.com/citations?hl=en&user=79xvR8MAAAAJ
Sarah Fabrizi,"Associate Professor, Florida Gulf Coast University",fgcu.edu,105,Early Childhood | Play and Playgroups | Parent-child interaction | Social-Emotional Development | Participation & Engagement,https://scholar.google.com/citations?hl=en&user=RNfHFAEAAAAJ
Kristopher J Kimbler,Associate Professor of Psychology at Florida Gulf Coast University,fgcu.edu,104,Not Mentioned,https://scholar.google.com/citations?hl=en&user=5uuZvfIAAAAJ
Krishna Regmi,"Assistant Professor of Economics, Florida Gulf Coast University",fgcu.edu,102,Labor economics | Economics of education,https://scholar.google.com/citations?hl=en&user=d9m7wMsAAAAJ
Clarisse Halpern,Florida Gulf Coast University,fgcu.edu,100,Multicultural Education | Immigration and Education | Culturally Responsive Teaching,https://scholar.google.com/citations?hl=en&user=gWrmUkEAAAAJ
Michael Houdyshell,"Associate Professor, Florida Gulf Coast University",fgcu.edu,100,mental health | international education | academic advising | curriculum,https://scholar.google.com/citations?hl=en&user=nBFNbekAAAAJ
Lauren Kathleen Redfern,Florida Gulf Coast University,fgcu.edu,94,Bioremediation | Phytoremediation | Environmental Microbiology,https://scholar.google.com/citations?hl=en&user=ru6sXe8AAAAJ
Gabriela Lelo de Larrea,Florida Gulf Coast University,fgcu.edu,93,Innovation | Entrepreneurship | Customer Experience | Strategic Management | Revenue Management,https://scholar.google.com/citations?hl=en&user=1-tRezMAAAAJ
Burcu Izci,"Early Childhood Education, Florida Gulf Coast University",fgcu.edu,93,early childhood | technology | media | family | fathering,https://scholar.google.com/citations?hl=en&user=4A2XWg0AAAAJ
Mathew Baxter,Florida Gulf Coast University,fgcu.edu,91,Partial Differential Equations,https://scholar.google.com/citations?hl=en&user=L_3xn5oAAAAJ
Elizabeth J. Murray,"Associate Professor School of Nursing, Florida Gulf Coast University",fgcu.edu,87,Nursing | patient rights | safety | quality | nursing ethics,https://scholar.google.com/citations?hl=en&user=LK5N4ugAAAAJ
Harry Maisch IV,Florida Gulf Coast University,fgcu.edu,87,Paleontology | Taphonomy | Stratigraphy,https://scholar.google.com/citations?hl=en&user=wZ4FruIAAAAJ
Rebecca Donlan,"Associate Director for Collection Management, Florida Gulf Coast Univ.",fgcu.edu,86,library management | collection development | acquisitions | cataloging,https://scholar.google.com/citations?hl=en&user=7twhCYgAAAAJ
Cole Crider,"Assistant Professor of Entrepreneurship, Florida Gulf Coast University",fgcu.edu,85,Entrepreneurship,https://scholar.google.com/citations?hl=en&user=yQdKf-oAAAAJ
Michele Garabedian Stork,Associate Professor of Educational Technology/Leadership,fgcu.edu,77,instructional technology | digital learning | UDL | online learning | educational leadership,https://scholar.google.com/citations?hl=en&user=Uwq6nmYAAAAJ
Vanaja Kankarla,Florida Gulf Coast University,fgcu.edu,76,Soils and salinity | soil nutrients and fertility | agronomy | weeds | forage crops,https://scholar.google.com/citations?hl=en&user=9y2ibX4AAAAJ
Ashley Danley-Thomson,Florida Gulf Coast University,fgcu.edu,75,Environmental Engineering | Water and Sanitation in Developing Countries | International Development Policy,https://scholar.google.com/citations?hl=en&user=gdZ9rocAAAAJ
Molly Trendell Nation,Florida Gulf Coast University,fgcu.edu,71,Environmental Education | Sustainability | Climate Change,https://scholar.google.com/citations?hl=en&user=LQliGPcAAAAJ
Diane Kratt,Florida Gulf Coast University,fgcu.edu,69,Teacher Preparation | School mental health | Teacher's mental health | Professional Development Schools | Cultural relevant pedagogi,https://scholar.google.com/citations?hl=en&user=dyLDCTIAAAAJ
Clay Motley,"Professor, English, Florida Gulf Coast University",fgcu.edu,68,blues | popular music | country music | rock n' roll | American studies,https://scholar.google.com/citations?hl=en&user=BeFCAw4AAAAJ
Melodie H. Eichbauer,"Professor of Medieval History, Florida Gulf Coast University",fgcu.edu,67,legal history | church history | intellectual history,https://scholar.google.com/citations?hl=en&user=50PthNgAAAAJ
Nicole Navega,"Instructor of Social Work, Florida Gulf Coast University",fgcu.edu,62,Police Stress and Coping | Secondary Traumatic Stress | Police Trauma | First Responder Trauma,https://scholar.google.com/citations?hl=en&user=NB1d-mYAAAAJ
Shahid Rasool,Florida Gulf Coast University,eagle.fgcu.edu,61,Educational research | Instrument design | Multicultural business education,https://scholar.google.com/citations?hl=en&user=J3-HAeIAAAAJ
Dr. Cijy Elizabeth Sunny,Florida Gulf Coast University,fgcu.edu,58,Engineering Education | STEMM Education Research | Psychometrics | Research Methodologies,https://scholar.google.com/citations?hl=en&user=6WYF2lsAAAAJ
Ellen Donald,Florida Gulf Coast University,fgcu.edu,58,Autism | student learning in the health professions | student/clinician burnout,https://scholar.google.com/citations?hl=en&user=RfrRxioAAAAJ
Christopher Endrinal,Florida Gulf Coast University,fgcu.edu,55,music theory | popular music | form | music theory pedagogy,https://scholar.google.com/citations?hl=en&user=1soii6gAAAAJ
Anna Carlin,"Librarian, Florida Gulf Coast University",fgcu.edu,50,Information Literacy | E-learning,https://scholar.google.com/citations?hl=en&user=-VQMBFUAAAAJ
Carolyn Culbertson,Florida Gulf Coast University,fgcu.edu,50,Continental philosophy | philosophy of language | hermeneutics | hermeneutic phenomenology | feminist theory,https://scholar.google.com/citations?hl=en&user=oftJ27YAAAAJ
Shelby Gilbert,Florida Gulf Coast University,fgcu.edu,47,Public Health | Social Determinants of Health | Health disparities | Health Communication,https://scholar.google.com/citations?hl=en&user=TEpR7Y0AAAAJ
Natalie Harvey,"Graduate Research Assistant, Florida Gulf Coast University",fgcu.edu,46,Water quailty | water treatment | environmental engineering,https://scholar.google.com/citations?hl=en&user=EWS7VmIAAAAJ
Taehoon Park,Florida Gulf Coast University,fgcu.edu,45,Consumer Inference Making | Sustainability | Morality,https://scholar.google.com/citations?hl=en&user=olioes8AAAAJ
Joanna Salapska-Gelleri,Florida Gulf Coast University,fgcu.edu,44,cognition | machine learning | memory | autism | language,https://scholar.google.com/citations?hl=en&user=YnkFS_gAAAAJ
Danielle Zino Rosenthal,Florida Gulf Coast University Library,fgcu.edu,42,Head of Library Technology & User …,https://scholar.google.com/citations?hl=en&user=zmcNuokAAAAJ
Joseph V. Ross,Florida Gulf Coast University,fgcu.edu,41,Judicial politics | American politics,https://scholar.google.com/citations?hl=en&user=hmkXWP8AAAAJ
Brian Bakalar,Florida Gulf Coast University,fgcu.edu,41,Counseling | Mental Health | Education | Post-Secondary Education,https://scholar.google.com/citations?hl=en&user=CW4NWTYAAAAJ
A. Minh Nguyen,"… of Philosophy / Ethnic Studies & Interim Dean of the Honors College, Florida Gulf Coast",fgcu.edu,37,Philosophy of Mind | Theory of Knowledge | Japanese Aesthetics | Buddhist Philosophy | Asian Studies,https://scholar.google.com/citations?hl=en&user=9Nxxt_AAAAAJ
Carla B Huck,Florida Gulf Coast University,fgcu.edu,37,multilingual learner education | teacher professional development | intercultural competence,https://scholar.google.com/citations?hl=en&user=NxMsYFkAAAAJ
Charles Gunnels,"Professor of Biology, Florida Gulf Coast University",fgcu.edu,36,Ecology | SoTL | Animal Behavior,https://scholar.google.com/citations?hl=en&user=3fCJU88AAAAJ
BINGBING JIANG,Florida Gulf Coast University,mail.usf.edu,35,Ecological Engineering,https://scholar.google.com/citations?hl=en&user=SbNmSHIAAAAJ
Melissa May,Florida Gulf Coast University,fgcu.edu,35,Marine invertebrate ecophysiology | molecular biology,https://scholar.google.com/citations?hl=en&user=IKy-Qa8AAAAJ
Craig Capano,Florida Gulf Coast University,fgcu.edu,33,Virtual Design and Construction | Artificial Intellegence | Construction Analytics,https://scholar.google.com/citations?hl=en&user=w5N9usnHhBcC
Maria Barbero,Florida Gulf Coast University,Not Mentioned,33,Not Mentioned,https://scholar.google.com/citations?hl=en&user=D5RusdMAAAAJ
Anh D. Chau,Florida Gulf Coast University,fgcu.edu,33,Not Mentioned,https://scholar.google.com/citations?hl=en&user=glkrA9EAAAAJ
Naomi Watanabe,Florida Gulf Coast University,fgcu.edu,32,Lightning Physics | Ionospheric Wave Propagation,https://scholar.google.com/citations?hl=en&user=zMfUuZYAAAAJ
Christina Anaya,"Assistant Professor, Florida Gulf Coast University",fgcu.edu,30,Parasitology | Ecological parasitology | nematomorpha | biodiversity | Arctic parasitology,https://scholar.google.com/citations?hl=en&user=Rggs_aQAAAAJ
Brenda L. Thomas,Florida Gulf Coast University,fgcu.edu,29,environmental science | sustainability education | student engagement | tranformative learning | co-creation of learning,https://scholar.google.com/citations?hl=en&user=4buVtt0AAAAJ
Taylor Hancock,"Research Assistant, University of South Florida; Florida Gulf Coast University",usf.edu,28,Molecular Ecology | Invasive Species | Herpetology | Disturbance Ecology | Wetlands,https://scholar.google.com/citations?hl=en&user=Du0rPNsAAAAJ
Nicholas Anthony Wright,Florida Gulf Coast University,fgcu.edu,26,Development Economics | Education Economics | Labor Economics | Public Health,https://scholar.google.com/citations?hl=en&user=ss6s39kAAAAJ
Daniel Linares,"Assistant Professor, Florida Gulf Coast University",fgcu.edu,25,Smart Construction | Human-Computer Interaction | Knowledge Management | Productivity | Voice Agents,https://scholar.google.com/citations?hl=en&user=w3-zr5IAAAAJ
Patricia Gingras,"Head of Music Education, Florida Gulf Coast University",fgcu.edu,24,Not Mentioned,https://scholar.google.com/citations?hl=en&user=Pjy--pUAAAAJ
Jan-Martijn Meij,"Assistant Professor of Sociology, Florida Gulf Coast University",fgcu.edu,23,Sociology | Social Inequality | Social Psychology | Environmental Sociology | Popular Culture,https://scholar.google.com/citations?hl=en&user=r_B8xb8AAAAJ
John Straussberger,"Assistant Professor of History, Florida Gulf Coast University",fgcu.edu,23,Guinea | Socialism | Nationalism | Migration,https://scholar.google.com/citations?hl=en&user=n57Tb7gAAAAJ
Sarah F. Price,Florida Gulf Coast University,fgcu.edu,23,Critical Rhetoric | Transgender Communication | Health Rhetoric,https://scholar.google.com/citations?hl=en&user=D1uXk6oAAAAJ
Landon Frim,"Assistant Professor of Philosophy, Florida Gulf Coast University",fgcu.edu,20,Baruch Spinoza | Political Philosophy | Ethics | Metaphysics | History of Philosophy,https://scholar.google.com/citations?hl=en&user=MlEqxa4AAAAJ
Matthew Metcalf,Florida Gulf Coast University,fgcu.edu,20,Herpetology | Ecology | Invasive Species | Conservation | Tropical Ecology,https://scholar.google.com/citations?hl=en&user=ptivN1wAAAAJ
Michael Cilla,"Adjunct Instructor of Psychology, Florida Gulf Coast Univertsity",fgcu.edu,19,Industrial-Organizational Psychology | Organizational Behavior,https://scholar.google.com/citations?hl=en&user=iZiDpRMAAAAJ
Sebastian Weber,Lab-Coordinator Florida Gulf Coast University,fgcu.edu,19,Energy | User Experience | Information Systems | Analytics,https://scholar.google.com/citations?hl=en&user=METCfCsAAAAJ
Nate Turcotte,Florida Gulf Coast University,fgcu.edu,18,Digital Media and Learning | Embodiment | Mobility | Informal Learning,https://scholar.google.com/citations?hl=en&user=iIoX1ogAAAAJ
Anjana  H. Bhatt,"University Librarian (Electronic Resources), Florida Gulf Coast University",fgcu.edu,17,E-resouces | ERMS | Open Access | License Negotiations,https://scholar.google.com/citations?hl=en&user=phisloAX-GsJ
Kimberly Reycraft,"STEM Librarian, Florida Gulf Coast University",fgcu.edu,17,library science | environmental,https://scholar.google.com/citations?hl=en&user=l-ZwtDsAAAAJ
Frances Davey,Not Mentioed,fgcu.edu,17,Not Mentioned,https://scholar.google.com/citations?hl=en&user=gk1O5WUAAAAJ
Rachel Rotz,Florida Gulf Coast University,Not Mentioned,16,Hydrogeology | Inland Freshwater Lens | Water Resources,https://scholar.google.com/citations?hl=en&user=E2eh7x8AAAAJ
James Javaruski,"Graduate Research Assistant, Florida Gulf Coast University",eagle.fgcu.edu,16,Sediment Geochemistry,https://scholar.google.com/citations?hl=en&user=rn-Anf0AAAAJ
Virginia Londahl-Ramsey,Professor Florida Gulf Coast University,fgcu.edu,16,Anesthesia,https://scholar.google.com/citations?hl=en&user=DHRZjyEAAAAJ
Roderick L. Rolle,Professor of Molecular Microbiology,fgcu.edu,15,Microbiology | Molecular Biology | Neurophysiology,https://scholar.google.com/citations?hl=en&user=xBA-Y24AAAAJ
Fenner Colson,Florida Gulf Coast University,fgcu.edu,13,Not Mentioned,https://scholar.google.com/citations?hl=en&user=Dk01DygAAAAJ
Mark Simpson,"Associate Professor, Florida Gulf Coast University",excite.com,13,ESOL | TESOL | EFL | ESL,https://scholar.google.com/citations?hl=en&user=Um7W0BAAAAAJ
Jansen B. Werner,Independent Scholar,fgcu.edu,12,Rhetoric | Public Address | Ralph Ellison | African American Rhetoric | Civil Rights Rhetoric,https://scholar.google.com/citations?hl=en&user=NdG7wzAAAAAJ
Miles Hentrup,Florida Gulf Coast University,fgcu.edu,12,History of Philosophy | German Idealism | Critical Theory | Ancient Skepticism,https://scholar.google.com/citations?hl=en&user=5tARg6gAAAAJ
Jacqueline Salmond,Florida Gulf Coast University,fgcu.edu,12,Sustainability | Tourism | Development,https://scholar.google.com/citations?hl=en&user=ugHEzSQAAAAJ
Dr. Daniel Acheampong,Florida Gulf Coast University / USF,fgcu.edu,11,Accounting Analytics & Regulatory …,https://scholar.google.com/citations?hl=en&user=z8XzhHAAAAAJ
Barbara J. Stites,Barbara J. Stites Consulting,fgcu.edu,10,Librarianship | Training | Human Resource Development | Organizational Development,https://scholar.google.com/citations?hl=en&user=7bZUtcsAAAAJ
Rachel D. Burton,Florida Gulf Coast University,eagle.fgcu.edu,9,Ionic Liquids,https://scholar.google.com/citations?hl=en&user=TWgKxWYAAAAJ
Joanne M Avila,Florida Gulf Coast University,eagle.fgcu.edu,8,Business Management,https://scholar.google.com/citations?hl=en&user=_10IjcMAAAAJ
Nicole A Reistad,Florida Gulf Coast University,eagle.fgcu.edu,8,Ecotoxicology | Marine Biology | Elasmobranchs,https://scholar.google.com/citations?hl=en&user=G72mqLMAAAAJ
Rick,Florida Gulf Coast University,fgcu.edu,8,Not Mentioned,https://scholar.google.com/citations?hl=en&user=FlsQYLgAAAAJ
Melissa Rodriguez-Meehan,Florida Gulf Coas University,fgcu.edu,8,play | student choice | early childhood | project based learning | child development,https://scholar.google.com/citations?hl=en&user=CNt7mq4AAAAJ
Arnab Dutta Roy,Florida Gulf Coast University,fgcu.edu,7,Philosophy | Postcolonial Studies | Gender and Sexuality | Human Rights | Cognitive Approaches to Literature,https://scholar.google.com/citations?hl=en&user=GNXDCD8AAAAJ
Jon Braddy,Florida Gulf Coast University,fgcu.edu,7,Not Mentioned,https://scholar.google.com/citations?hl=en&user=Hc6MC0wAAAAJ
Jean Max Charles,Professor of Climate Change,fgcu.edu,7,Critical race & racism | Climate change | Disaster studies | International development | NGOs & Humanitarian aid,https://scholar.google.com/citations?hl=en&user=lE0Y-94AAAAJ
Regina M. Beard,Florida Gulf Coast University,fgcu.edu,6,librarianship | leadership | mentorship,https://scholar.google.com/citations?hl=en&user=gT7n8-kAAAAJ
Erin Rasnake (Dykes),FGCU and FDEP,dep.state.fl.us,6,Not Mentioned,https://scholar.google.com/citations?hl=en&user=qydNv74AAAAJ
Christopher W. Boyd,Florida Gulf Coast University,fgcu.edu,6,Not Mentioned,https://scholar.google.com/citations?hl=en&user=_ie2ZjQAAAAJ
Larry Southard,Florida Gulf Coast University,Not Mentioned,5,Not Mentioned,https://scholar.google.com/citations?hl=en&user=5UEx-wEAAAAJ
adam guyer,florida gulf coast university,eagle.fgcu.edu,5,occupational therapy | physical therapy,https://scholar.google.com/citations?hl=en&user=GcwKA0gAAAAJ
Edwin Myers,Not Mentioed,fgcu.edu,4,Not Mentioned,https://scholar.google.com/citations?hl=en&user=JB39F24AAAAJ
Morgan Barkhurst,"Research Assistant, Florida Gulf Coast University",fgcu.edu,4,Materials Engineering | In-space Propulsion | Nanotechnology,https://scholar.google.com/citations?hl=en&user=rBElED0AAAAJ
Ryan Young,Florida Gulf Coast University,Not Mentioned,3,Ecology,https://scholar.google.com/citations?hl=en&user=ShPtfDsAAAAJ
Leslie Meskin,Florida Gulf Coast University,fgcu.edu,3,Not Mentioned,https://scholar.google.com/citations?hl=en&user=13zayqgAAAAJ
brigitte belanger,Florida Gulf Coast University,fgcu.edu,3,Veterans in Higher Education,https://scholar.google.com/citations?hl=en&user=F67i46kAAAAJ
Eugene J Hoyt,Florida Gulf Coast University,fgcu.edu,3,information systems | ERP | mobile applications,https://scholar.google.com/citations?hl=en&user=aJ2h264AAAAJ
Bruno Halpern,Florida Gulf Coast University,fgcu.edu,3,Higher Education | Multiculturalism,https://scholar.google.com/citations?hl=en&user=qUbqBYgAAAAJ
Richard Jeter,Not Mentioed,eagle.fgcu.edu,2,Not Mentioned,https://scholar.google.com/citations?hl=en&user=TEtnsEoAAAAJ
Ankit Kumar Singh,"Instructor I, Florida Gulf Coast University",UConn.edu,2,food security | controlled environment | hydroponics,https://scholar.google.com/citations?hl=en&user=IoUje00AAAAJ
Troy Bolivar,Florida Gulf Coast University,fgcu.edu,2,Entrepreneurship,https://scholar.google.com/citations?hl=en&user=9zWz18MAAAAJ
Dr. Anita Rose,Assistant Professor,fgcu.edu,2,Emotional Intelligence | Entrepreneurial Skills | Interpersonal Process,https://scholar.google.com/citations?hl=en&user=PZ8eI7sAAAAJ
M. Brad Rechkemmer,University of South Florida,eagle.fgcu.edu,1,Not Mentioned,https://scholar.google.com/citations?hl=en&user=MlBsSm4AAAAJ
Erica Krueger,Florida Gulf Coast University,fgcu.edu,1,Not Mentioned,https://scholar.google.com/citations?hl=en&user=9YRAKa0AAAAJ
Chrissann Ruehle,"Management Instructor, Florida Gulf Coast University",fgcu.edu,1,Organizational Ethics | Ethics of Artificial Intelligence | International Business,https://scholar.google.com/citations?hl=en&user=IXnf6JkAAAAJ
Christina Dzioba,"Assistant Professor, Doctorate of Nursing Practice Program, Florida Gulf Coast University",fgcu.edu,1,Maternal child health | diabetes | gestational diabetes | disparities | vulnerable populations,https://scholar.google.com/citations?hl=en&user=o6XUqY4AAAAJ
Micki David,Florida Gulf Coast University,fgcu.edu,1,Not Mentioned,https://scholar.google.com/citations?hl=en&user=7f3F7jgAAAAJ
David E Hardy,Student of Biochemistry,eagle.fgcu.edu,1,biochemistry | organic chemistry | computational chemistry,https://scholar.google.com/citations?hl=en&user=vHxwlD4AAAAJ
Chrissann R Ruehle,Florida Gulf Coast University,fgcu.edu,Not Mentioned,organizational ethics | organizational behavior | artificial intelligence,https://scholar.google.com/citations?hl=en&user=HCNxRUIAAAAJ
Carissa Zamora,Florida Gulf Coast University,Not Mentioned,Not Mentioned,Nursing,https://scholar.google.com/citations?hl=en&user=aQsdt7oAAAAJ
Harrison Paxton,"Student, Florida Gulf Coast University",eagle.fgcu.edu,Not Mentioned,Not Mentioned,https://scholar.google.com/citations?hl=en&user=nQgjxHEAAAAJ
Terumi A. Rafferty-Osaki,"Assistant Professor, Florida Gulf Coast University",fgcu.edu,Not Mentioned,History | Asian American History | Gender | Sports,https://scholar.google.com/citations?hl=en&user=29JVDW4AAAAJ
Julie Sharpe,Florida Gulf Coast University,eagle.fgcu.edu,Not Mentioned,Parasitology | Animal Behavior,https://scholar.google.com/citations?hl=en&user=QRreP_QAAAAJ
Michele Byrne,Florida Gulf Coast University,fgcu.edu,Not Mentioned,Family Literacy | Teacher Education | Early Literacy | Culturally Responsive Teaching,https://scholar.google.com/citations?hl=en&user=t5AHgZ4AAAAJ
