Norman Lederman,"Oregon State University, Illinois Institute of Technology",iit.edu,40969,Science Education | Nature of Science,https://scholar.google.com/citations?hl=en&user=RpqxmdsAAAAJ
Steven A. Taylor,"Professor, Marketing, Illinois State University",ilstu.edu,38722,Service marketing and consumer judgment & …,https://scholar.google.com/citations?hl=en&user=m2DrLX8AAAAJ
Rex Force,Professor of Family Medicine Idaho State University,isu.edu,33954,cardiovascular clinical research,https://scholar.google.com/citations?hl=en&user=2rrF4qUAAAAJ
Stephane H Maes,"IFS; ESSEM Research, Alumnus UCLouvain, Alumnus Rutgers U., Alumnus ISU",ifs.com,27985,Physics | Software Architecture/CS/EE | AI/Conversational/Multimodal | Cloud/IT/Internet/Mobile/IoT | Telecoms,https://scholar.google.com/citations?hl=en&user=7slPDGkAAAAJ
"Dong Jung, Dong I. Jung, D Jung, Dongil Jung, Dong il Jung","San Diego State University, Yonsei University",Not Mentioned,24445,business,https://scholar.google.com/citations?hl=en&user=OevFRGkAAAAJ
Susan Sprecher,"Professor of Sociology, Illinois State University",ilstu.edu,23533,Getting-Acquainted Process | Relationships | Social Psychology,https://scholar.google.com/citations?hl=en&user=jqVzag8AAAAJ
Roger C Anderson,"professor of plant ecology, Illinois State University",ilstu.edu,20347,… mycorrhizae deer prairies fire savanna garlic …,https://scholar.google.com/citations?hl=en&user=yeRhXUYAAAAJ
Dennis M. Patten,"Professor of Accounting, Illinois State University",ilstu.edu,18968,Social and Environmental Accounting | Accounting | Corporate Social Responsibility,https://scholar.google.com/citations?hl=en&user=9YnZvYkAAAAJ
Qilin Li,"University of Illinois at Urbana-Champaign, Yale University, Oregon State University, Rice",rice.edu,16795,environmental engineering,https://scholar.google.com/citations?hl=en&user=XyTFV0kAAAAJ
R.Terry Bowyer,"Institute of Arctic Biology, University of Alaska Fairbanks",isu.edu,15196,Behavior and Ecology of Large Mammals | Sexual Segregation | Birth-Site Selection | Scale | Population Ecology,https://scholar.google.com/citations?hl=en&user=3Un2gFEAAAAJ
Tony Forest,Idaho State University,isu.edu,12764,Nuclear Physics,https://scholar.google.com/citations?hl=en&user=803VRIUAAAAJ
Bruce Finney,"professor, Idaho state university",isu.edu,12347,paleoclimate | stable isotope,https://scholar.google.com/citations?hl=en&user=xPVhme8AAAAJ
Steven A. Juliano,Illinois State University,ilstu.edu,11612,biological sciences | ecology | entomology,https://scholar.google.com/citations?hl=en&user=PZo7uuIAAAAJ
Paul Vogt,"Prof Emeritus, Illinois State University and State University of NY/Albany",ilstu.edu,11530,research methodology | program evaluation | multi-method research,https://scholar.google.com/citations?hl=en&user=5AqnGwIAAAAJ
John B. Pryor,"Distinguished Professor of Psychology (emeritus), Illinois State University",ilstu.edu,11374,social psychology,https://scholar.google.com/citations?hl=en&user=ex2xisAAAAAJ
Gebo Gebo,"Student, Idaho State University",isu.edu,10871,Accounting | LFO,https://scholar.google.com/citations?hl=en&user=JI2l-rEAAAAJ
Louis Cattafesta,"Illinois Institute of Technology, Florida State University, University of Florida",iit.edu,10386,Fluid Dynamics | Acoustics | Flow Control,https://scholar.google.com/citations?hl=en&user=anVGxcMAAAAJ
IL Buchbinder,"Department of Theoretical Physics, Tomsk State Pedagogical University",tspu.edu.ru,10372,Theoretical Physics | Quantum Field Theory | Higher Spin Field Theory | Supersymmetry | String Theory,https://scholar.google.com/citations?hl=en&user=wYfMrlQAAAAJ
H. Xin,"… , UT AgResearch, The University of Tennessee; Distinguished Professor Emeritus of ISU",utk.edu,10305,Animal environment | air quality | housing systems | precision livestock farming | sustainability,https://scholar.google.com/citations?hl=en&user=LLKm_DkAAAAJ
Ken Moore,ISU,iastate.edu,10192,agronomy | forage | biomass | grasses | legumes,https://scholar.google.com/citations?hl=en&user=MbvBI4IAAAAJ
jei-Fu shaw,Department of Biological Sciences and Technology,isu.edu.tw,9926,Biotechnology,https://scholar.google.com/citations?hl=en&user=M54nOp4AAAAJ
Bernard H. Foing,"Space Scientist & Explorer,  ILEWG director, Prof VUA/Leiden/ISU/ISAE/EPFL, IAF/IAA",esa.int,9893,space | astrochemistry | astrobiology | Moon | Mars,https://scholar.google.com/citations?hl=en&user=_fTVp0kAAAAJ
BJ Wilkinson,"Professor of microbiology, Illinois State University",ilstu.edu,9717,Microbiology | Biochemistry,https://scholar.google.com/citations?hl=en&user=c9P61XYAAAAJ
Beth Hudnall Stamm,Retired,isu.edu,9336,traumatic stress terrorism compassion fatigue …,https://scholar.google.com/citations?hl=en&user=IPUjytIAAAAJ
Sumanta Acharya,"Illinois Institute of Technology-Chicago, Louisiana State University, University of Memphis",iit.edu,9167,Heat Transfer | combustion | aerodynamics | gas turbines,https://scholar.google.com/citations?hl=en&user=W-V5xBIAAAAJ
Glenn D Reeder,"Distinguished Professor Emeritus, Illinois State University",ilstu.edu,9047,Social Psychology,https://scholar.google.com/citations?hl=en&user=4iIqqowAAAAJ
Colden V. Baxter,"Professor of Ecology, Idaho State University",isu.edu,8881,stream ecology | river ecology | food webs | freshwater | social-ecological systems,https://scholar.google.com/citations?hl=en&user=VI8mCeQAAAAJ
Roger Anderson,"Emeritus Professor of Ecology, Illinois State University",ilstu.edu,8715,plant ecology,https://scholar.google.com/citations?hl=en&user=Ai28xAQAAAAJ
Mike Torry,Illinois State University,ilstu.edu,8686,Biomechancis | Sports Performance-injury assessment | rehabilitation,https://scholar.google.com/citations?hl=en&user=5mTF52QAAAAJ
Peter Williams,"Professor of Chemistry, Arizona State University, University of Illinois, University of Manitoba",asu.edu,8595,Chemistry,https://scholar.google.com/citations?hl=en&user=hW50BZcAAAAJ
Jeffrey H. Kahn,Illinois State University,ilstu.edu,8492,Self-disclosure | Emotion | Research Training,https://scholar.google.com/citations?hl=en&user=f51ROSsAAAAJ
Daniel Graupe,"University of Illinois,  Chicago, IL, Illinois Institute of Technology, Colorado State University",uic.edu,8451,Neural engineering | neuromodulation | neural networks | adaptive control | signal processing,https://scholar.google.com/citations?hl=en&user=2S9ahUkAAAAJ
Kevin Honglin Zhang,"Department of Economics, Illinois State University",ilstu.edu,8412,Foreign direct investment | International trade | Economic development | Chinese Economy,https://scholar.google.com/citations?hl=en&user=LtDX0AwAAAAJ
Neil D. Christensen,Illinois State University,ilstu.edu,8231,Theoretical Particle Physics,https://scholar.google.com/citations?hl=en&user=kAg_BtkAAAAJ
Rick B Spielman,Idaho State University,isu.edu,7401,Not Mentioned,https://scholar.google.com/citations?hl=en&user=5E2oJ7cAAAAJ
Chih-Huang WENG,I-Shou University,isu.edu.tw,7316,Adsorption | Advanced Oxidation Process | Sludge Dewatering | Electrokinetic Remediation | Photocatalytic Process,https://scholar.google.com/citations?hl=en&user=atDqvyYAAAAJ
Rajeev K Goel,Illinois State University,Not Mentioned,7242,Microeconomics | Corruption | Smoking | Technology | Entrepreneurship,https://scholar.google.com/citations?hl=en&user=UQk3WRQAAAAJ
Robert D. Young,"Professor of Physics Emeritus, Illinois State University",ilstu.edu,7226,Protein Dynamics | Protein Biophysics | Biological Physics,https://scholar.google.com/citations?hl=en&user=fOKXcMwAAAAJ
Kevin Edwards,Illinois State University,ilstu.edu,7142,Biology,https://scholar.google.com/citations?hl=en&user=OJ4YXd4AAAAJ
Yongmei Liu,"Associate Professor of Management, Illinois State University",ilstu.edu,6911,emotion in organizations | organizational politics | interpersonal relationship at work | political skill | emotional intelligence,https://scholar.google.com/citations?hl=en&user=RT-hBBcAAAAJ
Maria Wong,Idaho State University,isu.edu,6768,Developmental psychology | substance use | self-regulation | sleep | longitudinal methodology,https://scholar.google.com/citations?hl=en&user=psDiJUAAAAAJ
Catherine O'Reilly,Illinois State University,ilstu.edu,6545,aquatic ecology | biogeochemistry,https://scholar.google.com/citations?hl=en&user=xJ5MWFkAAAAJ
Francois Becker,Professeur de Physique  Université de Strasbourg,isu.isunet.edu,6320,Teledetection | remote sensing | Nuclear Physics,https://scholar.google.com/citations?hl=en&user=BLDyuNwAAAAJ
Gabe Spalding,"Professor of Physics, Illinois Wesleyan University",iwu.edu,6187,Digital Optics | Optical Trapping | Shaped Beams | Single-Photon Quantum | Advanced Lab Instuction,https://scholar.google.com/citations?hl=en&user=Iv6-DrcAAAAJ
Joshua Swift,"Associate Professor, Psychology Department, Idaho State University",isu.edu,6077,Clinical Psychology | Psychotherapy | Process and Outcome Research,https://scholar.google.com/citations?hl=en&user=nGK_7EgAAAAJ
Scott K. Sakaluk,"Professor of Zoology, Illinois State University",ilstu.edu,5977,Zoology | Evolution | Ecology | Animal Behavior | Behavioral Ecology,https://scholar.google.com/citations?hl=en&user=zT9_ACkAAAAJ
Mark K McBeth,"Professor, Department of Political Science, Idaho State University",isu.edu,5798,Environmental Policy | Public Administration | Rural Policy | Narrative Policy Framework | Scholarship of Teaching and Learning,https://scholar.google.com/citations?hl=en&user=lKRic-kAAAAJ
Brad Sheese,"Professor of Computer Science, Illinois Wesleyan University",iwu.edu,5623,Not Mentioned,https://scholar.google.com/citations?hl=en&user=aSLGJdAAAAAJ
Mark E. Swerdlik,"Professor of Psychology,  Illinois State University",ilstu.edu,5511,School psychoology professional issues | clinical supervsion,https://scholar.google.com/citations?hl=en&user=xffqPmcAAAAJ
Dr. B. Elango,"University Professor, Illinois State University",ilstu.edu,5460,Global Strategy | Internationalization | Entry Mode | International Business | Franchising,https://scholar.google.com/citations?hl=en&user=k0cTmTkAAAAJ
M Mahir Ozmen,"Professor of Surgery, Istinye University, School of Medicine, Department of Surgery, Istanbul",isu.edu.tr,5460,Surgery | Bariatric and Metabolic Surgery | Surgical Oncology | Robotic/Laparoscopic surgery,https://scholar.google.com/citations?hl=en&user=WFEp63EAAAAJ
Prof. Dr. Ertan Yetkin,Türkiye Hastanesi Department of Cardiology Istanbul Turkey,isu.edu.tr,5327,Cardiology,https://scholar.google.com/citations?hl=en&user=bdABbsAAAAAJ
Jeremy Driskell,"Professor, Illinois State University",ilstu.edu,5095,Analytical chemistry,https://scholar.google.com/citations?hl=en&user=dMlnjkgAAAAJ
Paul Link,"Professor of Geology, Idaho State University",isu.edu,5044,Not Mentioned,https://scholar.google.com/citations?hl=en&user=FivVQ-IAAAAJ
Yao-Chun Hsu,E-Da Hospital,isu.edu.tw,5040,Hepatology and Gastroenterology,https://scholar.google.com/citations?hl=en&user=E5G6kusAAAAJ
A Gokhale,Illinois State University,ilstu.edu,5018,Not Mentioned,https://scholar.google.com/citations?hl=en&user=9HhowdMAAAAJ
Nuri Faruk Aykan,İstinye Üniversitesi,isu.edu.tr,5007,Tıbbi Onkoloji,https://scholar.google.com/citations?hl=en&user=jEh6Ct8AAAAJ
James M. Skibo,Illinois State University,ilstu.edu,4933,Ceramics Theory Ethnoarchaeology …,https://scholar.google.com/citations?hl=en&user=NVgulXAAAAAJ
Kevin Laudner,Illinois State University,ilstu.edu,4927,shoulder | rehabilitation | throwing,https://scholar.google.com/citations?hl=en&user=dFUh5G0AAAAJ
Kenneth J. Rodnick,"Professor Emeritus of Physiology, Idaho State University",isu.edu,4909,metabolic biochemistry | comparative physiology | fish physiology | exercise physiology,https://scholar.google.com/citations?hl=en&user=vWKm-YoAAAAJ
Mohan Rao Gowravaram,Indian Institute of science,isu.iisc.ernet.in,4881,plasmas | thin films,https://scholar.google.com/citations?hl=en&user=6RS-EWAAAAAJ
Thushara Perera,"Department of Physics, Illinois Wesleyan University",iwu.edu,4840,Astrophysics | Cosmology | Laboratory Astrophysics,https://scholar.google.com/citations?hl=en&user=nUXK40cAAAAJ
John Dossey,"Distinguished Professor of Mathematics, Illinois State University",ilstu.edu,4839,Assessment | Curriculum in Mathematics,https://scholar.google.com/citations?hl=en&user=Cl9PQjwAAAAJ
Margaret Nauta,Illinois State University,ilstu.edu,4802,psychology | career development,https://scholar.google.com/citations?hl=en&user=CcH4g7EAAAAJ
Cornelis J. Van Der Schyf,"… Prof. of Biomed. & Pharm. Sci., VP for Research & Dean, Grad. School, Idaho State Univ.",isu.edu,4783,Drug discovery | neurodegenerative diseases | aging,https://scholar.google.com/citations?hl=en&user=uAzUCfMAAAAJ
Darin Madson,"Veterinary Pathologist, ISU-VDPAM",iastate.edu,4371,Pathology | ISU-VDPAM,https://scholar.google.com/citations?hl=en&user=jdA9GoAAAAAJ
Christopher P. Fairholme,"Assistant Professor of Psychology, Idaho State University",isu.edu,4340,Not Mentioned,https://scholar.google.com/citations?hl=en&user=WN3RvDMAAAAJ
Ben M. Sadd,Illinois State University,ilstu.edu,4280,Host-parasite interactions | Ecological Immunology | Evolutionary Biology | Pollinator Health,https://scholar.google.com/citations?hl=en&user=oAmLO-oAAAAJ
Thomas S Critchfield,Illinois State University,ilstu.edu,4227,Not Mentioned,https://scholar.google.com/citations?hl=en&user=EhihzkkAAAAJ
Ram Mohan,"Department of Chemistry, Illinois Wesleyan University",iwu.edu,4216,Not Mentioned,https://scholar.google.com/citations?hl=en&user=yWUdMs0AAAAJ
Eric Wesselmann,Illinois State University,ilstu.edu,4146,Ostracism | Social Exclusion | Belonging | Social Influence,https://scholar.google.com/citations?hl=en&user=ehsWwVIAAAAJ
Pol Herrmann,Bob and Kay Smith Professor of Entrepreneurship  Ivy CoB ISU,iastate.edu,4140,Strategic Leadership / Innovation,https://scholar.google.com/citations?hl=en&user=SloMETEAAAAJ
Charles R. Peterson,"Emeritus Professor of Zoology, Department of Biological Sciences, Idaho State University",isu.edu,4130,herpetology | conservation | physiological ecology | nature photography,https://scholar.google.com/citations?hl=en&user=H5jydeEAAAAJ
Charles F. Thompson,"Research Professor of Ecology, Illinois State University",ilstu.edu,4076,Behavioral ecology | Ecoimmunology | Environmental endocrinology | Ornithology | Ecophysiology,https://scholar.google.com/citations?hl=en&user=XiPDpkcAAAAJ
Gary Hunter,"Professor of Marketing, Illinois State University",ilstu.edu,3944,Consumer Behavior | Retailing,https://scholar.google.com/citations?hl=en&user=RYPd49EAAAAJ
Allan S. Felsot,"Washington State University, Illinois Natural History Survey",wsu.edu,3939,pesticides | environmental chemistry | toxicology | agriculture | biotechnology,https://scholar.google.com/citations?hl=en&user=FOEkh3QAAAAJ
"Peter Foreman, MBA Ph.D.","Assoc. Prof. of Management, Illinois State University",ilstu.edu,3897,Organizational identity & reputation | identity construction & change,https://scholar.google.com/citations?hl=en&user=5ics67oAAAAJ
Corinne Zimmerman,"Professor of Psychology, Illinois State University",ilstu.edu,3774,scientific thinking | scientific literacy | cognitive development | reasoning,https://scholar.google.com/citations?hl=en&user=SsJ9diMAAAAJ
Rachel M Bowden,"Professor, Illinois State University",ilstu.edu,3657,Ecological Physiology | Maternal Effects | Sex Determination,https://scholar.google.com/citations?hl=en&user=W637SvMh5QAC
Kathleen A Lohse,"Department of Biological Sciences, Idaho State University",isu.edu,3650,ecosystem ecology | biogeochemistry | soil science | watershed biogeochemistry,https://scholar.google.com/citations?hl=en&user=hmFZaCsAAAAJ
Edgar Lehr,Illinois Wesleyan University,iwu.edu,3630,Not Mentioned,https://scholar.google.com/citations?hl=en&user=-6igQ9wAAAAJ
Joseph Abiodun Balogun,"Chicago State University, Chicago, IL USA",csu.edu,3579,Physical Therapy | Cardiovascular Epidemiology | HIV Behavioral research | Psychometrics,https://scholar.google.com/citations?hl=en&user=k6mYZeAAAAAJ
Hasan Turhan,"Kardiyoloji profesörü, İstinye Üniversitesi Tıp Fakültesi",isu.edu.tr,3574,Girişimsel kardiyoloji | Elektrofizyoloji,https://scholar.google.com/citations?hl=en&user=bMLco88AAAAJ
Ozan Özkaya,İstinye University Liv Hospital,isu.edu.tr,3548,Pediatric nephrology | pediatric  rheumatology,https://scholar.google.com/citations?hl=en&user=pD-sEsoAAAAJ
"Michael C. Meyers, PhD, FACSM","Professor, Idaho State University",isu.edu,3439,Sports Medicine | Human Performance | Sports Injury,https://scholar.google.com/citations?hl=en&user=lta23SwAAAAJ
Eduard Korkotian,"Professor of Neurobiology, The Weizmann Institute and Perm State University",weizmann.ac.il,3377,neurobiology,https://scholar.google.com/citations?hl=en&user=G8fiOF8AAAAJ
Gary A. Olson,"Professor of English, Idaho State University",isu.edu,3374,English | rhetoric | literary criticism | composition | Stanley Fish,https://scholar.google.com/citations?hl=en&user=ZO5JUoEAAAAJ
Yoshie Hanzawa,… State University Northridge or University of Illinois or New York University or John Innes …,Not Mentioned,3367,Not Mentioned,https://scholar.google.com/citations?hl=en&user=MjN0oG8AAAAJ
David Ezra,"ARO The Volcani Center, Montana state university",volcani.agri.gov.il,3315,Endophytes | plant pathogens | mal secco | phoma tracheiphila | alternaria alternata,https://scholar.google.com/citations?hl=en&user=wI7fwMcAAAAJ
Michael D. Maltz,University of Illinois at Chicago (emeritus) and Ohio State University,uic.edu,3315,Not Mentioned,https://scholar.google.com/citations?hl=en&user=jbVfY9IAAAAJ
Kok-Keong (KK) Lew,"University of Illinois, The Pennsylvania State University, Naval Research Laboratory",amat.com,3303,Silicon/Silicon-Germanium Nanowires | Silicon Carbide Thin Film,https://scholar.google.com/citations?hl=en&user=Gy-XlXkAAAAJ
Golub Michael A (Mikhail),"… of optical sciences, Tel Aviv University, Israel /  Samara State Aerospace University",eng.tau.ac.il,3216,Diffractive optics | micro optics | computer generated holograms,https://scholar.google.com/citations?hl=en&user=tZINMSoAAAAJ
Mary A. Nies,Idaho State University,isu.edu,3213,Health Promotion,https://scholar.google.com/citations?hl=en&user=C6OCqosAAAAJ
J. Cooper Cutting,Illinois State University,ilstu.edu,3192,psycholinguistics | cognitive psychology,https://scholar.google.com/citations?hl=en&user=l30OH7UAAAAJ
Julia B. Stoner,Associate Professor Illinois State University,ilstu.edu,3168,AAC | ASD | relationships between parents and special …,https://scholar.google.com/citations?hl=en&user=H2S64Z8AAAAJ
Traci Carte,"Professor, Illinois State University",ilstu.edu,3092,Computer-mediated collaboration | teams | diversity,https://scholar.google.com/citations?hl=en&user=Y74Ex-QAAAAJ
Sarah E. Godsey,"Associate Professor, Idaho State University",isu.edu,3069,hydrology | catchment hydrology | water quality | mountain and polar systems | critical zone science,https://scholar.google.com/citations?hl=en&user=RdwCNxIAAAAJ
Benjamin Crosby,Idaho State University - Geosciences,isu.edu,3049,Geomorphology,https://scholar.google.com/citations?hl=en&user=PBzv41kAAAAJ
Amanda Vicary,"Associate Professor of Social and Personality Psychology, Illinois Wesleyan University",iwu.edu,2989,attachment | romantic relationships | crime | aggression | violence,https://scholar.google.com/citations?hl=en&user=cNn_s5YAAAAJ
Anne K Eggert,"Research Professor, Illinois State University",ilstu.edu,2980,behavioral ecology | evolution | parental care,https://scholar.google.com/citations?hl=en&user=hU_7OScAAAAJ
Kelly R Laurson,"Professor, Illinois State University",ilstu.edu,2974,Physical activity epidemiology | Physical Fitness | Growth | Pediatrics,https://scholar.google.com/citations?hl=en&user=lHJ2ZfsAAAAJ
Nathan Hartman,Illinois State University,ilstu.edu,2906,Organizational Behavior,https://scholar.google.com/citations?hl=en&user=MhdbRQwAAAAJ
Ernest R Keeley,Idaho State Univesity,isu.edu,2897,Fish Ecology,https://scholar.google.com/citations?hl=en&user=EhpAsnAAAAAJ
Gregory M. Ferrence,"Professor of Chemistry, Illinois State University",ilstu.edu,2883,Chemistry,https://scholar.google.com/citations?hl=en&user=3kOrci0AAAAJ
Shannon M. Lynch,Idaho State University,isu.edu,2858,Trauma | Polyvictimization | Violence Aganist Women | Incarcerated Women,https://scholar.google.com/citations?hl=en&user=FC9rz3oAAAAJ
Diane L. Byers,"Associate Professor of Evolutionary Ecology, Illinois State University",ilstu.edu,2711,conservation biology | inbreeding depression | pollination biology | plant-soil microbes interactions | genetic drift,https://scholar.google.com/citations?hl=en&user=jOKjDG0AAAAJ
Ken Aho,Associate Professor,isu.edu,2699,Statistics | Plant ecology,https://scholar.google.com/citations?hl=en&user=kbCCfYoAAAAJ
Kyoungwon Suh,"Professor of Computer Science, Illinois State University",ilstu.edu,2683,computer networks | distributed systems,https://scholar.google.com/citations?hl=en&user=V44e9xAAAAAJ
Gregory Murphy,"Professor of Management, Idaho State University",isu.edu,2678,Business Strategy and Entrepreneurship,https://scholar.google.com/citations?hl=en&user=m-e6bbQAAAAJ
Somnath Lahiri,Illinois State University,ilstu.edu,2640,International Business and Management | Emerging Economies | Global Strategy,https://scholar.google.com/citations?hl=en&user=DfvTJbAAAAAJ
Rosanna Leung,"Associate Professor and Chair of Dept of International Tourism and Hospitality, I-Shou",isu.edu.tw,2627,Information Technologies | Hospitality | Smart Technology | E-Marketing,https://scholar.google.com/citations?hl=en&user=oiMl5aAAAAAJ
Dong Xu,"Idaho State University, College of Pharmacy",isu.edu,2614,Drug Discovery and Repurposing | Drug Toxicity and Ototoxicity | Biomedical Informatics | Molecular Modeling and Simulation | Machin,https://scholar.google.com/citations?hl=en&user=ySSX7L0AAAAJ
Xiaoming Liu (刘小铭),"Phd, ISU, ORNL, 24M Tech",24-m.com,2512,Energy storage/harvesting | solid electrolyte | Li-ion batteries | in-situ Charaterization,https://scholar.google.com/citations?hl=en&user=DYl9_h8AAAAJ
Steve Hunt,"Professor of Communication, Illinois State University",ilstu.edu,2485,Communication education | instructional communication | pedagogy of civic and political engagement | persuasion,https://scholar.google.com/citations?hl=en&user=bluN3DQAAAAJ
Steven B. Mertens,"Professor, Middle Level Education, Illinois State University",ilstu.edu,2453,middle school education | teacher preparation & attrition | interdisciplinary teaming | common planning time | research methodologie,https://scholar.google.com/citations?hl=en&user=fQqENDQAAAAJ
Chris Eckman,Idaho State University,isu.edu,2445,Physics,https://scholar.google.com/citations?hl=en&user=FO9AEfkAAAAJ
Hyoil Han,Illinois State University,acm.org,2443,data science | text mining | data mining | big data | medical informatics,https://scholar.google.com/citations?hl=en&user=MQf0XsIAAAAJ
Jill S Attaway,"Professor of Marketing, Illinois State University",ilstu.edu,2413,Not Mentioned,https://scholar.google.com/citations?hl=en&user=CHT23EkAAAAJ
Rebecca A Hayes,Illinois State University,ilstu.edu,2406,public relations | crisis communication | communication technology,https://scholar.google.com/citations?hl=en&user=q-CUNpMAAAAJ
William L. Perry,Illinois State University,ilstu.edu,2405,Aquatic Ecology,https://scholar.google.com/citations?hl=en&user=YVjQpRsAAAAJ
Rick Tivis,Idaho State University,isu.edu,2377,Applied Biostatistics in HealthCare to help …,https://scholar.google.com/citations?hl=en&user=bxPUQTMAAAAJ
Kevin R. Parker,Idaho State University,isu.edu,2369,Software and Language Selection | Requirements Elicitation | Virtual Teaching Assistants,https://scholar.google.com/citations?hl=en&user=775SsfoAAAAJ
Daniel Touchette,"University of Illinois at Chicago, Oregon State University, Wayne State University",uic.edu,2368,Medication adherence | pharmacoeconomics | evaluation of clinical services,https://scholar.google.com/citations?hl=en&user=rdgWm8IAAAAJ
Mostafa M. Fouda,"ECE, Idaho State University, USA",isu.edu,2357,Communication Networks | Cyber Security | IoT | Deep Learning | Smart Healthcare,https://scholar.google.com/citations?hl=en&user=KrLSBgYAAAAJ
J. Scott Jordan,"Professor of Psychology, Illinois State University",ilstu.edu,2333,perception | action | consciousness | intentionality | self-sustaining systems,https://scholar.google.com/citations?hl=en&user=Y1fDlhsAAAAJ
Chen Guo-Ju,I-Shou University,isu.edu.tw,2322,Materials Science,https://scholar.google.com/citations?hl=en&user=CroKo3IAAAAJ
Adena B. Meyers,Illinois State University,ilstu.edu,2295,Not Mentioned,https://scholar.google.com/citations?hl=en&user=MAi3Z9EAAAAJ
Nikolai A. Sidorov,"Professor of Mathematical Analysis, Irkutsk State University",math.isu.runnet.ru,2286,nonlinear analysis | mathematical physics | bifurcation | differential equations,https://scholar.google.com/citations?hl=en&user=Tf-O6wMAAAAJ
Michael A Thomas,"Professor of Biological Sciences, Idaho State University",isu.edu,2278,bioinformatics | molecular evolution | environmental toxicology,https://scholar.google.com/citations?hl=en&user=0aEXTm4AAAAJ
John R. Baldwin,Illinois State University,ilstu.edu,2260,Intercultural Communication | Intergroup Communication | Prejudice,https://scholar.google.com/citations?hl=en&user=63Il_gwAAAAJ
werner zielke,leibniz university hannover,isu.uni-hannover.de,2232,Not Mentioned,https://scholar.google.com/citations?hl=en&user=z24qf5YAAAAJ
Steve Croker,"Associate Professor of Psychology, Illinois State University",ilstu.edu,2192,Cognitive Psychology | Develomental Psychology,https://scholar.google.com/citations?hl=en&user=Cn4psD4AAAAJ
Christopher C. Mulligan,"Professor of Chemistry, Illinois State University",ilstu.edu,2185,analytical chemistry | mass spectrometry | forensics | environmental monitoring | portable instrumentation,https://scholar.google.com/citations?hl=en&user=tGkDPjEAAAAJ
Heather Dillaway,"Department of Sociology, Illinois State University",ilstu.edu,2172,menopause | midlife | disability | motherhood | reproductive health,https://scholar.google.com/citations?hl=en&user=Fe_99_wAAAAJ
Kavita Sharma,Idaho State University,isu.edu,2160,Not Mentioned,https://scholar.google.com/citations?hl=en&user=AixYGbwAAAAJ
Kavita Sharma,Idaho State University,isu.edu,2160,HPLC | LC-MS | NMR | ICP-OES | ICP-MS,https://scholar.google.com/citations?hl=en&user=5X6TzOMAAAAJ
Teoman Akçay,İstinye Üniversitesi,isu.edu.tr,2131,Çocuk Endokrinolojisi,https://scholar.google.com/citations?hl=en&user=FOAbAHEAAAAJ
Joseph M. Casto,"Associate Professor of Biological Sciences, Illinois State University",ilstu.edu,2115,Behavioral neuroendocrinology | Field endocrinology | Ecological immunology | Avian development | Maternal Effects,https://scholar.google.com/citations?hl=en&user=MO1P1e0AAAAJ
Michael Stevens,Illinois State University,ilstu.edu,2108,International Psychology,https://scholar.google.com/citations?hl=en&user=-ESarJ0AAAAJ
Brent Teasdale,"University Professor of Criminal Justice Sciences, Illinois State University",ilstu.edu,2097,Criminology | Violence | Mental Illness | Substance Abuse Prevention | Quantitative Methods,https://scholar.google.com/citations?hl=en&user=d5e8j7EAAAAJ
P James Norris,Idaho State University,isu.edu,2047,Experimental High Energy Physics | Rational Choice Theory | Philosophy of Science,https://scholar.google.com/citations?hl=en&user=l4tUfZUAAAAJ
Ali Riaz,"Distinguished Professor of Political Science, Illinois State University",ilstu.edu,2029,Democratization | Violent Extremism | South Asian Politics | Bangladesh,https://scholar.google.com/citations?hl=en&user=WQPKqe0AAAAJ
Mustafa Çakar,İstinye University Liv Hospital,isu.edu.tr,2018,Internal Medicine / Rheumatology,https://scholar.google.com/citations?hl=en&user=C6XF0doAAAAJ
Jun-Hyun Kim,"Professor, Illinois State University",ilstu.edu,2014,Analytical | Materials | and Surface Chemistry,https://scholar.google.com/citations?hl=en&user=Hwlk0f8AAAAJ
Jeffrey B Wagman,"Professor of Psychology, Illinois State University",ilstu.edu,1988,Ecological Psychology | Perception-Action | Affordances | Perceptual Learning,https://scholar.google.com/citations?hl=en&user=4-RPj30AAAAJ
D. Jasun Carr,Idaho State University,isu.edu,1985,Not Mentioned,https://scholar.google.com/citations?hl=en&user=5InU34oAAAAJ
Lise Comte,Illinois State University,ilstu.edu,1970,Not Mentioned,https://scholar.google.com/citations?hl=en&user=ltpkMZgAAAAJ
Zhen Zhang,"XJTU, Purdue, ISU",xjtu.edu.cn,1965,quantum materials | adaptive materials | phase transitions | devices,https://scholar.google.com/citations?hl=en&user=fDKRBt0AAAAJ
Asena Akdemir,"Professor of Psychiatry, Istinye University (İSÜ) School of Medicine",Not Mentioned,1962,psychiatry,https://scholar.google.com/citations?hl=en&user=h1kWbsQAAAAJ
Marcia Farr,"Professor Emerita, University of Illinois at Chicago and The Ohio State University",uic.edu,1960,sociolinguistics | language and culture | linguistic anthropology,https://scholar.google.com/citations?hl=en&user=DyjOww8AAAAJ
Chien Sen Liao,"Professor, Department of Biological Science and Technology, I Shou University, Taiwan",isu.edu.tw,1960,Applied Microbiology | Environmental Microbiology | Environmental Toxicology | Proteomic Analysis | Applications of Microalgae,https://scholar.google.com/citations?hl=en&user=MVxp4ZoAAAAJ
"Prof. Dr. Muslum Cicek, MD.",anesthesiologist and intensive care specialist,isu.edu.tr,1926,anesthesia | intensive care | toxicology | transplant patients | nutrition,https://scholar.google.com/citations?hl=en&user=KprHVb4AAAAJ
Brent Wolter,Idaho State University,isu.edu,1922,Second Language Vocabulary Acquisition,https://scholar.google.com/citations?hl=en&user=eRnCxvQAAAAJ
Stacey Jones Bock,Illinois State University,ilstu.edu,1881,autism | Deafness | behavior disorders,https://scholar.google.com/citations?hl=en&user=ecpjFfUAAAAJ
Jason Themanson,"Professor of Psychology, Illinois Wesleyan University",iwu.edu,1864,Cognitive Neuroscience | Psychology | Self Regulation | Executive Function | Kinesiology,https://scholar.google.com/citations?hl=en&user=tbQ7m2IAAAAJ
Allison Antink-Meyer,Illinois State University,ilstu.edu,1863,nature of science | nature of engineering | scientific inquiry | scientific creativity,https://scholar.google.com/citations?hl=en&user=-Vwnu40AAAAJ
Ryan Paitz,"Assistant Professor, Illinois State University",ilstu.edu,1850,Developmental Endocrinology | Endocrine Disruption | Maternal Steroid Exposure,https://scholar.google.com/citations?hl=en&user=keeKv8kAAAAJ
Mark Liffiton,Illinois Wesleyan University,iwu.edu,1840,Infeasibility Analysis | Constraint Programming | Artificial Intelligence,https://scholar.google.com/citations?hl=en&user=3k467McAAAAJ
Hassan Mohammadi,"Professor if Economics, Illinois State University",ilstu.edu,1834,Energy Markets,https://scholar.google.com/citations?hl=en&user=EyYOVmkAAAAJ
Michael Mccurry,"Professor of Geology, Idaho State University",isu.edu,1830,Geology | petrology,https://scholar.google.com/citations?hl=en&user=OXT2nSAAAAAJ
Byung Il Kim,"Professor of Physics, Boise State University",boisestate.edu,1815,Scanning probe microscopy (IFM/AFM/MFM … | Water Menisci | Single Molecule Biophysics | Nanotribology,https://scholar.google.com/citations?hl=en&user=3vttmL8AAAAJ
Xiaomeng Xu (Mona Xu) she/her,"Associate Professor of Experimental Psychology, Idaho State University",isu.edu,1802,Teaching | behavioral health | close relationships,https://scholar.google.com/citations?hl=en&user=uesujKwAAAAJ
Shawn Bearden,Idaho State University,isu.edu,1791,Not Mentioned,https://scholar.google.com/citations?hl=en&user=QS2jK4EAAAAJ
Mohammad Tauseef,"… of Pharmaceutical Sciences, College of Pharmacy, Chicago State University, Chicago, IL",csu.edu,1787,Pharmacology,https://scholar.google.com/citations?hl=en&user=TS9NsEEAAAAJ
Trent W. Ford,"Illinois State Water Survey, University of Illinois Urbana Champaign",illinois.edu,1787,Climatology | Hydroclimatology | Land-Atmosphere Interactions,https://scholar.google.com/citations?hl=en&user=g_tDyxoAAAAJ
Joanne Savage,Illinois State University,ilstu.edu,1784,Violent Crime | Juvenile Justice,https://scholar.google.com/citations?hl=en&user=iF-J-AoAAAAJ
Vesselin I. Dimitrov,"Res. Assoc. Professor, Idaho Accelerator Center, ISU",isu.edu,1769,pulse power | accelerators | electrodynamics | bayesian methods | nuclear theory,https://scholar.google.com/citations?hl=en&user=O7ezkEEAAAAJ
Wolfgang Stein,Professor at Illinois State University,ilstu.edu,1767,Neuroscience | Neuroethology | Neuromodulation | sensorimotor | central pattern generation,https://scholar.google.com/citations?hl=en&user=wPD2AjoAAAAJ
Patrick I McLaughlin,"University of Illinois, Illinois State Geological Survey",illinois.edu,1748,geology,https://scholar.google.com/citations?hl=en&user=5gn0-3cAAAAJ
Victoria Borowicz,Illinois State University,ilstu.edu,1737,Community ecology | Parasitic Plants | Above/belowground interactions | Symbioses,https://scholar.google.com/citations?hl=en&user=ANeI-pkAAAAJ
Abdelmounaam Rezgui,Illinois State University,ilstu.edu,1729,Networking | Cloud Computing | Big Data | Health Informatics,https://scholar.google.com/citations?hl=en&user=QUuC8lAAAAAJ
Steven Lawyer,Not Mentioed,isu.edu,1722,Not Mentioned,https://scholar.google.com/citations?hl=en&user=G21w04sAAAAJ
Oguzhan Dincer,"Professor of Economics, Illinois State University",ilstu.edu,1711,Public Economics | Development Economics | Applied Econometrics,https://scholar.google.com/citations?hl=en&user=r3AW2K0AAAAJ
Joan M. Brehm,Illinois State University,ilstu.edu,1706,Environment | Natural resources | community | water,https://scholar.google.com/citations?hl=en&user=7xa92DAAAAAJ
JH Jeng,I-Shou University,isu.edu.tw,1642,Image/Video Processing | Soft Computing | Machine/Statistical Learning,https://scholar.google.com/citations?hl=en&user=t4qm7EkAAAAJ
Teri Peterson,"Associate Professor College of Business, Idaho State University",isu.edu,1627,Statistics | Predictive Analytics | Statistical Consulting,https://scholar.google.com/citations?hl=en&user=E_ODSf4AAAAJ
Daniel G Lannin,Illinois State University,ilstu.edu,1623,values | help-seeking | self-affirmation | stigma | narcissism,https://scholar.google.com/citations?hl=en&user=LDiFS34AAAAJ
Keith Reinhardt,"Associate Professor, Idaho State University",isu.edu,1617,Plant Physiological Ecology | Global Change Ecology | Ecohydrology | Cloud Forest Ecophysiology,https://scholar.google.com/citations?hl=en&user=IiNZCbwAAAAJ
Karl Madaras-kelly,Not Mentioed,isu.edu,1616,Not Mentioned,https://scholar.google.com/citations?hl=en&user=FbTgdtcAAAAJ
Anthony W. Hoskin,"Professor of Criminology, Idaho State University",isu.edu,1605,Violence | Biosocial Criminology,https://scholar.google.com/citations?hl=en&user=FpM8yeEAAAAJ
Anthony W. Hoskin,"Associate Professor of Criminology, Idaho State University",isu.edu,1594,violence | firearms | alcohol | policing | biosocial criminology,https://scholar.google.com/citations?hl=en&user=JlSwBTwAAAAJ
Todd McLoda,"Professor of Athletic Training, Illinois State University",ilstu.edu,1586,Etiology of ankle injuries,https://scholar.google.com/citations?hl=en&user=yZBXYckAAAAJ
Angelo Capparella,"Associate Professor of Zoology, Illinois State University",ilstu.edu,1582,birds | conservation biology,https://scholar.google.com/citations?hl=en&user=5oberPcAAAAJ
Chun-An Cheng,"Professor, Department of Electrical Engineering, I-Shou University, Taiwan",isu.edu.tw,1582,Power Electronics | Power Conversion | Electronic Lighting,https://scholar.google.com/citations?hl=en&user=cEVtSDYAAAAJ
IX Green,Illinois State University,ilstu.edu,1576,Surface Science | Catalysis | Physical Chemistry,https://scholar.google.com/citations?hl=en&user=Bjlg7GoAAAAJ
Dan Dale,"Professor of Physics, Idaho State Unuversity",isu.edu,1572,nuclear physics,https://scholar.google.com/citations?hl=en&user=Hg8A5CEAAAAJ
Dr. Michael Weber,"South Dakota State University, University of Illinois, Iowa State University",iastate.edu,1552,fish,https://scholar.google.com/citations?hl=en&user=DBRysd0AAAAJ
Joseph E. Armstrong,"Professor of Botany, Illinois State University",ilstu.edu,1547,botany | floral biology | pollination | floral anatomy | hemiparasites,https://scholar.google.com/citations?hl=en&user=0vBTIB4AAAAJ
Minhaz Zibran,"Associate Professor, Idaho State University, USA",isu.edu,1545,Software Security | Software Engineering | HCI Security | Affective Computing,https://scholar.google.com/citations?hl=en&user=clmylLAAAAAJ
Marco Schoen,Idaho State University,isu.edu,1540,Controls | system identification | intelligent systems,https://scholar.google.com/citations?hl=en&user=NIzUlHwAAAAJ
Mary Elaine Califf,"Professor of Computer Science, Illinois State University",ilstu.edu,1527,Machine Learning | Natural Language Processing | Computer Science Education,https://scholar.google.com/citations?hl=en&user=jTUvYSAAAAAJ
Yu-Lung Wu,I-Shou University,isu.edu.tw,1517,Service quality | Web design and evaluation | Electronic commerce,https://scholar.google.com/citations?hl=en&user=BPQ4pDkAAAAJ
Hassan Elsubki Khalid Mohamed Osman,Professor of Pharmacology Ibn Sina University,isu.edu.sd,1497,Not Mentioned,https://scholar.google.com/citations?hl=en&user=puREAnEAAAAJ
James Stoutenborough,Idaho State University,isu.edu,1487,Public Policy | US State Policy | Environmental/Energy Policy | Public Opinion | Political Behavior,https://scholar.google.com/citations?hl=en&user=XAzVec8AAAAJ
Edward Mooney,Illinois State University,ilstu.edu,1479,Not Mentioned,https://scholar.google.com/citations?hl=en&user=SOUQ0dgAAAAJ
Leonid Hanin,Idaho State University,isu.edu,1476,Mathematical Oncology | Radiation Biology | Probability and Statistics | Heat Transfer Engineering | Model Identifiability,https://scholar.google.com/citations?hl=en&user=l6Nqh0sAAAAJ
Tera D. Letzring,Idaho State University,isu.edu,1469,Personality and Social Psychology,https://scholar.google.com/citations?hl=en&user=Z5oiv4wAAAAJ
Fan-Ko Sun,"Department of Nursing, I-Shou University",isu.edu.tw,1467,Nursing research,https://scholar.google.com/citations?hl=en&user=g2o2pPMAAAAJ
Cheng-Hao Tseng,"E-DA Cancer Hospital, I-Shou University, Kaohsiung, Taiwan",isu.edu.tw,1461,Viral hepatitis | hepatocellular carcinoma | therapeutic endoscopy | liver tumor ablation,https://scholar.google.com/citations?hl=en&user=14J5WXYAAAAJ
Erin Rasmussen,Idaho State University,isu.edu,1450,delay discounting | behavioral economics | behavioral pharmacology,https://scholar.google.com/citations?hl=en&user=U3LlQWcAAAAJ
Yun-Ju Chen,I-Shou University,isu.edu.tw,1447,cancer biology | cancer therapy,https://scholar.google.com/citations?hl=en&user=qT4XN1cAAAAJ
Ольга Михалёва,доцент кафедры русского языка и общего языкознания ИФИЯМ ИГУ,slovo.isu.ru,1444,психолингвистика | теория коммуникации | дискурс-анализ,https://scholar.google.com/citations?hl=en&user=jVD4x6YAAAAJ
Senol Kobak,İstinye University Faculty of Medicine,isu.edu.tr,1444,rheumatology,https://scholar.google.com/citations?hl=en&user=ruVb8LgAAAAJ
ayhan yaman,"Çocuk yoğun bakım uzmanı, İstinye Üniversitesi",isu.edu.tr,1438,sepsis | çoklu organ yetmezliği | ards | zehirlenmeler,https://scholar.google.com/citations?hl=en&user=aMrxinQAAAAJ
Craig Gatto,"Professor of Biophysics, Illinois State University",ilstu.edu,1431,Membrane Transport | Protein Biochemistry | Protein assembly and trafficking,https://scholar.google.com/citations?hl=en&user=jke-WM0AAAAJ
Todd Morris,Idaho State University,isu.edu,1426,Not Mentioned,https://scholar.google.com/citations?hl=en&user=RGlNAkEAAAAJ
Ayhan Dinçkan,İstinye Üniversitesi Tıp Fakültesi,isu.edu.tr,1423,Organ Nakli ve Hepatopankreatobilier Cerrahi,https://scholar.google.com/citations?hl=en&user=U9MezQkAAAAJ
Rex J. Rowley,"Illinois State University, Department of Geography, Geology, and the Environment",ilstu.edu,1410,Human Geography | Sense of Place | GIS | Mixed Methods Research,https://scholar.google.com/citations?hl=en&user=uuYIb4kAAAAJ
Krzysztof Ostaszewski,Illinois State University,ilstu.edu,1407,Actuarial science | insurance | mathematics | economics,https://scholar.google.com/citations?hl=en&user=dzRbMGkAAAAJ
Alexey Rastegin,Irkutsk State University,api.isu.ru,1393,Quantum information and foundations,https://scholar.google.com/citations?hl=en&user=yvTof-kAAAAJ
Rocio Rivadeneyra,"Department of Psychology, Illinois State University",ilstu.edu,1385,Not Mentioned,https://scholar.google.com/citations?hl=en&user=QOJomWcAAAAJ
Gary Cates,Illinios State University,ilstu.edu,1385,Academic assessment | Academic Intervention | Behavior Analysis,https://scholar.google.com/citations?hl=en&user=LbonroQAAAAJ
Vishal Midha,Illinois State University,ilstu.edu,1375,Not Mentioned,https://scholar.google.com/citations?hl=en&user=l6e9jJAAAAAJ
Andrew Ray,Not Mentioed,isu.edu,1371,Not Mentioned,https://scholar.google.com/citations?hl=en&user=o0HJIh0AAAAJ
Oscar Chavez,Illinois State University,ilstu.edu,1364,Mathematics Education,https://scholar.google.com/citations?hl=en&user=-myagDEAAAAJ
Lisa Szczepura,Illinois State University,ilstu.edu,1334,chemistry,https://scholar.google.com/citations?hl=en&user=bVk5lsgAAAAJ
Anthony Lorsbach,"Professor of Science Education, Illinois State University",ilstu.edu,1332,science education,https://scholar.google.com/citations?hl=en&user=PuDbuoQAAAAJ
Ramazan Altıntaş,"Tıp fakültesi, Üroloji, doçent, istinye üniversitesi",isu.edu.tr,1326,üroloji,https://scholar.google.com/citations?hl=en&user=bLZcQWIAAAAJ
W. Aaron Wilson,"Assistant Professor of Environmental Science, Illinois Wesleyan University",iwu.edu,1325,Environmental Toxicology,https://scholar.google.com/citations?hl=en&user=NdWWuSwAAAAJ
Rosemary  J. Smith,Professor of Biology,isu.edu,1324,Behavioral Ecology | Evolution | Entomology | Mammalogy | Education,https://scholar.google.com/citations?hl=en&user=2naZCBsAAAAJ
David Bollivar,"Professor of Biology, Illinois Wesleyan University",iwu.edu,1319,bacteriophages | tetrapyrroles,https://scholar.google.com/citations?hl=en&user=8vvOAXUAAAAJ
Avi Datta,"Professor; Director: Means Center for Entrepreneurial Studies, Illinois State University",ilstu.edu,1314,Radical Innovation | Management of Technology | Management of Innovation | Technology Strategy | Strategic Entrepreneurship,https://scholar.google.com/citations?hl=en&user=xcnJtdcAAAAJ
Lydia Blankson,Illinois State University,ilstu.edu,1295,Not Mentioned,https://scholar.google.com/citations?hl=en&user=Ji472o0AAAAJ
Douglas Johnston,"University of Illinois, Iowa State University, College of Environmental Science and Forestry",esf.edu,1294,Landscape Architecture | Environmental Planning | Watershed Management,https://scholar.google.com/citations?hl=en&user=QmjsVhkAAAAJ
"Matthew L. Nelson, CPA, Ph.D.",Illinois State University,ilstu.edu,1283,Open Source Software | IT Standards | IT Valuation | Business Intelligence,https://scholar.google.com/citations?hl=en&user=cNhpqmIAAAAJ
Epaminondas Rosa,"Department of Physics, Illinois State University",ilstu.edu,1281,Computational neuroscience | nonlinear dynamics | experimental chaos,https://scholar.google.com/citations?hl=en&user=I9Nd3Z4AAAAJ
Dawn Beichner,Illinois State University,ilstu.edu,1281,Not Mentioned,https://scholar.google.com/citations?hl=en&user=4E7WYEcAAAAJ
Bailey (Wilberts) Arruda,"Iowa State University College of Veterinary Medicine, ISU-VDPAM",iastate.edu,1279,Infectious disease | diagnostics | pathology | ISU-VDPAM | IPIC,https://scholar.google.com/citations?hl=en&user=C_7ogu4AAAAJ
Eric Wade Peterson,"… Professor of Geology, Department of Geography, Geology, & the Environment, Illinois State",ilstu.edu,1276,Hydrogeology | Karst Hydrogeology | Stream-Groundwater Interactions | Hyporheic Exchange,https://scholar.google.com/citations?hl=en&user=ELj3XlUAAAAJ
David W Rodgers,Idaho State University,isu.edu,1276,Not Mentioned,https://scholar.google.com/citations?hl=en&user=uMnxYB8AAAAJ
Thomas M Hammond,Illinois State University,ilstu.edu,1276,Genetics | RNA silencing | gene drive | meiotic silencing | MSUD,https://scholar.google.com/citations?hl=en&user=Tf_7s-oAAAAJ
Leif Tapanila,Idaho State University; Idaho Museum of Natural,isu.edu,1274,Paleontology | Sedimentology,https://scholar.google.com/citations?hl=en&user=QqG0oBMAAAAJ
Meredith Downes,"Professor of Management, Illinois State University",ilstu.edu,1271,expatriation | corporate governance,https://scholar.google.com/citations?hl=en&user=yYp3VMgAAAAJ
Hulda G. Black,Illinois State University,ilstu.edu,1259,Not Mentioned,https://scholar.google.com/citations?hl=en&user=ou55CC0AAAAJ
Ginka Borisova,ISU,foxrothschild.com,1249,Finance,https://scholar.google.com/citations?hl=en&user=wo1huO8AAAAJ
"Nadeem Fazal, MD, PhD","Chicago State University, Chicago, Illinois, USA",csu.edu,1247,Immunology | Microbiology | Physiology | Infectious diseases,https://scholar.google.com/citations?hl=en&user=3pf6Xn4AAAAJ
Behzad Foroughi,"Assistant Professor, Department of International Business Administration, I-Shou University",isu.edu.tw,1246,Marketing | Consumer Behaviour | Services Marketing | Tourism & Hospitality | Information Technologies,https://scholar.google.com/citations?hl=en&user=eViG8uMAAAAJ
Alba Perez-Gracia,"Associate Professor of Mechanical Engineering, Idaho State University",isu.edu,1237,Robotics | kinematics,https://scholar.google.com/citations?hl=en&user=wkuayggAAAAJ
Alexander F. Schmidt,Irkutsk State University,chem.isu.ru,1225,Chemistry | Catalysis | Kinetics,https://scholar.google.com/citations?hl=en&user=iKMjHIIAAAAJ
Yongfang Zhong,Gamma Technologies Inc.;Gas Technology Institute;Penn State; University of Illinois; …,gtisoft.com,1224,Energy Efficiency | Heat Exchanger | Thermal System,https://scholar.google.com/citations?hl=en&user=Dv_hvLEAAAAJ
Mary Lou Dunzik-Gougar,"Professor of Nuclear Engineering, IDAHO STATE UNIVERSITY",isu.edu,1223,nuclear fuels and materials | nuclear fuel cycle | radioactive waste,https://scholar.google.com/citations?hl=en&user=dGJcROsAAAAJ
Chris Sanford,Idaho State University,isu.edu,1220,Hearing | Audition | Audiology,https://scholar.google.com/citations?hl=en&user=S98zko8AAAAJ
Claude Graeff,Illinois State University emeritus Professor,ilstu.edu,1218,behavioral science,https://scholar.google.com/citations?hl=en&user=sfdKzDsAAAAJ
David H. Malone,"Distinguished Professor of Geology, Illinois State University",ilstu.edu,1211,Geology,https://scholar.google.com/citations?hl=en&user=UJECQaQAAAAJ
Xing Fang,"School of Information Technology, Illinois State University",ilstu.edu,1207,Deep Learning | Natural Language Processing | Big Data Analysis | Social Computing,https://scholar.google.com/citations?hl=en&user=TdhUhMsAAAAJ
Andres J Ramirez,"Michigan State University, University of Illinois at Urbana Champaign",cse.msu.edu,1206,Not Mentioned,https://scholar.google.com/citations?hl=en&user=zFaJu_IAAAAJ
Jay Rich,Illinois State University,ilstu.edu,1192,Financial Statement Audits,https://scholar.google.com/citations?hl=en&user=nNcuaC4AAAAJ
Scott Elrick,"Illinois State Geological Survey, University of Illinois Urbana-Champaign",illinois.edu,1191,Pennsylvanian geology | paleobotany | stratigraphy | sedimentology | coal geology,https://scholar.google.com/citations?hl=en&user=_9LY-uoAAAAJ
Chee K. Ng,"Visiting scholar, Illinois State Univ.",ilstu.edu,1180,Finance,https://scholar.google.com/citations?hl=en&user=EDlystkAAAAJ
John Nowland,"Associate Professor, Illinois State University",ilstu.edu,1179,Accounting | Finance | Board of Directors | Family Firms,https://scholar.google.com/citations?hl=en&user=FDu_aPgAAAAJ
David Wallace,Illinois Wesleyan University; Illinois State University,iwu.edu,1168,Channels of Distribution | Multi | Omni | Interfirm relations | Supply Management,https://scholar.google.com/citations?hl=en&user=6Y43LIkAAAAJ
Il-Hyung Lee,"Assistant Professor, Department of Chemistry and Biochemistry, Montclair State University",montclair.edu,1166,Biochemistry | Physical Chemistry | Biophysics,https://scholar.google.com/citations?hl=en&user=yDoyy2kAAAAJ
Bennett Palmer,"Professor of Mathematics, Idaho State University",isu.edu,1164,differential geometry | calculus of variations,https://scholar.google.com/citations?hl=en&user=XRvpWmsAAAAJ
Dawn M. McBride,Illinois State University,ilstu.edu,1157,cognitive psychology | memory,https://scholar.google.com/citations?hl=en&user=auYqefgAAAAJ
Yun-Ching Chung,"Professor of Special Education, Illinois State University",ilstu.edu,1140,Augmentative and alternative communication | peer interactions in inclusive classrooms,https://scholar.google.com/citations?hl=en&user=7EAbjEEAAAAJ
Robert L. McLaughlin,"Professor of English, Illinois State University",ilstu.edu,1139,postmodern literature | World War II film | musical theater,https://scholar.google.com/citations?hl=en&user=SQH6lmIAAAAJ
Abhishek Varma,"Associate Professor of Finance, Illinois State University",ilstu.edu,1137,Investments | Institutional Investors | Sustainable Investing | ESG | Risk Management,https://scholar.google.com/citations?hl=en&user=dKz4GqMAAAAJ
Hanliang Fu [付汉良],Illinois State University,ilstu.edu,1133,Public Participation | Neuromanagement in Engineering … | Environmental management,https://scholar.google.com/citations?hl=en&user=pYxUlWIAAAAJ
Marvin Schulte,"Department Chair.  Pharmaceutical Sciences, idaho State University",isu.edu,1133,neuroscience and drug development,https://scholar.google.com/citations?hl=en&user=nDOjTrMAAAAJ
Thomas A. Lucey,"Professor, School of Teaching and Learning, Illinois State University",ilstu.edu,1127,Financial Literacy | Social Justice | Social Studies | Moral Education | Multicultural Education,https://scholar.google.com/citations?hl=en&user=iZciBEwAAAAJ
Pruthikrai Mahatanankoon,"Professor of Information Systems, Illinois State University",ilstu.edu,1127,IT/ICT adoption and abuse | mobile commerce | IT/IS Education,https://scholar.google.com/citations?hl=en&user=aYLl-2gAAAAJ
Dale D. Brown,Illinois State University,ilstu.edu,1127,Not Mentioned,https://scholar.google.com/citations?hl=en&user=NxBcVC0AAAAJ
"Robert D. Rieske, Ph.D.",Idaho State University,isu.edu,1122,Clinical Psychology | Autism Spectrum Disorders | Developmental Disabilities,https://scholar.google.com/citations?hl=en&user=dJkIlJcAAAAJ
Charles F. Williams,Idaho State University,isu.edu,1106,evolution | ecology,https://scholar.google.com/citations?hl=en&user=ebfkt0kAAAAJ
Chris Merrill,Illinois State University,ilstu.edu,1098,STEM | Technology and Engineering Education,https://scholar.google.com/citations?hl=en&user=RddSc6QAAAAJ
Eileen Bernardo,"Professor, Isabela State University",isu.edu.ph,1095,Chemistry | Chemistry Education and Environmental …,https://scholar.google.com/citations?hl=en&user=i7FIZxMAAAAJ
"Dan Ispas, Ph.D.","Professor of Psychology, Illinois State University",ilstu.edu,1088,Personnel Selection | Employee Turnover | Test Validation,https://scholar.google.com/citations?hl=en&user=nsA1qiIAAAAJ
George L. Barnes,Illinois State University,ilstu.edu,1087,Theoretical/Computational Chemistry,https://scholar.google.com/citations?hl=en&user=Uxb4iCIAAAAJ
"Narendra K Jaggi, NK Jaggi",Illinois Wesleyan University,iwu.edu,1086,condensensed matter physics | materials physics,https://scholar.google.com/citations?hl=en&user=vRlB2T0AAAAJ
Craig C. McLauchlan,"Professor of Chemistry, Illinois State University",IllinoisState.edu,1064,Inorganic Chemistry | Coordination Chemistry | X-ray Crystallography | Chemical Education,https://scholar.google.com/citations?hl=en&user=_lBcjToAAAAJ
David Kleist,Idaho State University,isu.edu,1054,Not Mentioned,https://scholar.google.com/citations?hl=en&user=BT4e2K8AAAAJ
Justin P. Bergfield,Illinois State University,illinoisstate.edu,1051,Non-equilibrium many-body theory | Quantum Transport | Thermoelectrics | Quantum Chemistry,https://scholar.google.com/citations?hl=en&user=k2J0GZYAAAAJ
Christopher G. Hamaker,"Department of Chemistry, Illinois State University",ilstu.edu,1050,Inorganic Chemistry | Crystallography | Catalysis,https://scholar.google.com/citations?hl=en&user=p8gArYgAAAAJ
Morey Burnham,Idaho State University,isu.edu,1049,Not Mentioned,https://scholar.google.com/citations?hl=en&user=H9Uf6IgAAAAJ
Yun Bai,"Rutgers, New Jersey State University",illinois.edu,1041,Transportation Asset Management | Smart Mobility | Logistics | Energy Sustainable Infrastructure | Network Modeling,https://scholar.google.com/citations?hl=en&user=n4vTzd0AAAAJ
Brandon R. Peecook,"… . Curator & Professor, Idaho Museum of Natural History & Biological Sciences, Idaho State",isu.edu,1041,Vertebrate Paleontology | Mass Extinction | Triassic | Paleobiology,https://scholar.google.com/citations?hl=en&user=NYaRopUAAAAJ
Dae-Hoon Kwak,"Assistant Professor of Criminal Justice, Illinois State University",ilstu.edu,1039,Communities and Crime | Policing | Sentencing | and Comparative Criminology/Criminal …,https://scholar.google.com/citations?hl=en&user=M1PaJgUAAAAJ
Joseph R. Blaney,Illinois State University,dmci.com,1038,image repair | image restoration | crisis communication | political communication | religious communication,https://scholar.google.com/citations?hl=en&user=i3HTKI8AAAAJ
Anna C. McCarrey,Idaho State University,isu.edu,1035,Cognitive aging | health and aging | MRI | developmental psychology,https://scholar.google.com/citations?hl=en&user=hXTmTgUAAAAJ
Kathryn G Turner,"Assistant Professor, Department of Biological Sciences, Idaho State University",isu.edu,1032,Evolutionary Ecology | Invasion Biology | Ecological Genomics | Ancient DNA,https://scholar.google.com/citations?hl=en&user=1vlKZG8AAAAJ
Michael L. Dougherty,"Professor of Sociology, Illinois State University",ilstu.edu,1009,Development studies | environmental sociology | extractive industries | Latin America,https://scholar.google.com/citations?hl=en&user=VySJ3d0AAAAJ
Seher Akbaş,İSTİNYE ÜNİVERSİTESİ HASTANESİ ÇOCUK VE ERGEN RUH SAĞLIĞI VE …,isu.edu.tr,1000,ÇOCUK PSİKİYATRİSİ,https://scholar.google.com/citations?hl=en&user=CfwFSbMAAAAJ
Lane Crothers,"Professor of Politics and Government, Illinois State University",ilstu.edu,992,political culture | political leadership | American politics,https://scholar.google.com/citations?hl=en&user=u0LJ6RcAAAAJ
Ashenafi Feyisa Beyi,"AAU, ISU",iastate.edu,988,Microbiology | AMR | Metagenomics | Food safety | Veterinary Medicine,https://scholar.google.com/citations?hl=en&user=OmRRkVoAAAAJ
Kevin R. Meyer,"Associate Professor, Illinois State University",ilstu.edu,973,Communication,https://scholar.google.com/citations?hl=en&user=MNd5q5kAAAAJ
Robert Dirks,"Professor Emeritus, Anthropology, Illinois State University",ilstu.edu,968,Anthropology of food and nutrition,https://scholar.google.com/citations?hl=en&user=xpsjuHQAAAAJ
Kurt Sundell,Idaho State University,isu.edu,967,Tectonics | sedimentology and stratigraphy | geochronology,https://scholar.google.com/citations?hl=en&user=avSsazsAAAAJ
Brent Beggs,Illinois State University,Not Mentioned,966,Not Mentioned,https://scholar.google.com/citations?hl=en&user=rCB_BLYAAAAJ
Linduo Zhao,Illinois Sustainable Technology Center; Illinois State Water Survey; University of Illinois,illinois.edu,963,Not Mentioned,https://scholar.google.com/citations?hl=en&user=zNi5GEMAAAAJ
Anthony Stocks,"Emeritus Professor of Anthropology, Idaho State University",isu.edu,948,indigenous land rights,https://scholar.google.com/citations?hl=en&user=aOM_pRoAAAAJ
Victor Kuzevanov,"Иркутский государственный университет, Ботанический сад",isu.ru,932,Экология | биология | ботаника | экономика | природопользование,https://scholar.google.com/citations?hl=en&user=ievxAWcAAAAJ
Muhammad Hamdan,ISU,Not Mentioned,930,Machine Learning | Reconfigurable computing | Neural Engineering,https://scholar.google.com/citations?hl=en&user=toDIyWEAAAAJ
Paul Bodily,"Assistant Professor of Computer Science, Idaho State University",isu.edu,928,Computational Creativity | Bioinformatics | Machine Learning | Constraint Programming | Music Computing,https://scholar.google.com/citations?hl=en&user=deStyxcAAAAJ
Catherine Oliphant,"Professor of Pharmacy Practice, Idaho State University",isu.edu,923,infectious diseases | opioid misuse/abuse | scholarship of teaching,https://scholar.google.com/citations?hl=en&user=9YIAEqEAAAAJ
Jeff Barrett,Illinois State University,ilstu.edu,922,mathematics education | geometric measurement | spatial thinking,https://scholar.google.com/citations?hl=en&user=RUPQepcAAAAJ
Kyoo il Kim,"Economics, Michigan State University",msu.edu,916,Econometrics | Industrial Organization,https://scholar.google.com/citations?hl=en&user=Dc9FY18AAAAJ
Iveris L Martinez,"California State University, Long Beach",csulb.edu,915,aging | health disparities | social determinants,https://scholar.google.com/citations?hl=en&user=mafIknEAAAAJ
Aimee Miller-Ott,Illinois State University,ilstu.edu,912,Not Mentioned,https://scholar.google.com/citations?hl=en&user=gGwaQm8AAAAJ
"Sesha Kethineni, S Kethineni","Prairie View A&M University, Illinois State University",pvamu.edu,912,international criminal justice | cryptocurrency | domestic vioelnce,https://scholar.google.com/citations?hl=en&user=YUNuKYYAAAAJ
Mohamed Nur-Awaleh,Illinois State University,ilstu.edu,909,Transformative Leadership | Governance of African Higher Education | Somali studies. Immigrant education | Higher Education Administration,https://scholar.google.com/citations?hl=en&user=oxeOi2sAAAAJ
Chang Yun-Ching,義守大學醫學系,isu.edu.tw,907,pathology,https://scholar.google.com/citations?hl=en&user=NfH8ZG0AAAAJ
Sunish Menon,"State Farm Insurance, illinois state university,Physical Research Laboratory",statefarm.com,906,Predictive Analytics | Telematics | Physics,https://scholar.google.com/citations?hl=en&user=aPzxmq4AAAAJ
John Beachboard,Zayed University,isu.edu,906,Not Mentioned,https://scholar.google.com/citations?hl=en&user=gec9y6QAAAAJ
Ali Aghazadeh Habashi,Assistant Professor,isu.edu,904,Pharmaceutical Sciences,https://scholar.google.com/citations?hl=en&user=2_c_yvgAAAAJ
Tsui-Ling Ko,Not Mentioed,isu.edu.tw,899,Not Mentioned,https://scholar.google.com/citations?hl=en&user=u6NI7KQAAAAJ
Ayşenur Kaya,İSTİNYE ÜNİVERSİTESİ,isu.edu.tr,898,tıp,https://scholar.google.com/citations?hl=en&user=Gs_txTYAAAAJ
Alan Bates,Illinois state University,ilstu.edu,895,Not Mentioned,https://scholar.google.com/citations?hl=en&user=Y7Vaux0AAAAJ
Barbara Gordon,Idaho State University,isu.edu,886,Nutrition | Interprofessional education,https://scholar.google.com/citations?hl=en&user=rlh8jnUAAAAJ
Pieter Smith,Florida State University,weizmann.ac.il,885,Physical chemistry | NMR methods development | Biomolecular NMR,https://scholar.google.com/citations?hl=en&user=Dq6u3yIAAAAJ
Ramesh Ramloll,"CEO/CTO DeepSemaphore LLC, Affiliate Professor  Idaho State University",isu.edu,883,Computer Science,https://scholar.google.com/citations?hl=en&user=xh84iScAAAAJ
"Kalinin Ilya, Kalinin Ilia, Kalinin Il'ya, Kalinin Ilja, Kalinin Il'ja, Kalinin Il'ia, Калинин Илья",Associate Professor Saint-Petersburg State University Department of Liberal Arts and …,spbu.ru,875,Culture | History | Literature,https://scholar.google.com/citations?hl=en&user=wWcorqsAAAAJ
Carl L. Palmer,"Associate Professor of Political Science, Illinois State University",ilstu.edu,870,Political Psychology | Public Opinion,https://scholar.google.com/citations?hl=en&user=iqwYFpQAAAAJ
Karter Y,Not Mentioed,isu.edu.tr,870,Not Mentioned,https://scholar.google.com/citations?hl=en&user=6VSaICcAAAAJ
Elias Getahun,"Associate Research Scientist, University of Illinois, Prairie Research Institute, Illinois State",illinois.edu,867,Water Resources System Analysis | Water quality and quantity,https://scholar.google.com/citations?hl=en&user=s-CcRnUAAAAJ
Horace L. Melton,Illinois State University,ilstu.edu,867,new service development | frontline employees,https://scholar.google.com/citations?hl=en&user=obn4kHwAAAAJ
Irinéa L. Batista,State University of Londrina,uel.br,862,Science Education | History and Philosophy of Science | Teacher Education | Interdisciplinarity,https://scholar.google.com/citations?hl=en&user=Xvnad1MAAAAJ
DT Marx,Illinois State University,ilstu.edu,844,physics | condensed matter | thermal transport | nanotechnology | energy applications,https://scholar.google.com/citations?hl=en&user=IuxEgy0AAAAJ
Cy Shen,I-Shou University,isu.edu.tw,836,Sensors,https://scholar.google.com/citations?hl=en&user=yKJJdVgAAAAJ
Beverly B. Ray,Idaho State University,isu.edu,834,Technology Integration | Video Games | Social Media | STEM Learing,https://scholar.google.com/citations?hl=en&user=_UiTzTsAAAAJ
"Mohammad Shamsuddoha, PhD",Western Illinois State University,wiu.edu,834,Supply Chain | Reverse Logistics | System Dynamics,https://scholar.google.com/citations?hl=en&user=s-3jctQAAAAJ
Ryan Brown,"Professor, Illinois State University",ilstu.edu,826,Technology Education | Curriculum | STEM Education,https://scholar.google.com/citations?hl=en&user=cl4OUTQAAAAJ
Melinda R. Snodgrass,"Assistant Professor, Illinois State University",ilstu.edu,825,Inclusive Education | Special Education | Augmentative and Alternative Communication …,https://scholar.google.com/citations?hl=en&user=JyTHz7UAAAAJ
Matthew Himley,"Illinois State University, Department of Geography, Geology, and the Environment",ilstu.edu,815,political ecology | critical resource geography | environmental history | Andes,https://scholar.google.com/citations?hl=en&user=qwTaDX0AAAAJ
Kendra E. Murray,"Assistant Professor, Idaho State University",isu.edu,815,thermochronology | igneous petrology | tectonics | landscape evolution,https://scholar.google.com/citations?hl=en&user=Az0s57kAAAAJ
Seungjin Nam,"Ames Laboratory, ISU",ameslab.gov,805,Material Science & Characterization,https://scholar.google.com/citations?hl=en&user=7jHOuogAAAAJ
David M. Pearson,Idaho State University,isu.edu,804,Structural Geology | Tectonics,https://scholar.google.com/citations?hl=en&user=11XlkU4AAAAJ
Elizabeth Cartwright,Idaho State University,isu.edu,802,medical anthropology | environment | health | social justice,https://scholar.google.com/citations?hl=en&user=ypMzuIQAAAAJ
Rajib Mahamud,Idaho State University,isu.edu,800,plasma | multi-physics modeling | combustion | energy,https://scholar.google.com/citations?hl=en&user=oFCLeFcAAAAJ
Neill Piland,Idaho State University,isu.edu,794,Health services | health economics | behavioral health | population health quality of health care,https://scholar.google.com/citations?hl=en&user=S6b4JXYAAAAJ
Gülay Yetkin,professor medicine,isu.edu.tr,793,microbiology immunology,https://scholar.google.com/citations?hl=en&user=Cmf5t1YAAAAJ
Mehmet tokaç,İstinye  Üniversitesi Tıp Fakültesi,isu.edu.tr,781,Not Mentioned,https://scholar.google.com/citations?hl=en&user=UaYum1QAAAAJ
Kristin D. Lane,Idaho State University,isu.edu,780,malaria | mitochondria | drug-resistance | pathogenicity | virology,https://scholar.google.com/citations?hl=en&user=1wcIJl0AAAAJ
Scott Pierce,"Assistant Professor, Illinois State University",ilstu.edu,776,Athlete life skill development and transfer | Athletic talent development | Coaching education,https://scholar.google.com/citations?hl=en&user=PLAr0ncAAAAJ
Peter M. Smudde,Illinois State University,ilstu.edu,776,Public Relations | Message Design | Public Relations Management | Employee Communication | Spirituality in the Workplace,https://scholar.google.com/citations?hl=en&user=V0xIZ-YAAAAJ
Anthony Piña,Illinois State University,ilstu.edu,776,distance education | online education | Instructional technology | instructional design,https://scholar.google.com/citations?hl=en&user=1187rHIAAAAJ
Jean M. Standard,"Professor of Chemistry (Emeritus), Illinois State University",ilstu.edu,769,physical chemistry | computational chemistry,https://scholar.google.com/citations?hl=en&user=cwlXWVIAAAAJ
Adel Al-Bataineh,"Professor of Curriculum and Instruction, Illinois State University",ilstu.edu,765,Curriculum and Instruction | Teacher Education | Technology Education | International and Comparative Education | ESL,https://scholar.google.com/citations?hl=en&user=U2y5KNQAAAAJ
sue blodgett,"MSU, SDSU, ISU",iastate.edu,762,entomology | pest management,https://scholar.google.com/citations?hl=en&user=ds4BVIEAAAAJ
Julia E. Martin,Idaho State University,isu.edu,762,Microbial metal homeostasis,https://scholar.google.com/citations?hl=en&user=Ilt9MX4AAAAJ
hakan göçmen,professor,isu.edu.tr,758,otorhinolaryngology,https://scholar.google.com/citations?hl=en&user=YlYrCHIAAAAJ
Cheng-Chun Wu,I-Shou University,isu.edu.tw,758,neuroscience,https://scholar.google.com/citations?hl=en&user=rYU_zsUAAAAJ
Devaleena Pradhan,Idaho State University,isu.edu,755,Behavioral Neuroendocrinology | Reproductive Physiology | Evolution | Neurochemistry,https://scholar.google.com/citations?hl=en&user=ZRSroJoAAAAJ
Hiroshi Matsuoka,"Professor of Physics, Illinois State University",ilstu.edu,753,Theoretical statistical mechanics,https://scholar.google.com/citations?hl=en&user=vOLzNbQAAAAJ
Alysia Vrailas-Mortimer,Illinois State University,ilstu.edu,750,aging,https://scholar.google.com/citations?hl=en&user=9GJrHxsAAAAJ
Matthew B Dugas,Illinois State University,ilstu.edu,737,animal communication | behavioral ecology | evolutionary ecology,https://scholar.google.com/citations?hl=en&user=eSvU7IMAAAAJ
John McHale,Illinois State University,ilstu.edu,737,Communication Politics,https://scholar.google.com/citations?hl=en&user=4BT_dlYAAAAJ
"Wen-Chuan, Hsieh",Professor of I-SHOU University,isu.edu.tw,732,Biodegradable Polymer | 3D scaffold | Fermentation,https://scholar.google.com/citations?hl=en&user=bgepzQYAAAAJ
Lara J. Handsfield,Illinois State University,ilstu.edu,731,Education | Literacy | Multilingualism,https://scholar.google.com/citations?hl=en&user=iOXg3-8AAAAJ
Chia-Jung Cho,I-Shou University,isu.edu.tw,728,pervoskite LED | conductive sensing fiber | electrospun nanofibers | conjugated polymers,https://scholar.google.com/citations?hl=en&user=RTd5zvwAAAAJ
Omer Cevit,Professor of Medicine,isu.edu.tr,727,Pediatric allergy immunology,https://scholar.google.com/citations?hl=en&user=CGsbPh8AAAAJ
Abigail Kerr,Illinois Wesleyan University,iwu.edu,727,Not Mentioned,https://scholar.google.com/citations?hl=en&user=u1cngskAAAAJ
Beth Hatt,"Professor, Illinois State University",Not Mentioned,724,Constructions of Ability/Smartness in schools | Learner Identity and Ability | School-to-Prison Pipeline,https://scholar.google.com/citations?hl=en&user=FCiQtVUAAAAJ
Pirmin Nietlisbach,"School of Biological Sciences, Illinois State University",ilstu.edu,714,Evolutionary Biology | Conservation Genetics | Molecular Ecology,https://scholar.google.com/citations?hl=en&user=mihsHkgAAAAJ
James Rossman,"Professor Emeritus, Illinois State University",ilstu.edu,710,Experience Design,https://scholar.google.com/citations?hl=en&user=k8bpElEAAAAJ
Ronnie Jia,Illinois State University,ilstu.edu,705,Information Systems,https://scholar.google.com/citations?hl=en&user=XYA-MLwAAAAJ
Jan-Ulrik Dahl,"Illinois State University, School of Biological Sciences",ilstu.edu,702,Microbiology | microbial stress response | redox biology,https://scholar.google.com/citations?hl=en&user=ZEwNrZYAAAAJ
Jiazheng Yuan,"Fayetteville State University, Southern Illinois University, Michigan State University",uncfsu.edu,700,Plant Breeding | Genomics | Gene mapping,https://scholar.google.com/citations?hl=en&user=T7CGaT0AAAAJ
John Dudgeon,"Associate Professor of Anthropology, Idaho State University",isu.edu,699,bioarchaeology | island archaeology,https://scholar.google.com/citations?hl=en&user=cXBy75gAAAAJ
Rakesh Mandal,University of Wisconsin,isu.edu,698,Medicine | Hematopathology | Pathology,https://scholar.google.com/citations?hl=en&user=RDhABlkAAAAJ
Deborah Seifert,Illinois State University,ilstu.edu,697,whistleblowing | organizational citizenship and justice,https://scholar.google.com/citations?hl=en&user=EwjbcJIAAAAJ
Richard Remington,"Affiliate Faculty, Idaho State University, College of Pharmacy",isu.edu,690,Statistics in Healthcare,https://scholar.google.com/citations?hl=en&user=DkzZFnYAAAAJ
Mark Halx,Illinois Wesleyan University/Halx Consulting Group,iwu.edu,688,Critical education | critical thinking | qualitative research | social justice | education for citizenship,https://scholar.google.com/citations?hl=en&user=lSjIG5QAAAAJ
Arya Ebrahimpour,"Professor of Civil Engineering, Idaho State University",isu.edu,688,Not Mentioned,https://scholar.google.com/citations?hl=en&user=-NVLnyUAAAAJ
Irene van Woerden,Idaho State University,isu.edu,681,Not Mentioned,https://scholar.google.com/citations?hl=en&user=7jTeyv4AAAAJ
Terry Husband,"Professor of Early Childhood Literacy, Illinois State University",ilstu.edu,677,African American Boys | Literacy | Anti-Racist Education | Critical Literacy,https://scholar.google.com/citations?hl=en&user=QWeOx0oAAAAJ
Charles Hodges,"… of West Georgia, Southern Illinois University-Carbondale, Georgia State University",westga.edu,673,Corporate Finance | Aysmmetric Information | Long-run Investing,https://scholar.google.com/citations?hl=en&user=CH4EAGMAAAAJ
Wen-Ni Wennie Huang,Not Mentioed,go.isu.edu.tw,673,Not Mentioned,https://scholar.google.com/citations?hl=en&user=Jg7MzikAAAAJ
Sumesh J. Philip,Illinois State University,ilstu.edu,669,Cybersecurity | Network Security | Wireless Networks | Internet of Things,https://scholar.google.com/citations?hl=en&user=FSLPoPoAAAAJ
Biao Feng,KC; LANL; ISU; fengbiao11@gmail.com,lanl.gov,665,Solid Mechanics | Crystal Plasticity | Phase Transformations | Mechanics of Materials,https://scholar.google.com/citations?hl=en&user=nXvYKrcAAAAJ
Nasr Eldin Ahmed Mahmoud,Professor of Physics Ibn Sina University,isu.edu.sd,664,Not Mentioned,https://scholar.google.com/citations?hl=en&user=gJzJgswAAAAJ
Chiharu Ishida,illinois state university,ilstu.edu,660,Not Mentioned,https://scholar.google.com/citations?hl=en&user=CxBmXpUAAAAJ
Виктор Кузеванов,Иркутский государственный университет,isu.ru,660,Biology | botany | biotechnology | trends | botanic gardens,https://scholar.google.com/citations?hl=en&user=ArJeaj8AAAAJ
Miranda lin,"Professor of Early Childhood Education, Illinois State University",ilstu.edu,658,Not Mentioned,https://scholar.google.com/citations?hl=en&user=Ha04t8QAAAAJ
Zeliha Kapusuz gencer,İSTİNYE ÜNİVERSİTESİ,isu.edu.tr,654,Not Mentioned,https://scholar.google.com/citations?hl=en&user=JwHt_sUAAAAJ
Marion C Willetts,"Associate Professor of Sociology, Illinois State University",ilstu.edu,653,Not Mentioned,https://scholar.google.com/citations?hl=en&user=-VkwilgAAAAJ
Anna Smith,Illinois State University,ilstu.edu,652,contemporary composition | writing development | critical technologies in education | transliteracies,https://scholar.google.com/citations?hl=en&user=8s1h-x0AAAAJ
gokhan bozkurt,İstinye Üniversitesi,isu.edu.tr,649,Nöroşirürji,https://scholar.google.com/citations?hl=en&user=FIj-BMgAAAAJ
İBRAHİM ERTUĞRUL,Gaziosmanpaşa Medical Park Hastanesi,isu.edu.tr,647,Gastroenteroloji ve İç Hastalıkları,https://scholar.google.com/citations?hl=en&user=tyLlKTUAAAAJ
Andrew Stumpf,Illinois State Geological Survey/University of Illinois Urbana-Champaign,illinois.edu,646,Quaternary geology and glacial … | thermogeology | geologic hazards | climate change | critical zone science,https://scholar.google.com/citations?hl=en&user=lPei4FIAAAAJ
Yu-Jung Huang,"Professor of Electronic Engineering, I-Shou University",isu.edu.tw,643,VLSI | Package Design | Machine Learning,https://scholar.google.com/citations?hl=en&user=gfMbpk0AAAAJ
Laura J. Finan,Illinois State University,ilstu.edu,641,adolescent development | social determinants of health | alcohol and other substance use,https://scholar.google.com/citations?hl=en&user=iSU2wK4AAAAJ
Vijay Surla,"Colorado State University, University of Illinois, Stanford University, Princeton",Not Mentioned,638,Plasma material interactions,https://scholar.google.com/citations?hl=en&user=uvf3OasAAAAJ
Uttam Manna,Associate Professor of Physics at Illinois State University,ilstu.edu,636,Optical Physics | Condensed Matter Physics | Novel Engineered Materials,https://scholar.google.com/citations?hl=en&user=xhkbeuEAAAAJ
Anirban Chakraborty,"Assistant Professor, Idaho State University",isu.edu,636,Geomicrobiology | biogeography | extremophiles | deep biosphere,https://scholar.google.com/citations?hl=en&user=CiV6iysAAAAJ
Sladjana Cabrilo,"Full Professor, I-Shou University, Taiwan",isu.edu.tw,635,Knowledge Management | Intellectual Capital | Innovation and Change | International Business | Leadership,https://scholar.google.com/citations?hl=en&user=NJmhXZwAAAAJ
Lindsey J Thomas,"Assistant Professor, Illinois State University",ilstu.edu,635,Communication Studies,https://scholar.google.com/citations?hl=en&user=yI8t6gUAAAAJ
Richard Nagorski,Illinois State University,ilstu.edu,635,Physical Organic Chemistry,https://scholar.google.com/citations?hl=en&user=XLI-iPIAAAAJ
Domingo Castelo Joaquin,Illinois State University,ilstu.edu,635,Corporate Finance | Real Options | Simulation Modeling | Capital Budgeting | Axiomatic Choice Theory,https://scholar.google.com/citations?hl=en&user=ua5GH-IAAAAJ
Phillip Hash,Illinois State University,ilstu.edu,633,music education history | instrumental music education | assessment,https://scholar.google.com/citations?hl=en&user=6T9zrH8AAAAJ
Daniel J Elkins,Illinois State University,ilstu.edu,632,Not Mentioned,https://scholar.google.com/citations?hl=en&user=TtTbA7AAAAAJ
Vladimir Kobychev,Иркутский государственный университет,cc.isu.ru,622,Quantum chemistry | reaction mechanisms,https://scholar.google.com/citations?hl=en&user=TWCKsFYAAAAJ
Jeffrey Courtright,"Associate Professor of Communication, Illinois State University",ilstu.edu,620,corporate reputation | environmental communication | international public relations | rhetorical theory & criticism | nonprofits,https://scholar.google.com/citations?hl=en&user=bAyFHtcAAAAJ
Shakti S. Chauhan,"Apple - SEG, GE - Corp. R&D, ISU",apple.com,619,Electronics Miniaturization | Advanced Interconnects | Materials Science | Thermal Management,https://scholar.google.com/citations?hl=en&user=miKo0qkAAAAJ
Vitit Kantabutra,"Associate Professor of Computer Science and Electrical Engineering, Idaho State University",isu.edu,618,Databases | GIS | Digital Humanities | VLSI | Algorithms,https://scholar.google.com/citations?hl=en&user=WWGbZ_IAAAAJ
Beverly J. Klug,Idaho State University,isu.edu,602,American Indian Education | literacy | teacher education | special education,https://scholar.google.com/citations?hl=en&user=Ydv1NYQAAAAJ
Kyle Miller,"School of Teaching and Learning, Illinois State University",Not Mentioned,601,Families | Teacher Education | Early Learning | Visual Research | Social Justice,https://scholar.google.com/citations?hl=en&user=N2BlrYoAAAAJ
Ray Amirault,"Office of the Dean, COE, Illinois State University",ilstu.edu,597,instructional systems | instructional technology | distance learning,https://scholar.google.com/citations?hl=en&user=DHbikwQAAAAJ
Noelle Selkow,"Assistant professor, Illinois State University",ilstu.edu,594,Cryotherapy | blood flow | diagnostic ultrasound | manual therapy,https://scholar.google.com/citations?hl=en&user=ec_CJwgAAAAJ
Yojanna Cuenca-Carlino,"Department of Special Education, Illinois State University",ilstu.edu,592,writing instruction | students with emotional disorders | strategy instruction,https://scholar.google.com/citations?hl=en&user=5Gu70dEAAAAJ
Mahua Biswas,"Assistant Professor, Illinois State University, Normal, IL",ilstu.edu,590,Semiconductor | Optics | Polymer | Atomic Layer Deposition,https://scholar.google.com/citations?hl=en&user=w5gKtk8AAAAJ
Stephanie Strickler,Illinois State University,ilstu.edu,573,Not Mentioned,https://scholar.google.com/citations?hl=en&user=oHBc4QQAAAAJ
Amir Ali,"Assistant Professor, Idaho State University, USA",isu.edu,568,Thermal Hydraulics | CFD | Heat Transfer Enhancement | Flow in Porous Media | FHR reactors,https://scholar.google.com/citations?hl=en&user=HSpjyqsAAAAJ
Dane Ward,"Senior Associate Dean, Milner Library, Illinois State University",ilstu.edu,557,Innovative Academic Libraries | Information Literacy | Organizational Process,https://scholar.google.com/citations?hl=en&user=dVN_tEoAAAAJ
Carie B. Weddle,Illinois State University,alumni.ilstu.edu,557,Evolutionary Biology | Genetics | Behavioral Ecology | Sexual Selection | Communication,https://scholar.google.com/citations?hl=en&user=C5MaCwkAAAAJ
Tobias Pret,"Assistant Professor of Entrepreneurship, Illinois State University",ilstu.edu,557,Entrepreneurship | Creativity | Context | Artisan Entrepreneurs | Qualitative Research,https://scholar.google.com/citations?hl=en&user=sWvLi7kAAAAJ
TATYANA N. IL'INA (Ильина Татьяна Николаевна),… университет им. В.Г. Шухова (Belgorod State Technological University after VG Shoukhov),bstu.ru,556,Вентиляция | кондиционирование | физико-химическая механика дисперсных …,https://scholar.google.com/citations?hl=en&user=uaX9zmkAAAAJ
Julie Lesnik,"Wayne State University, University of Michigan, Northeastern Illinois University, University of",wayne.edu,554,Human evolution and ecology | entomophagy | insects as food | multispecies anthropology,https://scholar.google.com/citations?hl=en&user=Ha5S_osAAAAJ
Zeng Lin,Illinois State University,ilstu.edu,552,Sociology of Education,https://scholar.google.com/citations?hl=en&user=2hvKoeAAAAAJ
Süleyman Kılıç,İSTİNYE ÜNİVERSİTESİ,isu.edu.tr,549,ÜROLOJİ PROFESÖRÜ,https://scholar.google.com/citations?hl=en&user=FgEGe9gAAAAJ
gulay aydın tireli,istinye  university,isu.edu.tr,547,pediatric surgery | pediatric urology | hypospadias surgery,https://scholar.google.com/citations?hl=en&user=4qCtP1oAAAAJ
Georgia Hart-Fredeluces,"Postdoctoral Researcher, Idaho State University",isu.edu,545,ethnoecology | population modeling | adaptive capacity | global change,https://scholar.google.com/citations?hl=en&user=PThghacAAAAJ
Hsiang-Ning Rebecca Chu,"Assistant Professor of International Business Administration, I-Shou University",isu.edu.tw,525,English-Medium Instruction (EMI) | Learning Strategies | Student Motivation,https://scholar.google.com/citations?hl=en&user=1m1e-dANjuYC
Kenneth Khang,Idaho State University,isu.edu,524,Finance,https://scholar.google.com/citations?hl=en&user=va58InUAAAAJ
Ильхам Исламович Галиев (Il'kham I. Galiyev),… государственный университет путей сообщения (Omsk State Transport University),omgups.ru,522,динамика | грузовой вагон | подвижной состав | эксплуатационная надежность | механика,https://scholar.google.com/citations?hl=en&user=nPQYaBcAAAAJ
Katrina Running,Idaho state university,isu.edu,521,Not Mentioned,https://scholar.google.com/citations?hl=en&user=eKxHiHIAAAAJ
Shuaib Kayode AREMU MBBS(IL);Certs. LMIH& IEGH(Washington); FWACS(WA);FACS(USA);MscPH(USW),"… , College of Medicine and Health Sciences, Afe Babalola University ,Ado-Ekiti,Ekiti State",abuad.edu.ng,511,General Otorhinolaryngology | Head & Neck Surgery    Rhinology | Otology | Endoscopic Surgeries,https://scholar.google.com/citations?hl=en&user=zKFwtUsAAAAJ
Elizabeth S. White,"Associate Professor, Illinois State University",ilstu.edu,508,Not Mentioned,https://scholar.google.com/citations?hl=en&user=ka7MEp8AAAAJ
Ali Shokrgozar,Ph.D. Student of Idaho State University,isu.edu,506,Earthquake | Finite Element Modeling | Accelerated Bridge Construction | Structual Engineering,https://scholar.google.com/citations?hl=en&user=D0c3U3oAAAAJ
Li-Ling Liao,I-Shou University,isu.edu.tw,505,Health Promotion,https://scholar.google.com/citations?hl=en&user=RmL9NrEAAAAJ
Richard Boser,Illinois State University,ilstu.edu,504,Project management,https://scholar.google.com/citations?hl=en&user=l1ZG0CwAAAAJ
Mohammadamin Torabi,ISU PhD Candidate,isu.edu,504,CFD | Flow3D | Hydraulics | Renewable energy,https://scholar.google.com/citations?hl=en&user=8ZJxgLsAAAAJ
Hung-Wei Kan,Not Mentioed,isu.edu.tw,502,Not Mentioned,https://scholar.google.com/citations?hl=en&user=Zy4usK0AAAAJ
Kristina Blaiser,"Associate Professor, Idaho State University",isu.edu,500,hearing loss | children | speech language pathology,https://scholar.google.com/citations?hl=en&user=cA9rcqsAAAAJ
Chris Gjesfjeld,Illinois State University,ilstu.edu,500,Not Mentioned,https://scholar.google.com/citations?hl=en&user=4RY8LVcAAAAJ
SOO IL SHIN,Kennesaw State University,kennesaw.edu,499,Information Systems,https://scholar.google.com/citations?hl=en&user=UIyKMdMAAAAJ
Hsi-Mei Chung,"Professor, Department of Business Administration, I-Shou University",isu.edu.tw,494,family business | business group | strategic management,https://scholar.google.com/citations?hl=en&user=RhIJbGIAAAAJ
David Racine,"Executive Director, Center for State Policy and Leadership, University of Illinois Springfield",uis.edu,493,policy implementation | program replication | evaluation | management | organization theory,https://scholar.google.com/citations?hl=en&user=Dk-3CH0AAAAJ
Ioannis Manousakas,I-Shou University,isu.edu.tw,493,Ultrasonics | Medical Imaging | Medical Instruments,https://scholar.google.com/citations?hl=en&user=cfwXcOMAAAAJ
Ui-Jeen Yu,Illinois State University,ilstu.edu,492,fashion merchandising | social psychology of clothing,https://scholar.google.com/citations?hl=en&user=PTIylnEAAAAJ
Ting-Sheng Lin,"Department of Biomedical Engineering, I-Shou University",isu.edu.tw,489,Biomechanics | Orthopedics | Dentistry | Finite Element Method | Computer-aided Engineering(CAD),https://scholar.google.com/citations?hl=en&user=J7QhY9EAAAAJ
Mani Ratnam Rai,Research Associate at University of North Carolina and North Carolina State University,post.bgu.ac.il,489,Applied Optics | Holography | Biomedical Optics | Light Sheet Microscopy | Deep Learning,https://scholar.google.com/citations?hl=en&user=G50dR5MAAAAJ
Amanda Quesenberry,"Associate Professor, School of Teaching and Learning, Illinois State University",ilstu.edu,488,early childhood education | social and emotional development | addressing challenging behavior | educational policy | school-university partnerships,https://scholar.google.com/citations?hl=en&user=dxi_UzQAAAAJ
Sudeep Tiwari (Ph.D Microbiology),"Ben-Gurion University of the Negev & ARO, State of Israel",post.bgu.ac.il,487,Plant microbiome | Biogeochemistry | Nematology | Biotransformation | Microbiology,https://scholar.google.com/citations?hl=en&user=EgIo_d8AAAAJ
Ренат Адельшин,старший научный сотрудник лаборатории природно-очаговых вирусных инфекций …,bio.isu.ru,486,РНК вирусы | филогения | эволюция,https://scholar.google.com/citations?hl=en&user=-5UjWH4AAAAJ
Michael Seeborg,"Professor of Economics, Emeritus, Illinois Wesleyan University",iwu.edu,482,Labor Economics,https://scholar.google.com/citations?hl=en&user=Ht-kKi0AAAAJ
Luke T. Russell,"Assistant Professor, Illinois State University",ilstu.edu,481,Divorce | Remarriage | Stepfamilies | Resilience | Chronic Illness,https://scholar.google.com/citations?hl=en&user=PQAq5GUAAAAJ
Suejung Han,"Assistant Professor of Psychology, Illinois State University",ilstu.edu,477,Counseling Psychology | Disordered Eating | Diversity,https://scholar.google.com/citations?hl=en&user=bUuU8hUAAAAJ
Suman Saha,Illinois State University,ilstu.edu,476,Not Mentioned,https://scholar.google.com/citations?hl=en&user=xo-016kAAAAJ
Elizabeth Horn,Idaho State University,isu.edu,471,Not Mentioned,https://scholar.google.com/citations?hl=en&user=GL5uXz0AAAAJ
Mehdi Karimi,"Assistant Professor of Mathematics, Illinois State University",ilstu.edu,470,optimization | convex analysis | software packages | optimization in power systems,https://scholar.google.com/citations?hl=en&user=UbOboO0AAAAJ
DOYONG PARK,Illinois State University,ilstu.edu,465,STEM Education | Use of Makerspaces | IoT | Geoscience Ed | NOS,https://scholar.google.com/citations?hl=en&user=Oqrad_4AAAAJ
Murad Qasaimeh,Iowa State University (ISU),iastate.edu,462,Reconfigurable Computing | Computer Vision | Artificial Intelligence | Deep Learning,https://scholar.google.com/citations?hl=en&user=Y1-JvjsAAAAJ
Aslihan D. Spaulding,"Professor of Agribusiness & Food Industry Management, Illinois State University",ilstu.edu,461,Survey research methodology | Farmer and Consumer Behavior | Strategic Agribusiness Sales Management,https://scholar.google.com/citations?hl=en&user=zHcdvwUAAAAJ
Christopher Breu,"Professor of English, Illinois State University",ilstu.edu,460,Critical and Cultural Theory | Contemporary Literature and popular Culture | Gender and Sexuality,https://scholar.google.com/citations?hl=en&user=kfqV1qgAAAAJ
Alper Can,istinye üniversitesi,isu.edu.tr,459,tıbbı onkoloji,https://scholar.google.com/citations?hl=en&user=uHIBg5kAAAAJ
Chi-Wei Chen,I-Shou University,isu.edu.tw,459,Not Mentioned,https://scholar.google.com/citations?hl=en&user=8uKit50AAAAJ
Michele Brumley,Idaho State University,isu.edu,457,Behavioral Neuroscience | Developmental Psychobiology,https://scholar.google.com/citations?hl=en&user=qs-5CeIAAAAJ
Anton Gurkov,Irkutsk State University,biosoil.isu.ru,447,Amphipods | Baikal | optical microsensors | implantable microsensors | ecophysiology,https://scholar.google.com/citations?hl=en&user=LUKGGScAAAAJ
Christy Borders,Illinois State University,illinoisstate.edu,440,Deaf Education,https://scholar.google.com/citations?hl=en&user=73qH-18AAAAJ
Jason Q. Pilarski,Idaho State University,isu.edu,439,control of breathing,https://scholar.google.com/citations?hl=en&user=EyArmK8AAAAJ
