Prof. Pralay Maiti,"School of Materials Science and Technology, Indian Institute of Technology (BHU), Varanasi …",itbhu.ac.in,12443,Biomaterials | Energy Materials | Gel | Radiation induced phenomena | Polymer Nanocomposites,https://scholar.google.com/citations?hl=en&user=D7wEw-kAAAAJ
SN Upadhyay,"Emeritus Professor, Department of Chemical Eng, IIT (BHU) Varanasi",itbhu.ac.in,10287,Chemical Engineering,https://scholar.google.com/citations?hl=en&user=8PC0TdsAAAAJ
SK Gupta,"Associate Professor of Civil Engineering, IIT BHU, Varanasi",iitbhu.ac.in,10060,Mathematical and Statistical Modelling | Numerical Simulation | Water Resources Systems | Design of Hydraulic Structures | Computati,https://scholar.google.com/citations?hl=en&user=D2zsPEgAAAAJ
Manvandra Singh,"Tribology Lab, Department of Mechanical Engineering, IIT (BHU), Varanasi",Not Mentioned,8486,Tribology | metal matrix composites | Enegineering materials,https://scholar.google.com/citations?hl=en&user=NQ5CYt8AAAAJ
Brahmeshwar Mishra,"Prof. & Former Head, Deptt of Pharm Engg & Technology, IIT (BHU),Varanasi, India",itbhu.ac.in,8000,Pharmaceutics | Novel Drug Delivery Systems | Nanomedicines | Pharmacokinetics and Pharmacodynamics,https://scholar.google.com/citations?hl=en&user=v-NE3nsAAAAJ
Jahar Sarkar,"Mechanical Engineering, Indian Institute of Technology (BHU) Varanasi, India",itbhu.ac.in,7604,Heat transfer | Nanofluids | Refrigeration | Heat pump | Thermodynamics,https://scholar.google.com/citations?hl=en&user=Tv8978gAAAAJ
Surya Kant Singh,"Indian Institute of Technology (BHU), Varanasi",iitbhu.ac.in,7529,Computer Vision and Image Processing,https://scholar.google.com/citations?hl=en&user=Qz45GR4AAAAJ
Prof. Rajiv Prakash,"Indian Institute of Technology (BHU) Varanasi, India and Indian Institute of Technology …",iitbhu.ac.in,7024,Conducting Polymers | Nanocomposites | Sensors & Biosensors | Organic Electronics and Materials Chemistry,https://scholar.google.com/citations?hl=en&user=1uRK1sIAAAAJ
Dr. Om Parkash,"Professor of Ceramic Engineering, IIT (BHU) Varanasi-221005, India",itbhu.ac.in,6155,Electronic Ceramics | Solid Electrolyte for SOFC | Glass | Glass Ceramics | Nanophosphor,https://scholar.google.com/citations?hl=en&user=52t8jDcAAAAJ
Prof. Sanjay Kumar Singh,"Indian Institute of Technology (BHU), Varanasi, Uttar Pradesh",iitbhu.ac.in,5564,Image and Video Processing | Deep Learning | Machine Learning | Biometrics | Artificial Intelligence,https://scholar.google.com/citations?hl=en&user=LCD74DIAAAAJ
"Dr. Pranjal Chandra,  Ph.D, FICS, MNASc, MRSC, ICMR Awardee, Associate Prof. & Ramanujan Fellow","School of Biochemical Engineering, INDIAN INSTITUTE OF TECHNOLOGY(BHU), Varanasi …",IITBHU.AC.IN,5395,Clinical Biosensors | Bio-Instrumentation | Device Designs | Nanobioengineering | Material Engineering,https://scholar.google.com/citations?hl=en&user=kpS12-EAAAAJ
Soumya Ranjan Mohanty,"… of Electrical Engineering Indian Institute Of Technology (BHU) ,Varanasi,Uttar Pradesh India",itbhu.ac.in,3813,Power System Protection.Smart Grid | Microgrid Protection and Control,https://scholar.google.com/citations?hl=en&user=r6MbakMAAAAJ
Saravanakumar Elangovan,"Indian Institute of Technology (BHU), Varanasi",itbhu.ac.in,3807,Homogeneous Catalysis and Green …,https://scholar.google.com/citations?hl=en&user=fQg3EjcAAAAJ
Dr. NK Mukhopadhyay,"Professor, Dept of Metallurgical Engg, Indian Institute of Technology (BHU), Varanasi 221 …",iitbhu.ac.in,3630,Quasicrystals | Phase transformation | Mechanical alloying | Electron microscopy | nanoindentation,https://scholar.google.com/citations?hl=en&user=5F_wAXUAAAAJ
Subir Das,"Professor, Department of Mathematical Sciences, IIT (BHU), Varanasi, India.",iitbhu.ac.in,3546,Mathematical Modelling | Fracture Mechanics | Fractional Calculus | Nonlinear Dynamics,https://scholar.google.com/citations?hl=en&user=Ys0sl5oAAAAJ
Vikash Kumar Dubey,Indian Institute of Technology (BHU) Varanasi,itbhu.ac.in,3373,Medical Biotechnology | Protein Biochemistry | Parasite Biochemistry | Leishmania | Protein folding and aggregation,https://scholar.google.com/citations?hl=en&user=6GeQ1z0AAAAJ
"Prof. Sushil Kumar Singh, FRSC","Department of Pharmaceutical Engineering & Technology, IIT(BHU, Varanasi",itbhu.ac.in,3258,Pharmaceutical Chemistry | Medicinal Chemistry,https://scholar.google.com/citations?hl=en&user=ryvq0z0AAAAJ
Kirpa Ram,"… Laboratory, The University of Tokyo, IIT Bhubaneswar, NEERI Nagpur, BHU Varanasi",bhu.ac.in,3157,Atmsopheric aerosols | chemical composition | optical properties | asborption | scattering,https://scholar.google.com/citations?hl=en&user=un2oi_oAAAAJ
Joysurya Basu,"Department of Metallurgical Engineering, Indian Institute of Technology (BHU), Varanasi",iitbhu.ac.in,3018,Electron Microscopy | Physical Metallurgy | Phase Transformation,https://scholar.google.com/citations?hl=en&user=A3Eod1cAAAAJ
Ashish Kumar Agrawal,"… Professor, Department of Pharmaceutical Engineering & Technology, IIT (BHU), Varanasi",iitbhu.ac.in,3010,Liposome | Nanoparticles | Exosomes | Cancer | Antibiotic resistance,https://scholar.google.com/citations?hl=en&user=ZOZwu6AAAAAJ
Dr. Prabhakar Singh,"Department of Physics, Indian Institute of Technology (BHU) Varanasi",itbhu.ac.in,2938,Condensed matter physics | Materials Science and Technology,https://scholar.google.com/citations?hl=en&user=HVzaONMAAAAJ
Dr. Abhishek Kumar Srivastava,"Department of Physics, Indian Institute of Technology (BHU), Varanasi, India",iitbhu.ac.in,2779,Solar Physics,https://scholar.google.com/citations?hl=en&user=SDHHhfgAAAAJ
Prof BN Dwivedi,"Department of Physics, IIT (BHU), Varanasi, India",iitbhu.ac.in,2747,Solar Physics,https://scholar.google.com/citations?hl=en&user=TNYkc18AAAAJ
Dr. D. Singh,"… , Department of Electrical Engineering, Indian Institute of Technology (BHU) Varanasi",iitbhu.ac.in,2593,Power systems,https://scholar.google.com/citations?hl=en&user=ttve4NkAAAAJ
RK Saket,"… (Electrical Engineering), Indian Institute of Technology (BHU), Varanasi (UP) INDIA",iitbhu.ac.in,2538,Reliability Engineering | Power System Reliability | Electrical Machines & Drives | Renewable Power Generation | WECS Controllers,https://scholar.google.com/citations?hl=en&user=qTg-PR4AAAAJ
Somak Bhattacharyya,"Indian Institute of Technology (Banaras Hindu University), Varanasi",iitbhu.ac.in,2529,Metamaterials | microwave photonics | frequency selective surfaces | graphene metasurface | terahertz,https://scholar.google.com/citations?hl=en&user=tTAzKj0AAAAJ
Dr. Ashish Kumar Mishra,"Assistant Professor, School of Materials Science & Technology, IIT (BHU), Varanasi",iitbhu.ac.in,2511,Nanomaterials and nanotechnology | Energy Application | Optoelectronics Application,https://scholar.google.com/citations?hl=en&user=qJOlB1wAAAAJ
Chandana Rath,"School of Materials Science and Technology, IIT (BHU), Varanasi ",itbhu.ac.in,2442,Nano Materials | Magnetism,https://scholar.google.com/citations?hl=en&user=6dsdZ2EAAAAJ
Ojha SN*,"Institute Professor, Department of of Metallurgical  Engineering, IIT(BHU), Varanasi-221005 …",itbhu.ac.in,2424,spray forming | semi-solid processing | wear characteristics | steel technology | undercooling of metallic melts,https://scholar.google.com/citations?hl=en&user=BeVRgWMAAAAJ
AKVerma,"Associate Professor, Indian Institute of Technology(BHU) Varanasi, India",iitbhu.ac.in,2422,Mining | Rock Mechanics | Engineering Geology | Numerical Modeling | Finite Element,https://scholar.google.com/citations?hl=en&user=mUCM_A4AAAAJ
Prof SP Singh,"Professor of Electrical Engineering, IIT(BHU) Varanasi-221005, India",itbhu.ac.in,2380,Power Systems operation and Control,https://scholar.google.com/citations?hl=en&user=LwxTFRgAAAAJ
Sunil Kumar Singh,Indian Institute of Technology (BHU) Varanasi,itbhu.ac.in,2353,Physics,https://scholar.google.com/citations?hl=en&user=Edr26-oAAAAJ
Prof. Anand Mohan,"Professor of Electronics Engineering, Indian Institute of Technology (BHU), Varanasi",itbhu.ac.in,2324,Data Hiding | Digital Systems | Steganography | Microprocessor Engineering | Electronic Instrumentation,https://scholar.google.com/citations?hl=en&user=wUbvD24AAAAJ
Prof. Neeraj Sharma,"Indian Institute of Technology BHU, Varanasi",itbhu.ac.in,2270,Biomedical Instrumentation | Signal and Image Processing,https://scholar.google.com/citations?hl=en&user=JUvZS3oAAAAJ
Ranjana Patnaik,"School of Biomedical Engineering, Indian Institute of Technology (BHU), Varanasi",itbhu.ac.in,2130,Neurophysiology | Electrophysiology | Biochemistry | and Biomaterials.,https://scholar.google.com/citations?hl=en&user=89_XQ-QAAAAJ
RB Rastogi,"Indian Institute of Technology (Banaras Hindu University) Varanasi, India",itbhu.ac.in,2021,Inorganic Synthesis and Tribology,https://scholar.google.com/citations?hl=en&user=SYcyWZ8AAAAJ
Marshal Dhayal,"Indian Institute of Technology (BHU), Varanasi, India",iitbhu.ac.in,1916,Nano-cellular Medicine | Biophysics | Bioengineering | Biosensors | Functional Materials,https://scholar.google.com/citations?hl=en&user=BRX19PoAAAAJ
Prof. Rajeev Srivastava,"Professor of Computer Sc. and Engineering, IIT(BHU), Varanasi, UP, India",iitbhu.ac.in,1900,Computer Vision | Medical Image Analysis | Machine Learning | Video Surveillance | Digital Forensics,https://scholar.google.com/citations?hl=en&user=PYc-YX0AAAAJ
Suprakash Gupta,"Professor, Department of Mining Engineering, IIT (BHU) Varanasi",iitbhu.ac.in,1830,Reliability | Safety | Human Error | MCDM | Maintenance,https://scholar.google.com/citations?hl=en&user=lIvSKoEAAAAJ
Prof. PK Jain,"… Institute of Technology Patna      and    Indian Institute of Technology ( BHU), Varanasi",iitbhu.ac.in,1803,Microwave Engineering | High Power Devices | Microwave Tubes,https://scholar.google.com/citations?hl=en&user=Y-gadT0AAAAJ
Preetam Singh,"Associate Professor @ Dept. of Ceramic Engineering, IIT(BHU) Varanasi, UP, India",itbhu.ac.in,1785,Energy Materials | battery and capacitors | SOFC | Nanomaterials | Exhaust and water gas shift catalysis,https://scholar.google.com/citations?hl=en&user=F5mYWzQAAAAJ
Sanjay Singh,"Indian Institute of Technology (BHU), Varanasi, India",iitbhu.ac.in,1781,Heusler alloys | Shape memory | Caloric materials | Magnetism | X-ray & Neutron Diffraction,https://scholar.google.com/citations?hl=en&user=_KVZDxkAAAAJ
Asha Gupta,"… of Chemistry, Indian Institute of Technology-BHU (IIT-BHU), Varanasi 221005, UP, India",itbhu.ac.in,1706,Materials and Solid State Chemistry | Battery Technology | Environmental Catalysis,https://scholar.google.com/citations?hl=en&user=gINfjSIAAAAJ
Radhey Shyam Srivastava,"Professor of Pharmaceutical Chemistry, Department of Pharmaceutics, IIT (BHU) Varanasi",Not Mentioned,1668,Phytochemistry | Natural Products | Process Chemistry | Drug Discovery | Computer Aided Drug Design,https://scholar.google.com/citations?hl=en&user=eD1C1lgAAAAJ
Chandan Upadhyay,"Indian Institute of Technology (BHU), Varanasi, India",itbhu.ac.in,1627,Magnetism | Multiferroics | Quantum Materials | Multifunctional Materials,https://scholar.google.com/citations?hl=en&user=grA4JMoAAAAJ
Rajesh K. Pandey,Indian Institute of Technology (BHU) Varanasi,iitbhu.ac.in,1488,Integro-differential equations | Wavelets | Image Processing | Fractional Derivative,https://scholar.google.com/citations?hl=en&user=jEOvhLcAAAAJ
Bidya Binay Karak,"Indian Institute of Technology (BHU), Varanasi",iitbhu.ac.in,1481,Solar and Stellar Dynamo | Magnetohydrodynamics | Solar convection | Solar Magnetic fields,https://scholar.google.com/citations?hl=en&user=17nNSlgAAAAJ
Sanjay Kumar Pandey,"Indian Institute of Technology (BHU), Varanasi",itbhu.ac.in,1475,Biomechanics | Fluid Dynamics (dust-devils | tornadoes | cyclones) | Graph Theory,https://scholar.google.com/citations?hl=en&user=0WO45XAAAAAJ
Dr. Tanima Dutta,"Indian Institute of Technology (Banaras Hindu University) Varanasi, India",iitbhu.ac.in,1469,Deep Networks | Computer Vision | Multimedia Forensics | Multimedia Networks | Human Computer Interaction,https://scholar.google.com/citations?hl=en&user=ofERjawAAAAJ
Rajnesh Tyagi,"Professor, Dept. of Mechanical Engg.  Indian Institute of Technology (BHU) Varanasi",itbhu.ac.in,1469,Composites | Tribology | Surface Engineering,https://scholar.google.com/citations?hl=en&user=ecXzceoAAAAJ
Subhasis Sinha,"Assistant Professor, Department of Metallurgical Engineering, IIT(BHU), Varanasi, India",iitbhu.ac.in,1383,Microstructure | Crystallographic Texture | Mechanical Behaviour | Thermo-mechanical processing,https://scholar.google.com/citations?hl=en&user=_5gLgoQAAAAJ
Dr. Hari Prabhat Gupta,"Dept of CSE, IIT (BHU) Varanasi",iitbhu.ac.in,1373,IoT | ML | Ubiquitous Computing | WSN,https://scholar.google.com/citations?hl=en&user=-JrVzUQAAAAJ
Dr. Vijay Kumar,"Indian Institute of Technology, Banaras Hindu University, Varanasi",itbhu.ac.in,1365,Environmental Nanotechnology | Silver and Gold Nanoparticles | Water Remediation | Environmental Science | Sustainable Development G,https://scholar.google.com/citations?hl=en&user=K3nqMOkAAAAJ
Kuldeep Verma,"Assistant Professor at Indian Institute of Technology (BHU), Varanasi",itbhu.ac.in,1358,Asteroseismology | Stellar Astrophysics | Galactic Archaeology | Machine Learning,https://scholar.google.com/citations?hl=en&user=zwTy5cQAAAAJ
Dr. Dhanesh Tiwary,"Professor,  Indian Institute of technology (BHU),  Varanasi",itbhu.ac.in,1347,Radiotracer technics and radioactive waste … | Development of composite materials as photo … | Bioremediation,https://scholar.google.com/citations?hl=en&user=wTyHkC4AAAAJ
Anil Kumar Tripathi,"… , Dept. of Computer Science & Engg, Indian Institute of Technology (BHU), Varanasi, INDIA",iitbhu.ac.in,1342,Parallel & Distributed Computing | Software Engineering,https://scholar.google.com/citations?hl=en&user=U-Vn2y4AAAAJ
Pradeep Srivastava,"Professor, School of Biochemical Engineering, IIT(BHU), Varanasi, India",itbhu.ac.in,1287,Cephalosporin C | ALR | Chondrocytes | Tissue Engineering | IPR,https://scholar.google.com/citations?hl=en&user=-xI7eCwAAAAJ
Prodyut Dhar,"Assistant Professor, Indian Institute of Technology (BHU) Varanasi",iitg.ac.in,1173,Not Mentioned,https://scholar.google.com/citations?hl=en&user=KFsPKWAAAAAJ
Amit Kumar,"SMST, Indian Institute of Technology (BHU), Varanasi",iitbhu.ac.in,1154,Condensed Matter Physics | Low Dimensional systems,https://scholar.google.com/citations?hl=en&user=NA7D8dEAAAAJ
Babau      Ram Vishvakarma,"Department of Electronics Engineering, IIT(BHU), Varanasi",Not Mentioned,1120,Microwave Active and Passive Devices,https://scholar.google.com/citations?hl=en&user=byOzk_cAAAAJ
Prof. Ram Pyare,"Professor at Department of Ceramic Engineering,IIT (BHU),Varanasi, India",itbhu.ac.in,1108,Glass Science & Technology | Ceramic Technical Analysis&Bio- ceramic,https://scholar.google.com/citations?hl=en&user=PcXIYbUAAAAJ
krishna kumar singh,"Indian Institute of Technology, Banaras Hindu University, Varanasi",Not Mentioned,1038,space physics,https://scholar.google.com/citations?hl=en&user=emz4SrsAAAAJ
Dr. Sanjeev Kumar Mahto,"Indian Institute of Technology (Banaras Hindu University), Varanasi",iitbhu.ac.in,969,Tissue Engineering | Stem Cell Engineering | Biomicrofluidics | Nanotoxicology | Neuroengineering,https://scholar.google.com/citations?hl=en&user=UJ2wEFAAAAAJ
Dr. Joy Prakash Misra,"Assistant Professor, Indian Institute of Technology (BHU) Varanasi",itbhu.ac.in,941,Machining Science | Advanced & Hybrid Machining Processes | Non-traditional Joining Techniques | Optimization,https://scholar.google.com/citations?hl=en&user=04nqEHAAAAAJ
Ashok Kumar Mondal,"… Prof, Dept of Metallurgical Engg, Indian Institute of Technology (BHU) Varanasi, INDIA",iitbhu.ac.in,904,Magnesium alloys | Mechanical behaviour,https://scholar.google.com/citations?hl=en&user=pxhyr2IAAAAJ
shradha mishra,Indian Institute of Technology (BHU) Varanasi,itbhu.ac.in,892,Condensed matter theory | Statistical Mechanics | Soft condensed matter,https://scholar.google.com/citations?hl=en&user=vOx244QAAAAJ
Dr VN Mishra,"Professor, Department of Electronics Engineering, IIT (BHU), Varanasi",itbhu.ac.in,883,Solid-state Devices | Gas Sensors | Thick and Thin film | Organic Semiconducting Devices | Conducting Polymers & Composites,https://scholar.google.com/citations?hl=en&user=Km3Fam8AAAAJ
Kamalesh K. Singh,"Indian Institute of Technology (Banaras Hindu University) Varanasi, India",iitbhu.ac.in,843,e-waste Recycling | recycling of Metallurgical wastes | Extraction of metals,https://scholar.google.com/citations?hl=en&user=_I50iqUAAAAJ
M Vashista,"Associate Professor, Department of Mechanical Engineering, IIT (BHU), Varanasi",itbhu.ac.in,838,Grinding | Machining | Welding | Material Characterization,https://scholar.google.com/citations?hl=en&user=tubynkkAAAAJ
Dr. Aditya Kumar Padhi,"School of Biochemical Engineering, Indian Institute of Technology (BHU), Varanasi, India",iitbhu.ac.in,836,Computational Biology | Protein Design | Translational Bioinformatics | Biomolecular Simulation | Computational Biophysics,https://scholar.google.com/citations?hl=en&user=riGxKOgAAAAJ
Neeraj Kumar Giri,"School of Materials Science and Technology, Indian Institute of Technology (BHU), Varanasi …",itbhu.ac.in,813,DSSC | triplet triplet annihilation | Laser spectroscopy | upconversion | glasses,https://scholar.google.com/citations?hl=en&user=N3nLHTYAAAAJ
Pavan Kumar Aluri,"Dept. of Physics, IIT(BHU), Varanasi-221005, India",itbhu.ac.in,811,Cosmology - CMB | Statistical Isotropy | Modified theories of Gravity,https://scholar.google.com/citations?hl=en&user=34oBZJoAAAAJ
Avanish Parmar,"Associate Professor, Department of Physics, Indian Institute of Technology (BHU) Varanasi …",itbhu.ac.in,784,Biophysics | Nanotechnology | Self-Assembly | Hybrid Materials,https://scholar.google.com/citations?hl=en&user=IK23KAQAAAAJ
Nikhil Saboo,"Assistant Professor, Indian Institute of Technology (BHU), Varanasi",iitr.ac.in,784,Highway materials | Rheology | Viscoelasticity | Pavement design and Analysis,https://scholar.google.com/citations?hl=en&user=4ybtNM0AAAAJ
Monika Srivastava,"Scientist (DST), School of Materials Science & Technology,IIT (BHU), Varanasi",itbhu.ac.in,784,Sensor | Biosensor | Electrochemistry | Corrosion Inhibition,https://scholar.google.com/citations?hl=en&user=Lrb8Ck0AAAAJ
Dr. Swapnil Patil,"Indian Institute of Technology (Banaras Hindu University), Varanasi, India",itbhu.ac.in,778,Correlated electron systems,https://scholar.google.com/citations?hl=en&user=3eTKJK8AAAAJ
Tanmoy Som,"… Mathematical Sciences, Indian Institute of Technology (Banaras Hindu University), Varanasi",iitbhu.ac.in,739,Functional Analysis | Fuzzy Set Theory | Optimization Modeling | Soft Computing | Image Processing,https://scholar.google.com/citations?hl=en&user=ZVw1nywAAAAJ
Ravindranath Chowdary C,"Dept. of CSE, IIT (BHU), Varanasi, India",iitbhu.ac.in,721,Information Extraction | Recommender Systems | Text Summarization | Web Mining,https://scholar.google.com/citations?hl=en&user=wWbOB0UAAAAJ
Mohammad Imteyaz Ahmad,"Assistant Professor, Indian Institute of Technology (BHU) Varanasi",itbhu.ac.in,720,Energy Materials | Negative expansion Materials | Nanopowder synthesis,https://scholar.google.com/citations?hl=en&user=ay_jhr4AAAAJ
Prasenjit Chanak,"Indian Institute of Technology (BHU), Varanasi-221005, UP, Indian",ieee.org,719,Wireless Sensor Networks | Internet of Things (IoT) | Cyber Physical Systems,https://scholar.google.com/citations?hl=en&user=Xa5BOZ4AAAAJ
Dr Prabhat Kumar Singh,"Department of Civil Engineering, IIT(BHU) Varanasi",iitbhu.ac.in,680,Environmental Engineering | Civil Engineering,https://scholar.google.com/citations?hl=en&user=a9JWwdwAAAAJ
Santosh K Singh,"Department of Electrical Engineering, Indian Institute of Technology (BHU), Varanasi",iitbhu.ac.in,627,Power electronics and Electric Drives,https://scholar.google.com/citations?hl=en&user=4MzaIrAAAAAJ
Gayasuddin Khan,"Indian Institute of Technology (BHU), Varanasi",itbhu.ac.in,615,Novel Drug Delivery System,https://scholar.google.com/citations?hl=en&user=tVfObzEAAAAJ
Vikas  Kumar Singh,"Indian institute of Technology (Banaras Hindu University ), Varanasi",itbhu.ac.in,611,synthesis of carbon based fluorescent …,https://scholar.google.com/citations?hl=en&user=7oPYg3YAAAAJ
Dr. Dileep Kumar Gupta,"Indian Institute of Technology( BHU),  VARANASI",itbhu.ac.in,608,MICROWAVE REMOTE SENSING,https://scholar.google.com/citations?hl=en&user=c0NN3HsAAAAJ
SP Tewari,"Professor of Mechanical Engineering,IIT(BHU),Varanasi",itbhu.ac.in,608,Welding | Casting | Machnability,https://scholar.google.com/citations?hl=en&user=qAImQCAAAAAJ
Senthil Raja Ayyannan,"Associate Professor, Indian Institute of Technology (BHU) Varanasi",iitbhu.ac.in,604,Medicinal chemistry | Drug design | Chemical synthesis | Molecular modelling,https://scholar.google.com/citations?hl=en&user=AT79H50AAAAJ
DN Vishwakarma,"… Professor, Dept. of Electrical Engineering, Indian Institute of Technology (BHU), Varanasi",iitbhu.ac.in,586,Power System Protection | Numerical Protection | Artificial Neural Networks | Microprocessor & Microcontroller Applications,https://scholar.google.com/citations?hl=en&user=oInzIfUAAAAJ
Sunil Kumar,"Associate Professor, Department of Mathematical Sciences, IIT (BHU), Varanasi, India",iitbhu.ac.in,584,Numerical analysis of PDEs | Image processing,https://scholar.google.com/citations?hl=en&user=78ch_TwAAAAJ
Anurag Ohri,"… of Civil Engineering, Indian Institute of Technology (Banaras Hindu University), Varanasi",iitbhu.ac.in,584,Remote Sensing | GIS | Solid Waste Management,https://scholar.google.com/citations?hl=en&user=q0yf0x8AAAAJ
Venkatnarayan Ramanathan,"IIT(BHU) Varanasi, IIT Kanpur, University of Stuttgart, Seoul National University",scbt.sastra.edu,572,physical chemistry | spectroscopy,https://scholar.google.com/citations?hl=en&user=oLHHKoAAAAAJ
Dr. Sarita Kumari Yadav,"Ph.D., M.Pharm (Pharmaceutics), Indian Institute of Technology, BHU, Varanasi",itbhu.ac.in,558,Novel drug delivery approaches,https://scholar.google.com/citations?hl=en&user=D6vKBB0AAAAJ
Dr. Manisha Malviya,"Professor of Chemistry, IIT (BHU) Varanasi",itbhu.ac.in,556,fuel cells | nanomaterials | microwave synthesis | mixed metal oxide synthesis | composites,https://scholar.google.com/citations?hl=en&user=QIJo_IYAAAAJ
Prof. RK Srivastava,"Department of Electrical Engineering, Indian Institute of Technology (BHU), Varanasi, India",itbhu.ac.in,540,Electrical Engineering | Linear Induction Motor,https://scholar.google.com/citations?hl=en&user=9PL0buIAAAAJ
Prof. Mira Debnath (Das),"Professor (HAG), School of Biochemical Engineering, IIT (BHU), Varanasi",itbhu.ac.in,531,Microbial Engineering | Enzyme/Protein Engineering | Downstream Processing,https://scholar.google.com/citations?hl=en&user=bbcySPQAAAAJ
Rajeev Singh,"… Professor, Department of Physics, Indian Institute of Technology (BHU), Varanasi, India",itbhu.ac.in,527,Quantum Physics | Quantum Optics | Quantum Information,https://scholar.google.com/citations?hl=en&user=t9secNUAAAAJ
Arnab Sarkar,"… Professor of Mechanical Engineering, Indian Institute of Technology (BHU), Varanasi",iitbhu.ac.in,512,Wind Climate Modeling | Building Aerodynamics | Fluid Dynamics,https://scholar.google.com/citations?hl=en&user=5VZCiMUAAAAJ
Pradutt K Bharti,"Ph.D. of Electronics Engineering Department, Indian Institute of Technology(BHU),Varanasi",itbhu.ac.in,507,Antenna Design | Microstrip patch Antenna | MIMO Antenna | UWB Antenna,https://scholar.google.com/citations?hl=en&user=nJf_G9gAAAAJ
Dr. SANTHOSH KUMAR ALLA,"Indian Institute of Technology (BHU), Varanasi",itbhu.ac.in,493,nanomagnetic materials,https://scholar.google.com/citations?hl=en&user=zHTfxE0AAAAJ
Devendra Kumar,"Indian Institute of Technology (Banaras Hindu University), Varanasi",itbhu.ac.in,492,Alzheimer's Diseases | Fragile x syndrome | Autism | Neurodegenerative disease | Tuberculosis,https://scholar.google.com/citations?hl=en&user=d67TWmsAAAAJ
Dr. GSP Singh,"Department of Mining Engineering, IIT BHU, Varanasi",iitbhu.ac.in,486,Numerical Modelling | Strata Control | Rock Instrumentation,https://scholar.google.com/citations?hl=en&user=wSY5ZBEAAAAJ
Vinay Jaiswal,"Department of Chemistry, IIT(BHU) Varanasi-221005, UP, India",itbhu.ac.in,484,Tribology,https://scholar.google.com/citations?hl=en&user=nLwtz2QAAAAJ
"Dr. Kunwar awaneesh singh, Ph.D.","Post Doct. Fellow of Department of Pharmaceutics, IIT BHU (Varanasi), India",Not Mentioned,484,Protein Biophysics and Clinical Biochemistry,https://scholar.google.com/citations?hl=en&user=AWRtpicAAAAJ
Dr. Piyush Choudhary,"Indian Institute of Technology(BHU), Varanasi and Oil and Natural Gas Corporation(ONGC)",itbhu.ac.in,477,Sustainability | Circular Economy | Policy | & Green Energy Industrial Solutions,https://scholar.google.com/citations?hl=en&user=6XIkzOcAAAAJ
Sanjeev  Sharma,"Indian Institute of Technology (BHU), Varanasi",iitbhu.ac.in,477,Wireless Communication | Signal Processing,https://scholar.google.com/citations?hl=en&user=ajfz17IAAAAJ
Dr. Vijay Shinde,Indian Institute of Technology (BHU) Varanasi,itbhu.ac.in,474,Heterogeneous Catalysis | Reaction Kinetics and Modeling | Computational Fluid Dynamics (CFD) | Chemical Vapor Deposition (CVD) | Bi,https://scholar.google.com/citations?hl=en&user=WvuZxQ0AAAAJ
Gauhar Abbas,Indian Institute of Technology (BHU) Varanasi,iitbhu.ac.in,467,High Energy Physics,https://scholar.google.com/citations?hl=en&user=NHcX7BEAAAAJ
Supratim Mahapatra,Indian Institute of Technology (BHU) Varanasi,iitbhu.ac.in,466,Cancer Biology | Biosensors | Nanotechnology | Cell Biology,https://scholar.google.com/citations?hl=en&user=YCLQvuEAAAAJ
Agnivesh Pani,"Assistant Professor, Indian Institute of Technology (BHU), Varanasi",iitbhu.ac.in,460,Freight Transportation | Travel Behaviour | Last-Mile | City Logistics | Transport Policy,https://scholar.google.com/citations?hl=en&user=GdKQ7RoAAAAJ
Akansha Dwivedi,"Assistant Professor, Department of Ceramic Engineering, IIT BHU, Varanasi,  India",itbhu.ac.in,452,Electro-Ceramics | High Energy Density Capacitor | Polymer-Ceramic Composites,https://scholar.google.com/citations?hl=en&user=juv02y8AAAAJ
Prasun Dutta,"Assistant Professor of Physics, IIT (BHU) Varanasi",itbhu.ac.in,444,Astrophysics,https://scholar.google.com/citations?hl=en&user=1ZEZftcAAAAJ
Dr. Gaurav Kumar,"Biomedical Engineering, Indian Institute of Technology (BHU), Varanasi",iitbhu.ac.in,438,Stroke and Neuroprotection | Drug designing,https://scholar.google.com/citations?hl=en&user=5COxhvEAAAAJ
VIJAY KUMAR YADAV,"Indian Institute of Technology (BHU), Varanasi-221005, India",itbhu.ac.in,438,Nonlinear Dynamics | Synchronization,https://scholar.google.com/citations?hl=en&user=JbZf6VkAAAAJ
GUNJAN VASANT BONDE,"… ENGINEERING & TECHNOLOGY, IIT(BHU), VARANASI-221005, INDIA",itbhu.ac.in,438,Drug Delivery System | Cancer,https://scholar.google.com/citations?hl=en&user=oa67lOkAAAAJ
Dr. Paramananda Jena,"Pondicherry University, Puducherry, Indian Institute of Technology (BHU), Varanasi-221005 …",itbhu.ac.in,419,Nanomaterials Synthesis | Structural Characterization | Solid oxide fuel cell | Photoluminescence | Lithium Ion Battery Materials,https://scholar.google.com/citations?hl=en&user=CdwQFIwAAAAJ
Dr Veerendra Kumar,Indian Institute of Technology BHU Varanasi,itbhu.ac.in,415,Concrete Technology | Plastic Analysis of Structures,https://scholar.google.com/citations?hl=en&user=cmTDD5QAAAAJ
Goutam Gupta,"Ph.D. Indian Institute of Technology (BHU) Varanasi, India",itbhu.ac.in,403,Thermochemical conversion of biomass | Waste Water Treatment,https://scholar.google.com/citations?hl=en&user=ENjbsgMAAAAJ
Avirup Maulik,Indian Institute of Technology Varanasi (BHU),itbhu.ac.in,375,Microgrid | power distribution system | DC microgrid,https://scholar.google.com/citations?hl=en&user=OVnYwKUAAAAJ
Amritanshu Pandey,"Department of Electronics Engineering, Indian Institute of Technology (BHU) Varanasi",iitbhu.ac.in,368,optoelectronic devices | optical communication,https://scholar.google.com/citations?hl=en&user=2RVpcw0AAAAJ
Dr. Mohd Zaheer Khan Yusufzai,"Indian Institute of Technology (BHU), Varanasi, India",iitbhu.ac.in,368,Welding Engineering | FSW | Steel,https://scholar.google.com/citations?hl=en&user=iUNbKhIAAAAJ
Devarapaga Madhu,Indian Institute of Technology (BHU) Varanasi,itbhu.ac.in,367,Green Chemistry,https://scholar.google.com/citations?hl=en&user=a8nf1EMAAAAJ
Viswanadh MK,"… Fellow at Department of Pharmaceutical Engineering & Technology, IIT-BHU, Varanasi.",itbhu.ac.in,362,pharmaceutics | theranostics | pharmacology | nanosystems,https://scholar.google.com/citations?hl=en&user=I9qCbIkAAAAJ
Ajeet Pratap Singh,"Indian Institute of Technology, Banaras Hindu University, Varanasi",itbhu.ac.in,353,Computational fluid dynamics | solar-thermal devices | Heat transfer augmentation | flow analysis,https://scholar.google.com/citations?hl=en&user=r-LanUwAAAAJ
Pratik Chattopadhyay,"Assistant Professor at Indian Institute of Technology (Banaras Hindu University), Varanasi",iitbhu.ac.in,340,Image and video processing | Pattern Recognition | Machine Learning,https://scholar.google.com/citations?hl=en&user=dD2E0UMAAAAJ
Awaneesh Singh,"Department of Physics, Indian Institute of Technology (BHU), Varanasi-221005, India.",iitbhu.ac.in,338,Soft Matter Physics,https://scholar.google.com/citations?hl=en&user=SnnG1ywAAAAJ
Dr Rajesh Kumar,"Professor of Civil Engineering, IIT, Banaras Hindu university, Varanasi",iitbhu.ac.in,338,Structural Engineering,https://scholar.google.com/citations?hl=en&user=NSsJ-7gAAAAJ
Arvind Prakash,"Department of Chemistry, IIT (BHU) Varanasi-221005",itbhu.ac.in,336,Nanocomposite | Electrochemical sensors/biosenors | Energy Materials | Photocatalysis,https://scholar.google.com/citations?hl=en&user=cQsW-iwAAAAJ
Ankur Verma,Indian Institute of Technology (BHU) Varanasi,iitbhu.ac.in,325,Nanotechnology | Micro-fabrication | Nano-fabrication | Dewetting | Biotechnology,https://scholar.google.com/citations?hl=en&user=568RxAcAAAAJ
K Priyanka,"Dept. of Pharmaceutics, IIT (BHU), Varanasi",itbhu.ac.in,321,Nanoparticles | targeting,https://scholar.google.com/citations?hl=en&user=7G9xsUkAAAAJ
Amit Kumar,"Indian Institute of Technology (BHU), Varanasi",iitbhu.ac.in,320,Photovoltaic | Photodetector | Thin film devices.,https://scholar.google.com/citations?hl=en&user=X2NNOZcAAAAJ
Shivam Sinha,"University of California, Berkeley, Indian Institute of Technology, Varanasi",mfe.berkeley.edu,312,Artificial Intelligence | Empirical Methods | Portfolio Management | Earth Sciences,https://scholar.google.com/citations?hl=en&user=t8PKWrcAAAAJ
Dr RK Pandey,"Professor of Electrical Engineering, IIT (BHU), Varanasi-221005",itbhu.ac.in,304,HVDC | FACTS Controller | SSSC | STATCOM | UPFC,https://scholar.google.com/citations?hl=en&user=MMKp518AAAAJ
SATYANSH SINGH,"Ph.D. Indian Institute of Technology (BHU) Varanasi, India",itbhu.ac.in,297,Thermochemical pretreatment and conversion …,https://scholar.google.com/citations?hl=en&user=S94c0MwAAAAJ
Dr. Ashok Kumar,Indian Institute of Technology (Banaras Hindu University) Varanasi,itbhu.ac.in,296,Neuroscience | Computational chemistry | Analytical chemistry | Artificial Intelligence in Drug Discovery,https://scholar.google.com/citations?hl=en&user=imiZb44AAAAJ
Apurva Joshi,"… of Pharmaceutics, Indian Institute of Technology, Banaras Hindu University, Varanasi",itbhu.ac.in,294,Not Mentioned,https://scholar.google.com/citations?hl=en&user=MPeOrGEAAAAJ
Pardeep K Jha,"Postdoctoral Fellow, Department of Physics, IIT(BHU), Varanasi (INDIA)",iitbhu.ac.in,291,Energy Materials    Thermo- and Opto …,https://scholar.google.com/citations?hl=en&user=HiyGsLMAAAAJ
Aarif Jamal,"Professor, Department of Mining Engineering, IIT (BHU), Varanasi - 221005",itbhu.ac.in,289,Mine Environment | Water Pollution | Mining Geology,https://scholar.google.com/citations?hl=en&user=TmRJ-48AAAAJ
Ajeet Pratap Singh,"Indian Institute of Technology, Banaras Hindu University, Varanasi",itbhu.ac.in,286,Computational Fluid Dynamics | Solar-Thermal Devices | Heat Transfer & Fluid Flow Analysis,https://scholar.google.com/citations?hl=en&user=cldMKm0AAAAJ
Rishibrind Kumar Upadhyay,"National Institute of Technology Karnataka, Indian Institute of Technology (BHU) Varanasi",iitbhu.ac.in,284,Energy storage device | Photovoltaic Device | Thermal Sensor | Gas Sensor | photoelectrochemical (PEC) water splitting,https://scholar.google.com/citations?hl=en&user=myfsghMAAAAJ
Abir Ghosh,"Assistant Professor, Indian Institute of Technology (BHU), Varanasi",iitbhu.ac.in,282,Thin Films | Complex Fluids | Adhesion-Debonding | Li-ion Batteries,https://scholar.google.com/citations?hl=en&user=FxStdVMAAAAJ
Vivek Kumar Pandey,"Indian Institute of Technology (BHU), Varanasi",itbhu.ac.in,282,Nano-composites | Biomaterials | Wound healing | Waste water treatment | Industrial pollution control,https://scholar.google.com/citations?hl=en&user=CoX1FnsAAAAJ
UDDIPAK RAI,"Department of Pharmaceutical Engineering and Technology, IIT-BHU, Varanasi, India …",itbhu.ac.in,274,Diabetic and Molecular Pharmacology,https://scholar.google.com/citations?hl=en&user=9uLfR5kAAAAJ
Dr. SK Palei,"Associate Professor, Department of Mining Engineering, IIT (BHU), Varanasi",iitbhu.ac.in,269,Mine Safety Engineering | Occupational Health & Safety | Reliability Analysis,https://scholar.google.com/citations?hl=en&user=4RTQNBEAAAAJ
Sunil Kumar Mishra,"Assistant Professor at Department of Physics, Indian Institute of Technology (BHU) Varanasi",itbhu.ac.in,262,Quantum Information | Condensed matter Theory | Magnetism,https://scholar.google.com/citations?hl=en&user=slVZYLUAAAAJ
Dr. Vijayeta Pal,Indian Institute of Technology (BHU) Varanasi,itbhu.ac.in,262,Lead free piezoelectrics | advanced functional nanomaterials | Electronic Ceramics | Thin Films and Thermoelectric materials,https://scholar.google.com/citations?hl=en&user=eviRz7YAAAAJ
Dr Vikash Kumar Vyas,Indian Institute of Technology (BHU) Varanasi,itbhu.ac.in,262,Ceramic | Electo-Ceramic Glass and glass-ceramic | electronic,https://scholar.google.com/citations?hl=en&user=tmGYQN0AAAAJ
Dr. Md Meraj Anjum,"Indian Institute of Technology (Banaras Hindu University),Varanasi",iitbhu.ac.in,260,Nanomedicine | Biofilm | Drug delivery | Skin photoaging,https://scholar.google.com/citations?hl=en&user=QZ3ipb0AAAAJ
Vineeta Tiwari,"Indian Institute of Technology (Banaras Hindu University), Varanasi, India",itbhu.ac.in,259,Neuroscience | Pain | Pharmacology,https://scholar.google.com/citations?hl=en&user=2YgZoMAAAAAJ
Dr. Prashant Pandey,"Indian Institute of Technology(BHU), Varanasi, India",itbhu.ac.in,257,Fractional Calculus | Fuzzy Differential Equation | Mathematical Modelling,https://scholar.google.com/citations?hl=en&user=WJUmktQAAAAJ
Tribikram Pradhan,"Indian Institute of Technology (BHU), Varanasi",itbhu.ac.in,257,Recommender System | Knowledge Graph | Information Retrieval | Social Networks | Machine Learning,https://scholar.google.com/citations?hl=en&user=gue__yEAAAAJ
Mohammad Salman,"Research scholar ,Indian institute of technology (BHU) ,Varanasi",itbhu.ac.in,254,Corrosion,https://scholar.google.com/citations?hl=en&user=GgRTxlAAAAAJ
Onkar Nath Singh,"Professor of Physics IIT(BHU), Varanasi",iitbhu.ac.in,248,Fiber Optics | Spectroscopy & Plasma Physics,https://scholar.google.com/citations?hl=en&user=O3-Lm_IAAAAJ
Dr. Niraj Singh Mehta,Indian Institute of Technology (Banaras hindu University) Varanasi Uttar Pradesh,iitbhu.ac.in,245,Electronic ceramics | Dielectric Material | Microwave Frequency | DRA,https://scholar.google.com/citations?hl=en&user=ysm4Co8AAAAJ
Suman Dey,National Post Doctoral Fellow (N-PDF) at Indian Institute of Technology (BHU) Varanasi,itbhu.ac.in,245,CI Engine | Biodiesel | Fuel additives | Emissions | Optimization,https://scholar.google.com/citations?hl=en&user=qA86lpYAAAAJ
Jac Fredo Agastinose Ronickom,"Assistant Professor, Indian Institute of Technology (BHU), Varanasi.",itbhu.ac.in,238,Signal processing | Image processing | Machine Learning | Computational Neuroscience | Composite science,https://scholar.google.com/citations?hl=en&user=2KYpC1gAAAAJ
Dr. Raja Ram Kumar,"Department of electrical engineering ,IIT(BHU)Varanasi",itbhu.ac.in,232,Electrical Machines and Drives,https://scholar.google.com/citations?hl=en&user=hhU10OQAAAAJ
M.Thottappan,"… Professor in Electronics Engineering, Indian Institute of Technology (BHU), Varanasi",itbhu.ac.in,231,RF and Microwave Engineering | High Power Microwave Tubes including …,https://scholar.google.com/citations?hl=en&user=WoYMyGwAAAAJ
Dr. Somveer Singh,Indian Institute of Technology BHU Varanasi,itbhu.ac.in,227,Wavelet methods | Partial differential equations | Singular Integral equation | Operational matrix method | Mathematical Modeling,https://scholar.google.com/citations?hl=en&user=gVT2C9oAAAAJ
Dr. Anuradha Banerjee,Assistant Professor. Department of Mathematical Sciences. IIT (BHU) Varanasi,iitbhu.ac.in,225,Stochastic modelling in queueing theory,https://scholar.google.com/citations?hl=en&user=7yNphskAAAAJ
Dr. Sanjay Kumar Rai,"School of Biomedical Engineering, Indian Institute of Technology, BHU, Varanasi",itbhu.ac.in,223,Computational Biomechanics | Cardiovascular Biomechanics | Orthopedic Biomechanics,https://scholar.google.com/citations?hl=en&user=SLalkeIAAAAJ
Supriya Mohanty,"Assistant Professor, Indian Institute of Technology (BHU) Varanasi",itbhu.ac.in,211,Geotechnical Earthquake Engineering | Liquefaction Potential Evaluation | Nonlinear Dynamic Response Analysis | Soil Dynamics | Wast,https://scholar.google.com/citations?hl=en&user=8akaFF8AAAAJ
Nagendra Kumar,"Department of Pharmaceutics, IIT (BHU), Varanasi",itbhu.ac.in,204,NDDS,https://scholar.google.com/citations?hl=en&user=V2iLl6UAAAAJ
Sumit Kumar Singh,"School of Biochemical Engineering, IIT (BHU) Varanasi, India",iitbhu.ac.in,196,Mass Spectrometry | Glycoproteomics | PK/PD | MVDA | MD Simulations,https://scholar.google.com/citations?hl=en&user=gWwpZtEAAAAJ
Prasanta Kumar Nayak,"Indian Institute of Technology (BHU), Varanasi",itbhu.ac.in,195,Stroke | Neuropharmacology | Hippocampus | Oncology | electrophysiology,https://scholar.google.com/citations?hl=en&user=RQ1hUjwAAAAJ
Arkadeb Pal,Indian Institute of Technology (BHU) Varanasi,iitbhu.ac.in,195,Spin-frustrated magnets | Magnetoelectric materials | Lattice dynamics | Electronic structure and Crystal structure | Neutron diffra,https://scholar.google.com/citations?hl=en&user=gx3LJlcAAAAJ
Lavanya Selvaganesh,"Asssistant Professor, Department of Mathematical Sciences, IIT (BHU) Varanasi",iitbhu.ac.in,191,Graph Theory | Network Sciences,https://scholar.google.com/citations?hl=en&user=_X_-cVQAAAAJ
Akhilesh Kumar Yadav,"Indian Institute of Technology (Banaras Hindu University), Varanasi",itbhu.ac.in,187,air quality | risk assessment | source apportionment | atmospheric chemistry | aerosol science,https://scholar.google.com/citations?hl=en&user=4o0sEBcAAAAJ
Amit Kumar Choudhary,"Indian Institute of Technology (BHU), Varanasi",itbhu.ac.in,184,Control System | Interval System | Model Order Reduction,https://scholar.google.com/citations?hl=en&user=OB4ho2QAAAAJ
Digambar kumar Waiker,"… PHARM. ENG. & TECH. , INDIAN INSTITUTE OF TECHNOLOGY-BHU (IIT-BHU), Varanasi",itbhu.ac.in,184,Pharmaceutical Chemistry,https://scholar.google.com/citations?hl=en&user=jPaxO2EAAAAJ
Deepanwita Datta (PhD),"Indian Institute of Technology (BHU), Varanasi",iitbhu.ac.in,183,Data Analysis | Information Retrieval | Image Retrieval | Image Processing,https://scholar.google.com/citations?hl=en&user=UMG-o9UAAAAJ
Dharmendra Yadav,"Department of Physics, IIT (BHU) Varanasi, India",itbhu.ac.in,182,Solid Oxide Fuel Cell | Conductivity | Dielectric,https://scholar.google.com/citations?hl=en&user=u760kIcAAAAJ
SUBHAM SHAW,"Research scholar, Indian Institute of Technology (Banaras Hindu University), Varanasi",itbhu.ac.in,181,Magnetic materials | Functional nanomaterials | Material characterization,https://scholar.google.com/citations?hl=en&user=_YrpnXEAAAAJ
Dr. Dharmendra Yadav,"Research Scholar, Department of Physics, IIT(BHU) Varanasi India",itbhu.ac.in,178,Solid oxide Fuel Cell | Conductivity | Dielectric,https://scholar.google.com/citations?hl=en&user=G2nrOPEAAAAJ
S Verma,"John Zink Company; University of Maryland, College Park; IIT (BHU), Varanasi",umd.edu,176,turbulent reacting flows | turbulent combustion modeling | fire modelling | high speed flows,https://scholar.google.com/citations?hl=en&user=m0hb9bwAAAAJ
Anil Thakur,Indian Institute of Technology (BHU) Varanasi,itbhu.ac.in,174,Generative Syntax | Comparative Grammar | Linguistic Resources,https://scholar.google.com/citations?hl=en&user=gvta9jsAAAAJ
jyoti singh,"PhD student, School of Biochemical Engineering IIT (BHU) Varanasi, Varanasi (UP)",itbhu.ac.in,168,Wastewater Treatment,https://scholar.google.com/citations?hl=en&user=GqdxnyMAAAAJ
Dr. Ankit Kumar,"Indian Institute of Technology (BHU), Varanasi",iitbhu.ac.in,166,Steam reforming | Pyrolysis | Renawable energy,https://scholar.google.com/citations?hl=en&user=_21hPvoAAAAJ
Abhishek Jha,"… at Department of Pharmaceutical Engineering and Technology, IIT-BHU, Varanasi.",itbhu.ac.in,165,Pharmaceutics | Novel Drug Delivery Systems | Nanomedicine | Nano-theranostics | Formulation Development,https://scholar.google.com/citations?hl=en&user=cebI-J4AAAAJ
Anil Kumar Pal,"Indian Institute of Technology (BHU), Varanasi, India",iitbhu.ac.in,163,Control Theory | Sliding Mode Control | Multi-agent Systems,https://scholar.google.com/citations?hl=en&user=CN1-vG8AAAAJ
Pradeep Ahuja,"Professor of Chemical Engineering, Indian Institute of Technology BHU, Varanasi",itbhu.ac.in,163,Modelling and Simulation | Thermodynamics and Kinetics,https://scholar.google.com/citations?hl=en&user=Sh_ni4cAAAAJ
Harish kumar Shakya,"Research Scholar of computer science & engineering,IIT-BHU,Varanasi",iitbhu.ac.in,152,social network analysis | evolutionary computing,https://scholar.google.com/citations?hl=en&user=pCMadvgAAAAJ
Dr. Harendra Kumar,"Indian Institute of Technology (BHU), Varanasi",itbhu.ac.in,152,Mathematical Modelling | Applied Mathematics | … Vibrations analysis in MEMS/NEMS Systems,https://scholar.google.com/citations?hl=en&user=lrkCgNcAAAAJ
Ajay Pratap,"Assistant Professor, Dept. of CSE, IIT (BHU), Varanasi, India",iitbhu.ac.in,149,5G & Beyond | HetNet | Algorithm Design | IoT | Fog Computing,https://scholar.google.com/citations?hl=en&user=o9vkpcAAAAAJ
Narendra Kumar Haldiya,"Department of Pharmaceutical Engineering, Indian Institute of Technology (BHU) Varanasi",itbhu.ac.in,148,Pharmaceutics | Nanomedicine | Cancer Drug Delivery | Nanotheranostics,https://scholar.google.com/citations?hl=en&user=MneXN-MAAAAJ
Dr. Padam Jee Omar,"Indian Institute of Technology (Banaras Hindu University), Varanasi",itbhu.ac.in,147,Water Resources | GIS & Remote Sensing | Soil and Water Conservation | Watershed Development | Groundwater Management,https://scholar.google.com/citations?hl=en&user=0j5ylhAAAAAJ
Roli Saini,Indian Institute of Technology (BHU) Varanasi,iitbhu.ac.in,147,Chemical engineering | Environment,https://scholar.google.com/citations?hl=en&user=DyyEdjAAAAAJ
Abhishek S. Dhoble,"… Professor, Biochemical Engineering, Indian Institute of Technology (BHU) Varanasi",iitbhu.ac.in,145,Biological Engineering | Anaerobic Digestion | Microbiome | Agro-Food  Studies | Flow Cytometry,https://scholar.google.com/citations?hl=en&user=Z_oLx1cAAAAJ
Dr. Abhinandan Routray,Indian Institute of Technology (BHU) Varanasi,iitbhu.ac.in,143,Control | Power Electronics | Wind | PV | e-mobility,https://scholar.google.com/citations?hl=en&user=EHgw5NoAAAAJ
Bhardwaj Pandit,"Assistant Professor, Department of Mining Engineering, IIT - BHU, Varanasi",iitbhu.ac.in,142,Rock Mechanics | Probabilistic analysis | Mining Engineering,https://scholar.google.com/citations?hl=en&user=QXSSEqsAAAAJ
Manash Kumar Mishra,"INDIAN INSTITUTE OF TECHNOLOGY(BHU),VARANASI",itbhu.ac.in,142,… Power Electronics Applications in PV Systems …,https://scholar.google.com/citations?hl=en&user=3lguGSwAAAAJ
Deepak Khare,"Doctor of Philosophy, Indian Institute of Technology (Banaras Hindu University), Varanasi, U …",itbhu.ac.in,142,Piezoelectric materials | Biomedical Applications | Mechanical Properties,https://scholar.google.com/citations?hl=en&user=CFwhwPwAAAAJ
Dr. Akher Ali,Indian Institute Of Technology(BHU) Varanasi,itbhu.ac.in,141,Bioceramics | Bioactive glass | Scaffolds | Biomaterials,https://scholar.google.com/citations?hl=en&user=XqmZ994AAAAJ
RABINDRA PRASAD,"Indian Institute of Technology (BHU) Varanasi, Amity University Gwalior (Madhya Pradesh)",itbhu.ac.in,140,Composite Materials | Tribology | Friction Stir Processing,https://scholar.google.com/citations?hl=en&user=2d6yUcYAAAAJ
Dr. Nawal Kishore,"Department of Mining Engineering, IIT (BHU) Varanasi",itbhu.ac.in,139,Surface Mine Planning | Planning and Design of Drainage System in …,https://scholar.google.com/citations?hl=en&user=ugMlZpgAAAAJ
Divya Goel,"Department of Mathematical Sciences, IIT (BHU), Varanasi, India.",iitbhu.ac.in,139,Partial differential equations,https://scholar.google.com/citations?hl=en&user=ged0kO0AAAAJ
Dr. Vivek Kumar Pandey,Indian Institute of Technology (BHU) Varanasi,itbhu.ac.in,136,High entropy alloys | Powder metallurgy | Density functional theory | Computational thermodynamics,https://scholar.google.com/citations?hl=en&user=2QWIBLEAAAAJ
Dr. Dilip Kumar,"Department of Chemical Engineering and Technology, IIT (BHU), Varanasi",itbhu.ac.in,135,Biodiesel | Renewable energy | Bio process  Technology,https://scholar.google.com/citations?hl=en&user=6gISBmIAAAAJ
Manish Kumar Singh,"Indian Institute of Technology (Banaras Hindu University) Varanasi, UP, India",iitbhu.ac.in,121,Organic electronics | Fabrication of Organic Devices | Conducting Polymers | Nanotechnology,https://scholar.google.com/citations?hl=en&user=u9RqX0UAAAAJ
Satya Prakash Maurya,"Indian Institute of Technology (BHU), Varanasi",itbhu.ac.in,120,Computer Science & Engineering | Geoinformatics,https://scholar.google.com/citations?hl=en&user=wE0sGPAAAAAJ
Mahendra Rathor,"Jay Chaudhry Faculty Chair of Software Innovation, IIT-BHU Varanasi, India",itbhu.ac.in,119,IP Core Protection | Security Aware HLS,https://scholar.google.com/citations?hl=en&user=cpxEHC0AAAAJ
Dr. Monika Singh,"School of Biomedical Engineering, IIT-BHU, varanasi",itbhu.ac.in,117,Biomaterials | Functionalized Polymers | Polymer composites,https://scholar.google.com/citations?hl=en&user=9ykvEW0AAAAJ
Dr. Jeewan V. Tirkey Associate Professor,"Associate Professor, Department of Mechanical Engineering, IIT(BHU) Varanasi",itbhu.ac.in,117,Energy | Alternate fuel | Internal combustion Engine,https://scholar.google.com/citations?hl=en&user=UXRRc18AAAAJ
Angaraj Singh,Research Scholar Indian Institute of Technology Varanasi India,itbhu.ac.in,112,Biomaterials | bioceramics | piezoelectric materilas,https://scholar.google.com/citations?hl=en&user=xnKfyEwAAAAJ
Shubhangi,"Research Scholar at Indian Institute of Technology, BHU(Varanasi)",itbhu.ac.in,109,Ligand synthesis | Docking studies | Biosensors | Cancer Biology,https://scholar.google.com/citations?hl=en&user=HtfQsVsAAAAJ
Arpit Chaudhary,Computer Science and Engineering at  Indian Institute of Technology (BHU) Varanasi,iitbhu.ac.in,106,Computer Vision | Deep Learning | Video Understanding,https://scholar.google.com/citations?hl=en&user=2OY8XlUAAAAJ
Rohit Jha,"Prime Minister's Research Fellow (PMRF), Indian institute of technology (BHU), Varanasi",itbhu.ac.in,101,Extractive Metallurgy | Hydrometallurgy | E-waste Recycling | Membrane Processes | Polymer Inclusion Membrane,https://scholar.google.com/citations?hl=en&user=GSIgx2sAAAAJ
Chintoo Kumar,"Indian Institute of Technology ( BHU) , Varanasi",iitbhu.ac.in,100,Recommender Systems | Machine Learning | Social Network Analysis | Qunatum-dot cellular Automata,https://scholar.google.com/citations?hl=en&user=9o4s3SMAAAAJ
Roshan Singh,"Department of CSE, Indian Institute of Technology (BHU),  Varanasi",itbhu.ac.in,98,Image Processing and Computer Vision,https://scholar.google.com/citations?hl=en&user=fzyJDMwAAAAJ
Abhijit Debnath,"Department of Civil Engineering,  IIT(BHU) Varanasi. Previously at IIT(ISM) Dhanbad, CAU …",iitbhu.ac.in,97,Metallic Remediation | Traffic Noise Modelling | Sediment Contamination | Biochar | Ecological Risk Assessment,https://scholar.google.com/citations?hl=en&user=AfYVCxUAAAAJ
Dr. Romel Bhattacharjee,Indian Institute of Technology (BHU) Varanasi,iitbhu.ac.in,96,Medical Image Processing | Artificial Intelligence | Image Registration | Deep Learning | Machine Learning,https://scholar.google.com/citations?hl=en&user=TctL_t4AAAAJ
Vishwajit Anand,"Assistant Professor, Indian Institute of Technology (BHU) Varanasi",smail.iitm.ac.in,95,Earthquake Engineering | Soil-Structure Interaction | Offshore Wind Turbine Structures | Machine Learning Applications in Earthquak,https://scholar.google.com/citations?hl=en&user=yoUFyM8AAAAJ
Sumit Kumar,"Research Scholar, Indian Institute of Technology, BHU, Varanasi",itbhu.ac.in,95,Computer Network | Internet of Things | Game Theory,https://scholar.google.com/citations?hl=en&user=KOXLXXgAAAAJ
Kalyani,"… of Chemistry, Indian Institute of Technology  (Banaras Hindu University) Varanasi-221005",itbhu.ac.in,90,Organic Synthesis | Lubricant Additives | Ceramic Nanoparticles,https://scholar.google.com/citations?hl=en&user=MUCg2RMAAAAJ
Shri Prakash Dwivedi,"Indian Institute of Technology (BHU), Varanasi",iitbhu.ac.in,89,Algorithms | Graph Matching,https://scholar.google.com/citations?hl=en&user=addWzuYAAAAJ
Shukdev Pandey,"Indian Institute of Technology (Banaras Hindu University), Varanasi",iitbhu.ac.in,89,Impedance Spectroscopy | Microwave dielectrics | Ferroelectrics | Diffused Phase Transition,https://scholar.google.com/citations?hl=en&user=zDTBShwAAAAJ
Dr. Rishikesh Pandey,"Indian Institute of Technology (BHU) Varanasi, India",itbhu.ac.in,86,Crystallography | Multiferroics | Piezoelectric and Composite Materials,https://scholar.google.com/citations?hl=en&user=5pdMufoAAAAJ
Ch. Visweswara Rao,"Research Scholar, Indian Institute of Technology (BHU), Varanasi",itbhu.ac.in,86,Metallurgical Engineering | Materials Science | Foundry Technology,https://scholar.google.com/citations?hl=en&user=p7zSQQsAAAAJ
Gyanendra Singh,"Department of Pharmaceutical Engineering & Technology, IIT (BHU) Varanasi",Not Mentioned,80,Design of Experiment | Novel Drug delivery system | Pharmaceutics,https://scholar.google.com/citations?hl=en&user=MK30wU8AAAAJ
PRAMOD KUMAR,"Research Scholar, Department of Metallurgical Engineering, IIT(BHU), Varanasi, UP, India",itbhu.ac.in,79,Materials Science | Mechanical Metallurgy | Fatigue Behaviour of alloys | Biomedical Implant alloys,https://scholar.google.com/citations?hl=en&user=v3CKKZ0AAAAJ
Asim Aftab,"Research Scholar, Indian Institute of Technology (BHU) Varanasi",itbhu.ac.in,78,Energy Materials | Solar cell | Perovskite solar cell,https://scholar.google.com/citations?hl=en&user=FmKORZAAAAAJ
VINOD KUMAR,Indian Institute of Technology (BHU) Varanasi,itbhu.ac.in,78,Solid State and nano materials | Magnetic Properties | Griffith's Phase | Dielectric properties,https://scholar.google.com/citations?hl=en&user=mWqNpEYAAAAJ
Prayas Jain,Indian Institute of Technology( Banaras Hindu University) Varanasi,iitbhu.ac.in,77,Artificial Intelligence | Natural Language Processing | Convex Optimization | Machine Learning,https://scholar.google.com/citations?hl=en&user=YdbV05sAAAAJ
Rajat Arora,"Indian Institute of Technology (BHU), Varanasi, India",itbhu.ac.in,75,Nanomaterials | Catalysis and Catalysts | Wastewater Treatment.,https://scholar.google.com/citations?hl=en&user=1N1G81oAAAAJ
Lakhindra Marandi,"Department of Metallurgical Engineering, Indian Institute of Technology (BHU), Varanasi",itbhu.ac.in,69,Mechanical Behavior | Shape Memory Alloy | Additive Manufacturing,https://scholar.google.com/citations?hl=en&user=qNNrYgEAAAAJ
Vishwas Acharya,"Research Scholar at Indian Institute of Technology,Banaras Hindu University,Varanasi,Uttar …",itbhu.ac.in,67,Thin film and semiconductor devices | Low voltage-low power electronics | synthesis and fabrication of Colloidal nano …,https://scholar.google.com/citations?hl=en&user=N517_NAAAAAJ
Ajeet Kumar,"Department of Mechanical Engineering, IIT(BHU) Varanasi",itbhu.ac.in,67,Energy | Alternate fuel | Internal combustion Engine,https://scholar.google.com/citations?hl=en&user=k3idzz0AAAAJ
Akhilesh Kotiyal,Indian Institute of Technology (BHU) Varanasi,itbhu.ac.in,66,Neuroscience | Sensory system | Pain | Computational Drug Discovery,https://scholar.google.com/citations?hl=en&user=I1Ty-FcAAAAJ
Kanakabandi Shalini,Indian Institute of Technology (BHU) Varanasi,itbhu.ac.in,63,Transportation,https://scholar.google.com/citations?hl=en&user=dohZsr0AAAAJ
Aniruddha Jaiswal,"Indian Institute of Technology ( BHU ), Varanasi",iitbhu.ac.in,63,g-C3N4 | Carbon Materials | Electrocatalysis | Photoelectrochemical,https://scholar.google.com/citations?hl=en&user=KagQiaoAAAAJ
Amod Kashyap,Indian Institute of Technology (BHU) Varanasi,itbhu.ac.in,63,Tribology | Thin Films,https://scholar.google.com/citations?hl=en&user=PciVOEkAAAAJ
Dr. Manish kumar,"Research Scholar, Department of Physics,IIT (BHU) Varanasi",itbhu.ac.in,62,Perovskite solar cells | Material for Solar cells | Thin films and Devices,https://scholar.google.com/citations?hl=en&user=TUpRQP4AAAAJ
Krishna Kant Dubey,Indian Institute of Technology (BHU) Varanasi,itbhu.ac.in,62,Stucture and Magnetism,https://scholar.google.com/citations?hl=en&user=Iq_QEysAAAAJ
anurag tiwari,"Senior Research Fellow, Indian Institute of Technology (BHU), Varanasi",itbhu.ac.in,60,Physiological Signal processing | Image processing | Optimization | Natural Language Procesing | Bioinformatics,https://scholar.google.com/citations?hl=en&user=HLtrjaMAAAAJ
AKHILENDRA PRATAP SINGH,"Indian Institute of Technology (Banaras Hindu University), Varanasi",itbhu.ac.in,59,Not Mentioned,https://scholar.google.com/citations?hl=en&user=_f-XTyUAAAAJ
Dr. Chandra Jeet Verma,Indian Institute of Technology (BANARAS HINDU UNIVERSITY) VARANASI – 221005,itbhu.ac.in,59,Electroactive hybrids materials | Metal Oxides | Conducting Polymer | Porous carbon | Supercapacitor,https://scholar.google.com/citations?hl=en&user=Y9KzTrUAAAAJ
Diwakar Pandey,"Indian Institute of Technology (Banaras Hindu University) Varanasi, India",itbhu.ac.in,59,post-comustion CO2 capture,https://scholar.google.com/citations?hl=en&user=jCCaCXoAAAAJ
Srihari Dodla,"… Professor of Mechanical Engineering, Indian Institute of Technology (BHU), Varanasi",itbhu.ac.in,58,Multiscale material modeling | homogenization | Micromechanical formulation | crystal plasticity,https://scholar.google.com/citations?hl=en&user=C8g9LiwAAAAJ
Kanchan Yadav,"Research Scholar, Indian institute of Technology (BHU) Varanasi",itbhu.ac.in,58,Biophysics and Nanotechnology,https://scholar.google.com/citations?hl=en&user=T0rm7ngAAAAJ
Anurag TK Baidya,"Research scholar, Indian Institute of Technology (BHU), Varanasi",itbhu.ac.in,58,Pharmaceutical chemistry | Computational drug design | Molecular dynamics,https://scholar.google.com/citations?hl=en&user=lgSiP3oAAAAJ
Dr. Triloki Nath,"Indian Institute of Technology (BHU), Varanasi, India",itbhu.ac.in,57,Non-Linear waves in Gasdynamics | Shock wave,https://scholar.google.com/citations?hl=en&user=Ogu_2xoAAAAJ
Dr. Sukhendra Singh,"PhD, Indian institute of Technology (Banaras Hindu University) Varanasi",itbhu.ac.in,56,Algal biofuel | Fermentation | Bioprocess Engineering | Anaerobic digestion,https://scholar.google.com/citations?hl=en&user=pJCLM3gAAAAJ
SUBHAJIT JANA,"Ph.D. scholar, Indian Institute of Technology (Banaras Hindu University), Varanasi",itbhu.ac.in,54,Thin film fabrication | Organic electronics | Photovoltaics | Thin Film Transistors,https://scholar.google.com/citations?hl=en&user=nsoOMHgAAAAJ
Prem Shankar Gupta,"School of Biomedical Engineering, Indian Institute of Technology (BHU), Varanasi",itbhu.ac.in,53,Gene delivery | Drug delivery | Clinical trials | Regenerative medicines | Cellular targeting,https://scholar.google.com/citations?hl=en&user=CfQmTawAAAAJ
VISHNU PRIYA,"Indian Institute of Technology (BHU), Varanasi",itbhu.ac.in,53,nanoformulation | cancer targeting | cardiovascular diseases | antithrombotic nanomedicines,https://scholar.google.com/citations?hl=en&user=XkLXYHoAAAAJ
Dr. Anuranjeeta,"Indian Institute of Technology, School of Biomedical Engineering, Banaras Hindu University …",itbhu.ac.in,52,Histopathology | Medical Image processing | Biotechnology,https://scholar.google.com/citations?hl=en&user=Q4FzjggAAAAJ
Purnendu Mishra,"Indian Institute of Technology (BHU), Varanasi",itbhu.ac.in,52,Deep Learning | Image Processing | Computer Vision,https://scholar.google.com/citations?hl=en&user=590IJmUAAAAJ
SUDHAKAR BEHERA,Indian Institute of Technology (BHU) Varanasi,iitbhu.ac.in,51,polymer composites | mechanical engineering,https://scholar.google.com/citations?hl=en&user=ei6b3cAAAAAJ
Peeyush Kumar,"Indian Institute of Technology, Banaras Hindu University-Varanasi 221005",infosys.com,49,Technology | Environment | Civil Engineering,https://scholar.google.com/citations?hl=en&user=hc-WrnUAAAAJ
Manushi Gupta,"JK Lakshmipat University, Jaipur; Indian Institute of Technology (BHU), Varanasi",jklu.edu.in,49,Applied Mathematics | mathematical modelling | thermoelasticity,https://scholar.google.com/citations?hl=en&user=vl9B8rcAAAAJ
Prof. Santosh Kumar,Indian Institute of Technology (BHU) Varanasi,Not Mentioned,47,metal forming | manufacturing automation | unconventional manufacturing | rapid prototype,https://scholar.google.com/citations?hl=en&user=4AgY4p0AAAAJ
Ankitendran Mishra,"Department Of Metallurgical Engineering, IIT (BHU), Varanasi",itbhu.ac.in,46,Not Mentioned,https://scholar.google.com/citations?hl=en&user=ObNgUsAAAAAJ
Debadatta Mohapatra,"… of Pharmaceutical Engineering and Technology, IIT (BHU), Varanasi-221005, India",itbhu.ac.in,46,Formulation & Development | NDDS | Phytopharmaceuticals | Cancer biology,https://scholar.google.com/citations?hl=en&user=xiqqFJoAAAAJ
Sumit,"Research Scholar, Indian Institute of Technology (BHU) Varanasi, India",iitbhu.ac.in,45,Numerical Analysis of PDEs,https://scholar.google.com/citations?hl=en&user=RniiywEAAAAJ
Divyansh Gautam,"Indian Institute of Technology (BHU), Varanasi",itbhu.ac.in,45,Electrocatalysis | Nanomaterials | Atomic Deposition,https://scholar.google.com/citations?hl=en&user=xyu5M5sAAAAJ
Rewati Raman,"… of Architecture, Planning and Design, Indian Institute of Technology (BHU), Varanasi",iitbhu.ac.in,44,Urban Planning | Architecture | Design | Sustainability,https://scholar.google.com/citations?hl=en&user=y2UUwQkAAAAJ
SAURABH SRIVASTAVA,"… Professor, School of Management Sciences Varanasi & Part - time Research Scholar IIT …",smsvaranasi.com,44,Consumer Behavior,https://scholar.google.com/citations?hl=en&user=Dsxot0MAAAAJ
Manish Kumar Tripathi,"Department of Chemistry, IIT(BHU) Varanasi",itbhu.ac.in,44,Computational Chemistry | Photocatalysis,https://scholar.google.com/citations?hl=en&user=o8UU1LMAAAAJ
Nripesh Trivedi,"Indian Institute of Technology, (BHU), Varanasi",iitbhu.ac.in,43,Analytics,https://scholar.google.com/citations?hl=en&user=Ncr7B10AAAAJ
Dr. Vivek Gupta,"… from Department of Mechanical Engineering,  Indian Institute of Technology (BHU), Varanasi",iitbhu.ac.in,43,Heat Transfer | Fluid Machanics | Nanofluids | Jet impingement Quenching,https://scholar.google.com/citations?hl=en&user=ismea4YAAAAJ
Bhagwati Bhardwaj,"Research scholar, Indian Institute of Technology, Banaras Hindu University, Varanasi",itbhu.ac.in,43,Not Mentioned,https://scholar.google.com/citations?hl=en&user=Vyf19VoAAAAJ
Vishwa Pratap Singh,"School of Material Science and Technology, Indian Institute of Technology-BHU, Varanasi",itbhu.ac.in,43,Ferroelectric and dielectric materials | Electrical Energy storage materials | Polymer Nanocomposites | PVDF,https://scholar.google.com/citations?hl=en&user=sez1DlUAAAAJ
Ajay Kumar,"Research Scholar, Indian Institute of Technology (BHU), Varanasi, India",iitbhu.ac.in,42,catalysis | conductive polymers | energy materials | electrochemistry | polymer nanocomposites,https://scholar.google.com/citations?hl=en&user=QomFh-0AAAAJ
Shreemoyee Sarkar,"Indian Institute of Technology, Varanasi",iitbhu.ac.in,41,Applied mathematics with focus on differential …,https://scholar.google.com/citations?hl=en&user=wfYe2coAAAAJ
Sunil Kumar,"Research scholar, Indian Institute of Technology (BHU), Varanasi",itbhu.ac.in,41,Internal combustion Engine | Renewable energy- Biomass gasification,https://scholar.google.com/citations?hl=en&user=bwfliC8AAAAJ
RESHMA SINGH,Indian Institute of Technology(BHU) Varanasi,itbhu.ac.in,40,Integral Transforms Mathematics,https://scholar.google.com/citations?hl=en&user=T0cbw44AAAAJ
Poorvi Saraf,"Indian Institute of Technology, Varanasi",itbhu.ac.in,40,Not Mentioned,https://scholar.google.com/citations?hl=en&user=Yy_FseEAAAAJ
Santosh Kachhap,"Indian Institute of Technology BHU Varanasi, INDIA (Research Scholar)",itbhu.ac.in,40,Spectroscopy | Material Science,https://scholar.google.com/citations?hl=en&user=ipS8bREAAAAJ
Divya,"Research Scholar, Indian Institute of Technology(BHU), Varanasi, India",itbhu.ac.in,39,nano bioengineering | biotechnology | medical biosensors | nano materials,https://scholar.google.com/citations?hl=en&user=0l0Hfu0AAAAJ
Keshav Kumar,"Indian Institute of Technology (Banaras Hindu University) Varanasi, India - 221005",itbhu.ac.in,38,Quantum Phase Transitions | Condense Matter Physics | Multiferroics | Material Science,https://scholar.google.com/citations?hl=en&user=zyWDr_wAAAAJ
Nirmalya Guha,"Associate Professor, Dept. of Humanistic Studies, IIT Varanasi",fulbrightmail.org,36,Logic | Epistemology | Semantics | Philosophy of Language,https://scholar.google.com/citations?hl=en&user=UA0TgroAAAAJ
Mohit Chaudhary,"Research Scholar, Indian Institute of Technology (BHU), Varanasi",itbhu.ac.in,35,Pavement engineering | Rheology | Asphalt mastics | Fatigue,https://scholar.google.com/citations?hl=en&user=xol-p1oAAAAJ
Nikhil Srivastava,Indian Institute of Technology (Banaras Hindu University) Varanasi,iitbhu.ac.in,34,Fractional Calculus | Numerical Methods | Fractional Partial Differential Equations,https://scholar.google.com/citations?hl=en&user=C3D7QA8AAAAJ
Sanjeev Verma,"… of Chemical engineering and technology, Indian institute of technology BHU Varanasi",itbhu.ac.in,34,energy storage devices | electrochemical analysis,https://scholar.google.com/citations?hl=en&user=cx6vHm8AAAAJ
Yashveer Kumar,"Ph.D student, Indian Institute of Technology (Banaras Hindu University), Varanasi, India",itbhu.ac.in,34,Numerical Analysis | Operational Matrices | Finite Difference | Fractional Differential Equation,https://scholar.google.com/citations?hl=en&user=LcH3FLMAAAAJ
Dr. Debashis Dutta IIT BHU,"Indian Institute of Technology BHU, Varanasi 221005",itbhu.ac.in,33,Developing a level in the biochemical … | with a focus towards statistical optimizati,https://scholar.google.com/citations?hl=en&user=aWItv5MAAAAJ
Edathil Srilakshmi,"… Scholar, Electrical Engineering, Indian Institute of Technology (BHU), Varanasi, India",itbhu.ac.in,32,Optimization techniques | Electric vehicle | Hybrid energy system,https://scholar.google.com/citations?hl=en&user=fNUwTrcAAAAJ
VIKAS Sharma,"Indian Institute of Technology- BHU, Varanasi",itbhu.ac.in,32,Cancer Therapeutics,https://scholar.google.com/citations?hl=en&user=wdi_Dj8AAAAJ
Dr. Gaurav Chandra Pandey,"School of materials science and technology, IIT(BHU) Varanasi",itbhu.ac.in,31,Magnetism | XAFS | Crystallography | Physical Metallurgy | Multiferroic oxides,https://scholar.google.com/citations?hl=en&user=tYss5eQAAAAJ
Neha Jatav,"Indian Institute of technology,  Varanasi",itbhu.ac.in,31,Photocatalysis | Antibiotic degradation,https://scholar.google.com/citations?hl=en&user=RY15hEQAAAAJ
Amiya Abhash,"Indian Institute of Technology (BHU), Varanasi",itbhu.ac.in,30,Dam Safety and rehabilitation | Piano Key Weir | River Hydraulics,https://scholar.google.com/citations?hl=en&user=7MiC_fEAAAAJ
Dr. Nikhilesh Singh,"Ph.D. Indian Institute of Technology, (BHU), Varanasi",itbhu.ac.in,29,Geology | Geo morphology | Land form study | Geochemistry | Geo technology,https://scholar.google.com/citations?hl=en&user=RC78WdAAAAAJ
Rakesh Kumar,"Ph.D. Student, Indian Institute of Technology, BHU, Varanasi",itbhu.ac.in,29,Network Security | IoT Security,https://scholar.google.com/citations?hl=en&user=ejLI_XEAAAAJ
Nikhil,"Indian Institute of technology ,bhu, Varanasi",itbhu.ac.in,28,organic rlectronics,https://scholar.google.com/citations?hl=en&user=f7rcKpkAAAAJ
Rahul Kumar Sharma,"Indian Institute of Technology (BHU), Varanasi",iitbhu.ac.in,28,Fractional-Order Systems | Sliding Mode Control,https://scholar.google.com/citations?hl=en&user=hpbnmxQAAAAJ
Dr. Ravi Prakash,School of Materials Science and Technology Indian Institute of Technology (BHU) Varanasi …,itbhu.ac.in,28,Energy Materials | Solar cell | Quantum Dots | Rheological study,https://scholar.google.com/citations?hl=en&user=yIiur7UAAAAJ
Sakshi Sharma,"Undergraduate of Metallurgical Engineering, IIT(BHU), Varanasi",itbhu.ac.in,27,Material Science,https://scholar.google.com/citations?hl=en&user=AjMI_KwAAAAJ
Rakesh Ranjan Chand,"Indian Institute of Technology (BHU), Varanasi",itbhu.ac.in,27,Dynamics and Vibration | Vibration Energy Harvesting | MEMS | Non-Linear Vibration | Machine Design,https://scholar.google.com/citations?hl=en&user=aaJYu5gAAAAJ
Vishal Agrawal,Indian Institute of Technology (BHU) Varanasi,itbhu.ac.in,27,Fractal geometry | Approximation theory | Fixed Point Theory,https://scholar.google.com/citations?hl=en&user=73reI4gAAAAJ
Kanu Chakraborty,"Indian Institute of Technology (BHU), Varanasi",iitbhu.ac.in,26,Library & Information Science | Computer Science,https://scholar.google.com/citations?hl=en&user=Obi0DPEAAAAJ
Pramod Kumar Yadav,"Indian Institute of Technology (BHU), Varanasi, India",itbhu.ac.in,26,frustrated magnetism | quantum materials,https://scholar.google.com/citations?hl=en&user=ZgUg7Y8AAAAJ
Labanya Ghosh,"Research Scholar, Department of Physics, Indian Institute of Technology (BHU), Varanasi",itbhu.ac.in,26,Spintronics | Topological Insulators | Weyl Semi Metals | Magnetism | Topological Superconductivity,https://scholar.google.com/citations?hl=en&user=h0fYryMAAAAJ
Ashish Kumar Vishwakarma,"Indian Institute of Technology (Banaras Hindu University), Varanasi, India",itbhu.ac.in,25,Plant Science | Geomorphology | Remote Sensing,https://scholar.google.com/citations?hl=en&user=lBFa-nkAAAAJ
Gaurav Verma,"Ph.D., Indian Institute of Technology (Banaras Hindu University) Varanasi (UP) India",itbhu.ac.in,24,Highway Materials | Pavement Analysis and Design | Soft Computing | Machine Learning Algorithms,https://scholar.google.com/citations?hl=en&user=9p5YQN4AAAAJ
Sharat Chandra Mahto,Indian Institute of Technology BHU Varanasi,iitbhu.ac.in,24,Time delay system | Nonlinear control | Robust control,https://scholar.google.com/citations?hl=en&user=C-qyoVoAAAAJ
Vikas Kumar Pandey,"Dept of Chemical Engg & Tech, IIT BHU Varanasi",itbhu.ac.in,24,Electrochemical energy storage | supercapacitor | impedance spectroscopy,https://scholar.google.com/citations?hl=en&user=Iy3hS9MAAAAJ
Pammi Raj Gupta,Indian Institute of Technology (BHU) Varanasi,itbhu.ac.in,23,Heat Transfer | Nanofluids | Solar Energy | Energy Conversion,https://scholar.google.com/citations?hl=en&user=UO4oeoAAAAAJ
Dr. VIPIN KUMAR,"Research Scholar Indian Institute of Technology (BHU), Varanasi, India",itbhu.ac.in,22,Power Electronics | Solar Energy | Renewable Energy,https://scholar.google.com/citations?hl=en&user=abn7UvFwJ7QC
Anurag Lal,"Indian Institute of Technology (BHU), Varanasi",itbhu.ac.in,21,Information Extraction | Natural Language Processing,https://scholar.google.com/citations?hl=en&user=6awFeL8AAAAJ
Gaurav K. Shukla,Indian Institute of Technology (BHU) VARANASI,itbhu.ac.in,20,Magneto-transport Properties of Heusler …,https://scholar.google.com/citations?hl=en&user=oR0po0wAAAAJ
Manisha Verma,"Indian institute of technology BHU, Varanasi, India",itbhu.ac.in,20,Bioenergy | Microbial fuel cells,https://scholar.google.com/citations?hl=en&user=GpLfwpwAAAAJ
Balveer Singh,"Senior Research Scholar, Department of Physics, IIT (BHU) Varanasi India",itbhu.ac.in,19,Astrophysics | Solar Physics | Sun's Atmosphere | MHD | Modelling,https://scholar.google.com/citations?hl=en&user=pK-p-2cAAAAJ
Ashwani Sharma,"… , Mechanical Engineering Department, Indian Institute of Technology (BHU), Varanasi",iitbhu.ac.in,18,Machining | Grinding | Sustainable manufacturing | Barkhausen Noise Analysis,https://scholar.google.com/citations?hl=en&user=2If_mqwAAAAJ
Ritika Solanki,Indian Institute of technology Bhu varanasi,itbhu.ac.in,18,solar astrophysics,https://scholar.google.com/citations?hl=en&user=QeqbqqAAAAAJ
Rohini Kumari,Indian Institute of Technology (BHU) Varanasi,itbhu.ac.in,17,Nanoengineering | Biosensors,https://scholar.google.com/citations?hl=en&user=39HBvhYAAAAJ
Samyak Jain,"Undergrad at Indian Institute of Technology(BHU),Varanasi",itbhu.ac.in,16,Machine Learning | Computer Vision | Natural Language Processing,https://scholar.google.com/citations?hl=en&user=aKCRSv0AAAAJ
Manisha Chauhan,"Research Scholar, Indian Institute of Technology (BHU), Varanasi",itbhu.ac.in,16,Fuel cell,https://scholar.google.com/citations?hl=en&user=ZdhkUdYAAAAJ
Siddhi Jaiswal,"Indian Institute of Technology, Varanasi",itbhu.ac.in,16,Heterogeneous Catalysis | Green Chemistry | Glycerol valorisation | Glycerol Carbonate,https://scholar.google.com/citations?hl=en&user=pU57hB4AAAAJ
Subhash Chandra,Indian Institute of Technology (BHU) Varanasi,itbhu.ac.in,15,Mathematical Modelling | Computational Fluid Dynamics,https://scholar.google.com/citations?hl=en&user=GC42kqQAAAAJ
Khemraj Sahu,INDIAN INSTITUTE OF TECHNOLOGY (BANARAS HINDU UNIVERSITY) VARANASI,itbhu.ac.in,15,Metal forming | Material Characterization | Wear,https://scholar.google.com/citations?hl=en&user=dwJzj1wAAAAJ
ANJANI KUMAR SHUKLA,Indian Institute of Technology BHU Varanasi,iitbhu.ac.in,15,Bridge Engineering | Rehabilitation of Old Bridge structures | Repairing of beam | Damage Analysis,https://scholar.google.com/citations?hl=en&user=Xxpp0bMAAAAJ
Abhinandan Choubey,"Indian Institute of Technology (Banaras Hindu University), Varanasi",iitbhu.ac.in,15,Remote Sensing | Machine Learning | GIS,https://scholar.google.com/citations?hl=en&user=4rK87fUAAAAJ
SATISH UPADHYAY,INDIAN INSTITUTE OF TECHNOLOGY (BANARAS HINDU UNIVERSITY) VARANASI,itbhu.ac.in,15,Heat Transfer | Nanofluid | Solar Energy | Thermodynamics | Computational Fluid Dynamics,https://scholar.google.com/citations?hl=en&user=7NTKNA8AAAAJ
Vinish Ranjan Srivastava,"Indian Institute of Technology(BHU), Varanasi",itbhu.ac.in,15,Biosensors | Multiplexing platforms | Nanobioengineering,https://scholar.google.com/citations?hl=en&user=z-vYKoUAAAAJ
Shashwat Trivedi,"Senior Undergraduate, Indian Institute of Technology (Banaras Hindu University),Varanasi",iitbhu.ac.in,14,Natural Language Processing | Deep Learning,https://scholar.google.com/citations?hl=en&user=SsDkxEAAAAAJ
Ashwani Kumar Sonkar,Indian Institute of Technology (BHU) Varanasi,itbhu.ac.in,14,Water Resources Engineering | Water Pollution | Groundwater Management | Remote Sensing & GIS | Mine Environment,https://scholar.google.com/citations?hl=en&user=oMfWIsoAAAAJ
Yamini Khodia,"Indian Institute of Technology (BHU), Varanasi",itbhu.ac.in,14,Solar Physics,https://scholar.google.com/citations?hl=en&user=QEm-XnoAAAAJ
Joseph Sushil,"Indian Institute of Technology BHU, Varanasi",iitbhu.ac.in,14,HEOs,https://scholar.google.com/citations?hl=en&user=olcepPgAAAAJ
Jay Singh Maurya,"Research Scholar, Indian Institute of Technology(BHU), Varanasi",itbhu.ac.in,14,Harmonic Analysis,https://scholar.google.com/citations?hl=en&user=hKehqysAAAAJ
Mayank Kumar,"Indian Institute of Technology, Varanasi",iitbhu.ac.in,13,Cloud computing | Cloud Security | Internet of Things | Fog Computing,https://scholar.google.com/citations?hl=en&user=9vzyO6YAAAAJ
Shloka Negi,"… and Technology, Indian Institute of Technology (Banaras Hindu University), Varanasi, India",itbhu.ac.in,13,Cancer Genomics | Bioinformatics,https://scholar.google.com/citations?hl=en&user=DNC2_t0AAAAJ
Prashant Kumar Pandey,Indian Institute of Technology (BHU) Varanasi,itbhu.ac.in,12,Fractional Calculus | Fractional PDE,https://scholar.google.com/citations?hl=en&user=IqikH4UAAAAJ
Sandeep Maddheshiya,"Indian Institute of Technology (Banaras Hindu University), Varanasi-221005",itbhu.ac.in,12,Remote Sensing & GIS | Wetlands | Hydrogeomorphology | Sedimentology | Groundwater Modeling,https://scholar.google.com/citations?hl=en&user=YtXRltQAAAAJ
Pawan Kumar,"Indian Institute of Technology (BHU), Varanasi",iitbhu.ac.in,12,Design of DC-DC Converters | MPPT Operation | Digital Control Design | Design of EV Chargers | Analog and Digital Signal Processing,https://scholar.google.com/citations?hl=en&user=wGyzl-0AAAAJ
Ankit Kajaria,School of Biomedical Engineering IIT (BHU) Varanasi,itbhu.ac.in,11,Modelling and simulations,https://scholar.google.com/citations?hl=en&user=pcWs0foAAAAJ
Dr. Aaditya Pratap Sanyal,"Department of Architecture, Planning and Design, IIT-BHU, Varanasi",iitbhu.ac.in,11,Construction Management | Architecture | Energy Efficient Design | Sustainable Buildings | Climate Responsive Architecture,https://scholar.google.com/citations?hl=en&user=9aKwJMQAAAAJ
Digvijay Nath Dubey,"Department of Physics, Indian Institute of Technology (BHU) Varanasi",itbhu.ac.in,11,X- ray diffraction | Rietveld refinement | Raman spectroscopy | Ferroelectrics,https://scholar.google.com/citations?hl=en&user=S49WpCIAAAAJ
Jagadish Rajpoot,Indian Institute of Technology (BHU) Varanasi,itbhu.ac.in,11,non volatile spin based logic,https://scholar.google.com/citations?hl=en&user=0hAWcQ4AAAAJ
Abhishek Singh,Indian Institute of Technology Varanasi (BHU),itbhu.ac.in,11,Power Distribution System | Microgrid,https://scholar.google.com/citations?hl=en&user=g9Zy9GMAAAAJ
Rupjyoti Baruah,"Indian Institute of Technology (BHU), Varanasi, India",itbhu.ac.in,10,Natural Language Processing | Artificial Intelligence,https://scholar.google.com/citations?hl=en&user=pmm8FCUAAAAJ
kanak kumar,"Electronics Engineering , Indian Institute of Technology (BHU), Varanasi India",itbhu.ac.in,10,IoT | Pattern Recognition | Sensor Array,https://scholar.google.com/citations?hl=en&user=MGqi0xkAAAAJ
PRIYA SINGH,"Indian Institute of Technology (BHU), Varanasi",itbhu.ac.in,10,Piezoelectric bioceramic | Biomaterials | biodegradable ceramics,https://scholar.google.com/citations?hl=en&user=waMCVmsAAAAJ
Abhishek Kumar Singh,Indian Institute of Technology (BHU) Varanasi,itbhu.ac.in,10,quantum computing | quantum optics | quantum information | quantum chaos,https://scholar.google.com/citations?hl=en&user=iA4HXDcAAAAJ
Laxmi Kant Dwivedi,"… of Electrical Engineering, Indian Institute of Technology (BHU) Varanasi (UP) India",itbhu.ac.in,9,Control System | Instrumentation | Renewable Energy,https://scholar.google.com/citations?hl=en&user=hiHJxp8AAAAJ
Ritika Singh,"Research Scholar, Department of Mathematical Sciences, IIT (BHU), Varanasi, India",itbhu.ac.in,9,Applied Mathematics | Solid Mechanics | Fracture Mechanics,https://scholar.google.com/citations?hl=en&user=4yl__YYAAAAJ
Vivek Semwal,"Department of Physics, Indian Institute of Technology (BHU),Varanasi",itbhu.ac.in,9,Statistical Physics | Soft Matter,https://scholar.google.com/citations?hl=en&user=1-43KyoAAAAJ
Neha Trivedi,"Senior Research Fellow, Indian Institute of Technology (BHU) Varanasi",iitbhu.ac.in,9,Applied Mathematics | Fracture Mechanics | Solid Mechanics | Computational Mechanics,https://scholar.google.com/citations?hl=en&user=fJPyKH4AAAAJ
Saumya Singh,"PhD Research scholar, Indian Institute of Technology (BHU) Varanasi (UP) INDIA",itbhu.ac.in,9,Renewable Energy | Electric Vehicle,https://scholar.google.com/citations?hl=en&user=PqDxRvQAAAAJ
Nillmani,"School of Biomedical Engineering, Indian Institute of Technology (BHU), Varanasi",itbhu.ac.in,9,Artificial Intelligence | Deep Learning | Medical Image Processing,https://scholar.google.com/citations?hl=en&user=GWFrY6EAAAAJ
SHRI PRAKASH SONKAR,Department of Electrical Engineering IIT (BHU) Varanasi,itbhu.ac.in,9,Power Electronics,https://scholar.google.com/citations?hl=en&user=XgEg0mYAAAAJ
Sonu Pratap Singh Gurjar,"… of Computer Science and Engineering, Indian Institute of Technology BHU, Varanasi",itbhu.ac.in,8,Machine Learning | Image Processing | Information Extraction,https://scholar.google.com/citations?hl=en&user=atNoBMQAAAAJ
Sumit Kr. Yadav,"INDIAN INSTITUTE OF TECHNOLOGY (BHU), Varanasi, India",iitbhu.ac.in,8,Biomedical signal processing | Image processing | Computer Vision | VLSI Signal Processing,https://scholar.google.com/citations?hl=en&user=yRuGfCYAAAAJ
Divyanshu Gupta,"Senior Undergraduate, Indian Institute of Technology (BHU), Varanasi, India",iitbhu.ac.in,8,Deep Learning | Computer Vision,https://scholar.google.com/citations?hl=en&user=MB7heOkAAAAJ
Vijay Kumar Singh,"Indian Institute of Technology BHU, Varanasi",iitbhu.ac.in,8,Control Theory,https://scholar.google.com/citations?hl=en&user=uH9_aCAAAAAJ
Dharmendra Yadav,"Indian institute of Technology (BHU) Varanasi, India",itbhu.ac.in,8,Alloy development | Thermo-mechanical Processing | Surface Engineering | Mechanical Behavior of material | High entropy Alloys,https://scholar.google.com/citations?hl=en&user=w1PYeyAAAAAJ
MEGHA PANDEY,"Indian Institute of Technology (Banaras Hindu University) , Varanasi, India",itbhu.ac.in,8,Fixed Point Theory | Fractal Geometry | Approximation Theory,https://scholar.google.com/citations?hl=en&user=k8qEwY8AAAAJ
Dharmendra Yadav,Indian institute of Technology (BHU) Varanasi,itbhu.ac.in,8,Alloy development | Metal Matrix Composite | Surface Engineering | High Entropy Alloys.,https://scholar.google.com/citations?hl=en&user=B9jzH48AAAAJ
Suchit Sahoo,"Indian Institute of Technology (BHU), Varanasi",itbhu.ac.in,7,Machine Learning | Recommender System,https://scholar.google.com/citations?hl=en&user=aRsDzmoAAAAJ
Abhinav Patel,"Indian Institute of Technology (BHU), Varanasi",iitbhu.ac.in,7,Machine Learning | Computer Vision,https://scholar.google.com/citations?hl=en&user=EnWxZjoAAAAJ
Ananga Paul,"Indian Institute of Technology, BHU, Varanasi",itbhu.ac.in,7,rf & microwave | RF Active devices | AI,https://scholar.google.com/citations?hl=en&user=vDDLfzcAAAAJ
Sanjaya Kumar  Lenka,"Visiting professor of Lingustics, IIT BHU, Varanasi",iitbhu.ac.in,7,Morphosyntax | Syntax | semantics and pragmatics,https://scholar.google.com/citations?hl=en&user=wCX7LZ8AAAAJ
Saurabh Kumar Srivastava,"Indian Institute of Technology (BHU),Varanasi",itbhu.ac.in,7,Microwave Absorber | Polarizer | RCS Reduction | Frequency Selective Surfaces | Metasurface,https://scholar.google.com/citations?hl=en&user=zvgyJBMAAAAJ
Sandeep Kumar,"Indian Institute of Technology (BHU), Varanasi",itbhu.ac.in,7,Fractional pde | Fractional Integro-Differential Equation,https://scholar.google.com/citations?hl=en&user=gmr1r-8AAAAJ
Akanksha Gupta,"Indian Institute of Technology (BHU), Varanasi",itbhu.ac.in,7,Permanent Magnet | Hard and Soft Magnetic Material | Material Synthesis | Material Characterization,https://scholar.google.com/citations?hl=en&user=4ZguWUsAAAAJ
Tarun Verma,"Assistant Professor of Mining Engineering, IIT(BHU),Varanasi",iitbhu.ac.in,6,Air pollution modeling | operations research | remote sensing and GIS,https://scholar.google.com/citations?hl=en&user=OklUjGkAAAAJ
Pankaj Gautam,"Department of Mathematical Sciences, IIT (BHU), Varanasi",iitbhu.ac.in,6,Monotone operators | Dynamical systems | Nonlinear Analysis,https://scholar.google.com/citations?hl=en&user=ZJxB3MoAAAAJ
Gaurav Seth,"Biomedical undergraduate, Indian Institute of Technology (BHU), Varanasi",iitbhu.ac.in,6,Biomechanics | Neurorehabilitation | Rehabilitation Robotics | Neuromuscular disorders,https://scholar.google.com/citations?hl=en&user=ilhtaMYAAAAJ
Aditya Chandra Mandal,Indian Institute of Technology (BHU) Varanasi,itbhu.ac.in,5,Biophotonics | Digital Holography | Computational Imaging | Deep Learning,https://scholar.google.com/citations?hl=en&user=50mDZXIAAAAJ
Vinit Kumar,Indian Institute of Technology (BHU) Varanasi,itbhu.ac.in,5,Signal Processing | Biomedical Signal Processing | Automatic Speech Recognition | Image Processing,https://scholar.google.com/citations?hl=en&user=oIx7yMEAAAAJ
Gagan Gupta,"Research Scholar, Indian Institute of Technology (BHU) Varanasi",itbhu.ac.in,5,Mining Engineering,https://scholar.google.com/citations?hl=en&user=jNyGFlkAAAAJ
AMIT KUMAR SINGH,"Research Scholar, Indian Institute of Technology (BHU), Varanasi",itbhu.ac.in,5,Extractive Metallurgy | Agglomeration | Process Metallurgy | Pyrometallurgy | Direct Reduction of Iron ore,https://scholar.google.com/citations?hl=en&user=lmFw0gMAAAAJ
Kumar Shivesh,"Indian Institute of Technology (Banaras Hindu University), Varanasi, Uttar Pradesh, India",itbhu.ac.in,5,Organ-on-Chip | Electrochemical Biosensors | Microfluidics | 3D Printing | Perovskite Solar Cells,https://scholar.google.com/citations?hl=en&user=9wvEfbYAAAAJ
Abhijeet Babar,"PhD, Indian Institute of Technology (BHU), Varanasi",itbhu.ac.in,4,Earthquake Engineering | Composite Material | Sandwich Structure,https://scholar.google.com/citations?hl=en&user=eKmIXzgAAAAJ
Biswajit Mishra,"Ph.D Indian Institute of Technology(BHU), Varanasi , India",itbhu.ac.in,4,Metallurgy | Extractive Metallurgy,https://scholar.google.com/citations?hl=en&user=mnDjBCgAAAAJ
Sujeet kumar Vishwakarma,"Indian Institute of Technology, Varanasi",itbhu.ac.in,4,Not Mentioned,https://scholar.google.com/citations?hl=en&user=yEfMqhEAAAAJ
Mahitosh Banafer,"PhD Researcher, Indian Institute of Technology (BHU) Varanasi",itbhu.ac.in,4,Primary and Backup Protection in MTDC | Fault Location in MTDC system | Hybrid AC/DC Transmission system … | Deep machine,https://scholar.google.com/citations?hl=en&user=EJYPhsIAAAAJ
Venkatakrishna Rao. K,"Indian Institute of Technology (BHU), Varanasi",itbhu.ac.in,4,Social Network Analysis,https://scholar.google.com/citations?hl=en&user=_DxlXpAAAAAJ
rohit rai,"Indian Institute of Technology (BHU), Varanasi",itbhu.ac.in,4,cellulose | wood | biomaterials | bioprinting,https://scholar.google.com/citations?hl=en&user=2nGpECkAAAAJ
Qadir Alam,Indian Institute of technology Banaras Hindu University Varanasi,Not Mentioned,4,Not Mentioned,https://scholar.google.com/citations?hl=en&user=IsRFpHEAAAAJ
REETU RAJ,Indian Institute of Technology BHU (Varanasi),itbhu.ac.in,4,Co-gasification | IC engine | RSM optimisation | Design expert | ASPEN plus,https://scholar.google.com/citations?hl=en&user=o9PhGZIAAAAJ
Varanasi Satya Sreekanth,Indian Institute of Space Science and Technology trivandrum,narl.gov.in,3,Machine learning | Optical Remote Sensing | Lidars | Signal Processing | Instrumentation related to Atmospheric …,https://scholar.google.com/citations?hl=en&user=nqzFOzAAAAAJ
Parijat Prasun,"Indian Institute of Technology (BHU), Varanasi",itbhu.ac.in,3,Nonlinear Control | Gradient Flow Systems | Discrete Sliding Mode Control | Observer design,https://scholar.google.com/citations?hl=en&user=aHxfl04AAAAJ
Archana Ojha,Indian Institute of technology (BHU) Varanasi,itbhu.ac.in,3,Internet of Things | Wireless sensor Networks | Cyber Physical systems,https://scholar.google.com/citations?hl=en&user=dGI03nkAAAAJ
Pranav Nair,"Indian Institute of Technology (Banaras Hindu University), Varanasi",itbhu.ac.in,3,Natural Language Processing,https://scholar.google.com/citations?hl=en&user=Vr9vvooAAAAJ
Shivam Kumar Chaubey,"Ph.D. Scholar, Department of Physics, IIT (BHU) Varanasi",itbhu.ac.in,3,Optics | Digital Holography | Microscopy,https://scholar.google.com/citations?hl=en&user=pEt-TyoAAAAJ
SAUMYA SINGH,"PhD Research scholar, Indian Institute of Technology (BHU) Varanasi (UP) INDIA",itbhu.ac.in,3,Renewable energy | Electric vehicle,https://scholar.google.com/citations?hl=en&user=CUL20WQAAAAJ
Yadul Raghav,Indian Institute of Technology (BHU) Varanasi,itbhu.ac.in,3,Not Mentioned,https://scholar.google.com/citations?hl=en&user=zml_KWYAAAAJ
Namrata Mazumder,"Indian Institute of Technology, BHU, Varanasi",itbhu.ac.in,3,Metallurgical and Materials Engineering,https://scholar.google.com/citations?hl=en&user=LCWM-y0AAAAJ
Smruti B. Bhatt,"Student, Indian Institute of Technology, Banaras Hindu University, Varanasi",itbhu.ac.in,3,Not Mentioned,https://scholar.google.com/citations?hl=en&user=GYurk9wAAAAJ
ANUJ SINGH,Indian Institute of Technology (BHU) Varanasi,itbhu.ac.in,2,Genomics | Computational Biology | Computational Genomics,https://scholar.google.com/citations?hl=en&user=SAgs5WkAAAAJ
Sudarshan Sarkar,"PhD in Indian Institute of Technology (BHU), Varanasi",itbhu.ac.in,2,Photocatalytic activity | 2D Materials | Layered Double Hydroxide | Graphitic Carbon Nitride,https://scholar.google.com/citations?hl=en&user=NGtXLJYAAAAJ
Ravikant Dubey,"Indian Institute of Technology, (BHU), Varanasi.",itbhu.ac.in,2,Solid Waste management | Circular Economy | Sustainable Development,https://scholar.google.com/citations?hl=en&user=uyne82oAAAAJ
Jay Deep Gupta,"School of Materials Science and Technology, IIT (BHU), Varanasi",itbhu.ac.in,2,MXene Materials | 2D Materials | Optoelectronic Devices,https://scholar.google.com/citations?hl=en&user=JMNbbA8AAAAJ
VIPIN MAURYA,"Research Scholar , Indian Institute of Technology (BHU) , Varanasi",itbhu.ac.in,2,Wireless Sensor Network,https://scholar.google.com/citations?hl=en&user=OAKYeB4AAAAJ
Bharti Devi,"Research Scholar, Indian Institute of Technology (BHU), Varanasi",itbhu.ac.in,2,Pharmaceutical Chemistry | Computer Aided Drug Design | Molecular Dynamics,https://scholar.google.com/citations?hl=en&user=gbO7X5IAAAAJ
yogendra Dehariya,"Indian institute of Technology(Banaras Hindu University),Varanasi",Not Mentioned,1,Not Mentioned,https://scholar.google.com/citations?hl=en&user=inCWv7wAAAAJ
NAMAN KANSAL,"Undergraduate at Indian Institute of Technology (BHU), Varanasi",iitbhu.ac.in,1,Additive Manufacturing | Compliant Mechanism | Origami Inspired Engineering,https://scholar.google.com/citations?hl=en&user=BHbS3LwAAAAJ
K Bhanukiran,"Research Scholar, Dept. of Pharmaceutical Engg. and Tech., IIT (BHU), Varanasi.",itbhu.ac.in,1,Natural products | Pharmacognosy | Semisynthesis | Phytochemistry,https://scholar.google.com/citations?hl=en&user=nd4x6hgAAAAJ
Utsav Krishnan,"… undergrad at Computer Science Department, Indian Institute of Technology BHU, Varanasi",iitbhu.ac.in,1,neural network | computer vision,https://scholar.google.com/citations?hl=en&user=SUqA0QQAAAAJ
Ashish Kumar Ranjan,"Indian Institute of Technology (BHU), Varanasi",iitbhu.ac.in,1,Perovskite solar cell | Hole transport materials | Photovoltaics | Nanomaterials,https://scholar.google.com/citations?hl=en&user=LDFKPMUAAAAJ
Sai Prasanth,Indian Institute of Technology Varanasi,itbhu.ac.in,1,Computer Science,https://scholar.google.com/citations?hl=en&user=9P61ffoAAAAJ
Joel Joseph,Indian Institute of Technology (BHU) Varanasi,iitbhu.ac.in,1,reinforcement learning | meta learning | continual learning,https://scholar.google.com/citations?hl=en&user=57c1Z9wAAAAJ
Susanta Kumar Rout,"M.Pharm, Indian Institute of Technology (BHU), Varanasi",iitbhu.ac.in,1,Nanomedicine | Advance Drug Delivery | Pharmacokinetic Study | Targeted Drug Delivery,https://scholar.google.com/citations?hl=en&user=RHb605gAAAAJ
sumit shekhar,"Indian Institute of Technology(BHU), Varanasi",itbhu.ac.in,1,Rural Development | Sanitation | Sociology of Development,https://scholar.google.com/citations?hl=en&user=puZG38kAAAAJ
Suneet Singh,"Research Scholar, Indian Institute of Technology (BHU), Varanasi",itbhu.ac.in,1,Green Freight logistics | transportation | and sustainable supply chain management,https://scholar.google.com/citations?hl=en&user=iUVeSocAAAAJ
Divij Singh,Indian Institute of Technology (BHU) Varanasi,itbhu.ac.in,1,Computer Vision | Generative models | Image Segmentation | Object detection,https://scholar.google.com/citations?hl=en&user=Y2wmdO0AAAAJ
Pranav Raibagkar,"Department of Physics, IIT (BHU), Varanasi",itbhu.ac.in,1,General Relativity | Gravitational Physics,https://scholar.google.com/citations?hl=en&user=shRNhF8AAAAJ
Abdul Talim Khan,"Department of Chemistry, IIT(BHU) Varanasi",itbhu.ac.in,1,Chemical biology | Organic chemistry | Bio-inorganic chemistry,https://scholar.google.com/citations?hl=en&user=_-rVo3oAAAAJ
Prayshita Sharma,"Indian Institute of Technology (BHU), Varanasi",itbhu.ac.in,1,Neuroscience,https://scholar.google.com/citations?hl=en&user=dSuZwQQAAAAJ
AMARENDRA SHANDILYA,"Research Scholar, Structural Engineering, Indian Institute of Technology (BHU),Varanasi",itbhu.ac.in,1,Structural Health Monitoring | Earthquake Engineering | Smart Concrete | Confined Brick Masonry,https://scholar.google.com/citations?hl=en&user=00oAQbwAAAAJ
Rupesh Kumar,"Indian Institute of Technology (Banaras Hindu University), Varanasi",itbhu.ac.in,1,Lubricants | Biomaterials | Tribology,https://scholar.google.com/citations?hl=en&user=nXWWysUAAAAJ
Moirangthem Biken Singh,"Research Scholar, Department of CSE, IIT (BHU), Varanasi, India",iitbhu.ac.in,1,Machine Learning | Deep Learning | Federated Learning | Smart Healthcare,https://scholar.google.com/citations?hl=en&user=BGe52_8AAAAJ
Shiv Shankar Chouhan,"… Scholar, Department of Mathematical Sciences, IIT (BHU), Varanasi- 221005, India.",itbhu.ac.in,1,Dynamical System | Artificial Neural Networks | Synchronization.,https://scholar.google.com/citations?hl=en&user=zpawZrkAAAAJ
Satyendra Kumar Satyarthi,"School of Material Science and Technology, Indian Institute of Technology-BHU, Varanasi",itbhu.ac.in,1,Electrical Energy Materials | Nano Materials | Electro ceramic materials,https://scholar.google.com/citations?hl=en&user=fBGsxq4AAAAJ
"Abhipshit Kalita IIT, BHU, varanashi","Master of Pharmacy, Indian Institute of Technology, Varanasi",itbhu.ac.in,1,Neuroscience,https://scholar.google.com/citations?hl=en&user=QNAyqcsAAAAJ
Nitin Ranjan,Indian Institute of Technology (BHU) Varanasi,itbhu.ac.in,1,Emerging Pollutants | Hospital Wastewater | Pharmaceutical Pollutants Removal | River Health Conditions,https://scholar.google.com/citations?hl=en&user=nkvgrmwAAAAJ
Osho Gupta,"Junior Year Student, Indian Institute of Technology, Banaras Hindu University, Varanasi",iitbhu.ac.in,Not Mentioned,Natural Language Processing | Speech Processing | Machine Learning,https://scholar.google.com/citations?hl=en&user=8uRBP7UAAAAJ
Ajit K  Mishra,"Indian Institute of Technology (BHU) Varanasi, India",iitbhu.ac.in,Not Mentioned,Communication Studies | Critical Narrative Studies | Precarity  Studies,https://scholar.google.com/citations?hl=en&user=cTbA8tgAAAAJ
PRASHANT PANDEY,"Indian Institute of Technology (BHU), Varanasi",itbhu.ac.in,Not Mentioned,Molecular Simulation | Material Informatics and Polymers,https://scholar.google.com/citations?hl=en&user=lqwyMJUAAAAJ
Aryansh Omray,"Indian Institute of Technology(Banaras Hindu University), Varanasi",iitbhu.ac.in,Not Mentioned,Computer Vision | Machine Learning,https://scholar.google.com/citations?hl=en&user=eKpUgqAAAAAJ
Adit Agarwal,"Indian Institute Of Technology (BHU), Varanasi",itbhu.ac.in,Not Mentioned,Deep Learning | Interpretability of neural networks | Explainable AI,https://scholar.google.com/citations?hl=en&user=vMRDyP4AAAAJ
Sankata Tiwari,"PhD, Indian Institute of Technology (BHU) Varanasi",itbhu.ac.in,Not Mentioned,Additive Manufacturing | Hot corrosion | Ceramics 3D printing,https://scholar.google.com/citations?hl=en&user=979Vw9oAAAAJ
Chitrance Kumar Srivastav,"Research Scholar, Department of Mechanical Engineering, IIT BHU,Varanasi",itbhu.ac.in,Not Mentioned,Fracture Mechanics | Biomaterials | Finite Element Method,https://scholar.google.com/citations?hl=en&user=KwskhJwAAAAJ
Mayank Srivastava,"PhD Research Scholar, Indian Institute of Technology (BHU) Varanasi",itbhu.ac.in,Not Mentioned,Waste Heat Energy | Power generation through waste heat | Solar Energy | Thermodynamics | Organic Rankine Cycle,https://scholar.google.com/citations?hl=en&user=2s4DctsAAAAJ
Divyansh Pandey,Indian Institute of technology (BHU) VARANASI,itbhu.ac.in,Not Mentioned,fractional calculus of variations | fractional differential equation,https://scholar.google.com/citations?hl=en&user=sfFG4kQAAAAJ
Babita Chatterjee,"Indian Institute of Technology (BHU), Varanasi",itbhu.ac.in,Not Mentioned,Livelihood crisis | poverty and inequality | women empowerment | rural education,https://scholar.google.com/citations?hl=en&user=gZ4Jg28AAAAJ
Rajarshi Chakraborty,Indian Institute of Technology ( BHU) Varanasi,itbhu.ac.in,Not Mentioned,Ferroelectric Thin Film Transistors | Memory Devices | Neuromorphic Devices | Metal Oxide Thin Film Transistor,https://scholar.google.com/citations?hl=en&user=rn-SQvkAAAAJ
SOMESH LAHIRI CHAKRAVARTY,"M.Tech, Power Systems, Department of Electrical Engineering, IIT (BHU) Varanasi",iitbhu.ac.in,Not Mentioned,Power Systems | Power Electronics converters | Applicationsof AI and ML in Power Systems | … of Renewable Energy Sources with Grid,https://scholar.google.com/citations?hl=en&user=-usBWf8AAAAJ
Shiv Kumar,"Indian Institute of Technology, Banaras Hindu university, Varanasi",itbhu.ac.in,Not Mentioned,Rings and Modules,https://scholar.google.com/citations?hl=en&user=PMlO2_QAAAAJ
Abhishek R Mali,"Indian Institute of technology IIT BHU, Varanasi",itbhu.ac.in,Not Mentioned,pharma,https://scholar.google.com/citations?hl=en&user=hBTHTiUAAAAJ
Ambuj Pandey,Indian Institute of Technology (BHU) Varanasi India,itbhu.ac.in,Not Mentioned,Power System Protection,https://scholar.google.com/citations?hl=en&user=5SaufEkAAAAJ
VISHAL KUMAR,Indian Institute of Technology (BHU) Varanasi,itbhu.ac.in,Not Mentioned,Condensed Matter Physics | Topological Materials,https://scholar.google.com/citations?hl=en&user=p8_QtNYAAAAJ
Vishwajeet Kumar,"Research Scholar, Department of Mechanical Engineering, IIT (BHU) Varanasi",itbhu.ac.in,Not Mentioned,Welding | Joining,https://scholar.google.com/citations?hl=en&user=pTVPJ1sAAAAJ
Hari Prakash Yadav,Indian Institute of Technology (BHU) Varanasi,itbhu.ac.in,Not Mentioned,Biosensor | Electrochemistry | Enzymology | Bio-analytical chemistry | Nanoparticles,https://scholar.google.com/citations?hl=en&user=MLhNJj4AAAAJ
Priyatosh Pradhan,"Indian Institute of Technology (BHU), Varanasi",itbhu.ac.in,Not Mentioned,Not Mentioned,https://scholar.google.com/citations?hl=en&user=nL8WXwgAAAAJ
Pawan Kumar Ojha,"Indian Institute of Technology (BHU), Varanasi, Uttar Pradesh, India",itbhu.ac.in,Not Mentioned,Thin Film | Sol-gel | Device Fabrication and Material …,https://scholar.google.com/citations?hl=en&user=ZL2Po5kAAAAJ
