Jian Pei,"Professor of Computing Science, Simon Fraser University",cs.sfu.ca,110243,Data mining | big data analytics | database systems | information retrieval,https://scholar.google.com/citations?hl=en&user=zIMEVKsAAAAJ
Pei-Yong Shi,University of Texas Medical Branch,UTMB.edu,44460,Virology | Drug Discovery | Vaccine | Diagnostics,https://scholar.google.com/citations?hl=en&user=WcBDYP8AAAAJ
Pei-Yuan Qian,Hong Kong University of Science and Technology,ust.hk,28219,Marine biology,https://scholar.google.com/citations?hl=en&user=0Rxk-AcAAAAJ
Pei Jian,"College of Chemistry and Molecular Engineering, Peking University",pku.edu.cn,21530,Organic Electronics,https://scholar.google.com/citations?hl=en&user=D9oKbkAAAAAJ
Travis Saunders,"Assistant Professor, University of Prince Edward Island",upei.ca,17860,Exercise Physiology | Sedentary Behaviour | Physical Activity | Cardiometabolic Risk,https://scholar.google.com/citations?hl=en&user=ZBeZ5MUAAAAJ
Ian Gardner,University of Prince Edward Island,upei.ca,17411,Epidemiology | animal diseases,https://scholar.google.com/citations?hl=en&user=8cFC2QIAAAAJ
York Pei,University of Toronto,uhn.ca,15660,Hereditary kidney disease,https://scholar.google.com/citations?hl=en&user=CMQ3l4cAAAAJ
Chung-Pei Ma,University of California at Berkeley,berkeley.edu,15288,Not Mentioned,https://scholar.google.com/citations?hl=en&user=uHzTjcAAAAAJ
Tzung-Pei Hong,National University of Kaohsiung,nuk.edu.tw,15221,Machine Learning | Data Mining | Soft Computing | Parallel Processing,https://scholar.google.com/citations?hl=en&user=lOE-fU8AAAAJ
貝蘇章 (Soo-Chang Pei),"Deptartment of Electrical Engineering, National Taiwan University",cc.ee.ntu.edu.tw,14546,Signal Processing | Image Processing | Computer Vision | Pattern Recognition,https://scholar.google.com/citations?hl=en&user=-JiGrnAAAAAJ
Zhi-Pei Liang,"Franklin W. Woeltge Professor, University of Illinois",illinois.edu,14158,Magnetic Resonance Imaging and … | Signal processing | Machine Learning,https://scholar.google.com/citations?hl=en&user=1jE96CYAAAAJ
Pei Wang,"Lecture of Henan University, Graduated Ph.D of Wuhan University",Not Mentioned,12682,Systems Biology | Complex systems & networks | Chaotic dynamics,https://scholar.google.com/citations?hl=en&user=Hgzq328AAAAJ
Chung-Pei Lee,"School of Nursing, National Taipei University of Nursing and Health Sciences, Taipei",ntunhs.edu.tw,12582,Molecular Virology | Cell Biology,https://scholar.google.com/citations?hl=en&user=8Itp3bAAAAAJ
Greg F. Naterer,"Vice-President, Academic and Research, University of Prince Edward Island, Canada",upei.ca,12402,Energy | Heat Transfer | Multiphase Flow | Thermodynamics,https://scholar.google.com/citations?hl=en&user=7lFJQgUAAAAJ
Zengxia Pei,University of Sydney,sydney.edu.au,11440,nanomaterials | electrocatalysis | batteries,https://scholar.google.com/citations?hl=en&user=nFKjP9oAAAAJ
Zhen-Ming Pei,"Department of Biology, Duke University",duke.edu,10366,Plant biology | Ca2+ signaling | sensory Ca2+ channels | nitric oxide,https://scholar.google.com/citations?hl=en&user=XZmuRBAAAAAJ
Dehua Pei,"Professor of Chemistry and Biochemistry, The Ohio State University",osu.edu,10302,Chemical Biology | Cell-Penetrating Peptides | Cyclic Peptides | Cell-Permeable Proteins,https://scholar.google.com/citations?hl=en&user=JC4DT_cAAAAJ
Gang Pei,University of science and technology of china,ustc.edu.cn,10246,Energy、Heat,https://scholar.google.com/citations?hl=en&user=Lh5N-wkAAAAJ
Elizabeth Townsend,"Dalhousie University, University of Prince Edward Island",upei.ca,10237,occupational science | older adult education | occupational therapy,https://scholar.google.com/citations?hl=en&user=MLEtZ_YAAAAJ
Zhiheng Pei,New York University School of Medicine,nyumc.org,10014,Microbiology | cancer | pathology,https://scholar.google.com/citations?hl=en&user=R0P_ArUAAAAJ
Pei Xu,"New Mexico State University, Colorado School of Mines",nmsu.edu,9977,Membrane | Desalination | Produced water treatment | Water reuse | Photocatalysis,https://scholar.google.com/citations?hl=en&user=bAJmdXMAAAAJ
Ta-Pei Cheng,Physics & Astronomy University of Missouri - St Louis,umsl.edu,9003,theoretical physics | particle physics,https://scholar.google.com/citations?hl=en&user=ow_m0PYAAAAJ
Hao Pei,"Professor of Chemistry, East China Normal University",chem.ecnu.edu.cn,8857,biosensor | DNA nanotechnology | DNA computing,https://scholar.google.com/citations?hl=en&user=0gFIMpUAAAAJ
Rau Pei-Luen Patrick,"Dept of Industrial Engineering, Tsinghua Univ",mail.tsinghua.edu.cn,8098,Human Factors | Human-Computer Interaction | Cross-Cultural Design,https://scholar.google.com/citations?hl=en&user=hDHnDLgAAAAJ
Pei Wang,The University of Texas Health San Antonio,uthscsa.edu,7987,inflammation | pancreatitis | pancreatic cancer | hippo pathway,https://scholar.google.com/citations?hl=en&user=i_OxoBgAAAAJ
Don Stevens,University of Prince Edward Island,upei.ca,7897,comparative physiology | analgesia | toxicology,https://scholar.google.com/citations?hl=en&user=LcWWWuIAAAAJ
Pei Yu,"Professor of Applied Mathematics, Western University",uwo.ca,7536,Differential equations | dynamical systems | bifurcation and chaos,https://scholar.google.com/citations?hl=en&user=OC3J4WgAAAAJ
Dan Pei,"Associate Professor of Computer Science,  Tsinghua University",tsinghua.edu.cn,7530,AIOps | AI for IT Operations | Autonomous IT Operations,https://scholar.google.com/citations?hl=en&user=i_zA1VsAAAAJ
Pei-Yu Chiou,University of California at Los Angeles,seas.ucla.edu,6958,BioMEMS | Optical MEMS | Microfluidics | Optofluidics | Optical Manipulation,https://scholar.google.com/citations?hl=en&user=_JGskXUAAAAJ
Pei Zhong,"… -Rupp Professor of Mechanical Engineering and Materials Science, Duke University",duke.edu,6565,shock wave lithotripsy | therapeutic ultrasound | cavitation | bioeffects of ultrasound and bubbles,https://scholar.google.com/citations?hl=en&user=mUxewbYAAAAJ
Liming Pei,"Children's Hospital of Philadelphia, University of Pennsylvania",mail.med.upenn.edu,6512,Not Mentioned,https://scholar.google.com/citations?hl=en&user=JmqCT2EAAAAJ
Pei Xiao,University of Surrey,surrey.ac.uk,6050,wireless communications,https://scholar.google.com/citations?hl=en&user=1xI_0DoAAAAJ
Jen-Pei Liu,"Professor of Statistics, National Taiwan University",ntu.edu.tw,5914,Statistics or Biostatistics,https://scholar.google.com/citations?hl=en&user=f3qoSPgAAAAJ
Hsiao-Pei Yang,"Institute of Biotechnology, Cornell University",Not Mentioned,5772,Evolutionary Biology | Genetics | Population Genetics | Bioinformatics,https://scholar.google.com/citations?hl=en&user=4jLfUwgAAAAJ
Pei Zhang,"University of Michigan, Ann Arbor",umich.edu,5601,Cyber Physical Systems | Internet of Things | Physics-Aided Learning | Structures as Sensors | Sensor Networks,https://scholar.google.com/citations?hl=en&user=XElK2e0AAAAJ
Ming Pei,"Professor of Orthopaedics, West Virginia University",hsc.wvu.edu,5497,stem cell | in vitro microenvironment | chondrogenic differentiation | cartilage repair,https://scholar.google.com/citations?hl=en&user=CEz75oQAAAAJ
Jerome Baudry,Ms. Pei-Ling Chan Endowed Chair and Professor. University of Alabama in Huntsville,uah.edu,5130,molecular modeling | drug discovery | molecular biophysics,https://scholar.google.com/citations?hl=en&user=zwS0xkIAAAAJ
Pei-Ling Liu,"Institute of applied mechanics, national taiwan university",ntu.edu.tw,4891,nondestructive testing,https://scholar.google.com/citations?hl=en&user=9NDAQfYAAAAJ
Pei C. Chiu,"Department of Civil + Environmental Engineering, University of Delaware",udel.edu,4859,environmental chemistry | contaminant fate | iron and black carbon (biochar) redox …,https://scholar.google.com/citations?hl=en&user=GP6lmogAAAAJ
Pei Fen Kuan,"Associate Professor of Applied Mathematics and Statistics, Stony Brook University",stonybrook.edu,4830,Statistical genetics | cancer genomics | PTSD | Alzheimer's disease,https://scholar.google.com/citations?hl=en&user=rxRcwt8AAAAJ
Pei-Hao Su,"PolyAI, University of Cambridge",cam.ac.uk,4737,Conversatinoal AI | Spoken Dialogue System | Machine Learning,https://scholar.google.com/citations?hl=en&user=5La6VV4AAAAJ
Chuan-Pei Lee,"Department of Applied Physics and Chemistry, University of Taipei",utaipei.edu.tw,4665,Nanomaterials | Solar energy | Electrochemical technology | Flexible electronics | Harsh environmental applications,https://scholar.google.com/citations?hl=en&user=EV4NA5cAAAAJ
Russell Kerr,University of Prince Edward Island,upei.ca,4651,natural products chemistry,https://scholar.google.com/citations?hl=en&user=VMBz3_8AAAAJ
Javier Sanchez,University of Prince Edward Island,upei.ca,4576,Not Mentioned,https://scholar.google.com/citations?hl=en&user=1EfQfkMAAAAJ
Annabel Cohen,University of Prince Edward Island,upei.ca,4363,music psychology singing film music,https://scholar.google.com/citations?hl=en&user=3WpXDiQAAAAJ
Michael R. van den Heuvel,"Canadian Rivers Institute, University of Prince Edward Island",upei.ca,4191,Aquatic toxicology | environmental chemistry,https://scholar.google.com/citations?hl=en&user=2u1kR4wAAAAJ
Pei Pei Chong,"Professor of Molecular Biology, Taylor's University",taylors.edu.my,4147,infectious diseases | cancer genetics,https://scholar.google.com/citations?hl=en&user=WuqL004AAAAJ
Pei Li,北京化工大学 Beijing University of Chemical Technology,mail.buct.edu.cn,4104,membrane separation,https://scholar.google.com/citations?hl=en&user=qB0bE-cAAAAJ
Dany MacDonald,"Assistant Professor of Kinesiology, University of Prince Edward Island",upei.ca,3895,youth sport | positive youth development,https://scholar.google.com/citations?hl=en&user=BkkQheQAAAAJ
Pei-Wei Tsai,Swinburne University of Technology,swin.edu.au,3798,Swarm Intelligence | Data Analysis | Machine Learning | Optimisation,https://scholar.google.com/citations?hl=en&user=27es2J0AAAAJ
Pei-Hsuan Wu,University of Geneva,unige.ch,3755,Gene regulation | non-coding RNA | male reproduction,https://scholar.google.com/citations?hl=en&user=JOqwP1IAAAAJ
Pei-Cheng Ku,"Professor of electrical engineering and computer science, University of Michigan",umich.edu,3649,optoelectronics,https://scholar.google.com/citations?hl=en&user=vQKn5gIAAAAJ
Yen-Pei Fu,"Department of Materials Science and Engineering, National Dong Hwa University",gms.ndhu.edu.tw,3629,SOFCs | Photocatalysts,https://scholar.google.com/citations?hl=en&user=_JOx-7cAAAAJ
Mark Fast,University of Prince Edward Island,upei.ca,3602,fish immunology and disease,https://scholar.google.com/citations?hl=en&user=gGjGzRsAAAAJ
"Shanshan Pei, PhD",Research Assistant Professor at University of Colorado,ucdenver.edu,3557,Leukemia | Stem Cell | Drug Discovery,https://scholar.google.com/citations?hl=en&user=mht10DbT-WkC
Pei-Chun Lin,"Professor of Mechanical Engineering, National Taiwan University",ntu.edu.tw,3482,Robotics | Mechatronics | Mechanical Design | Control,https://scholar.google.com/citations?hl=en&user=KdWMoM4AAAAJ
Xin-Hai Pei,University of Miami,Not Mentioned,3424,Cel cycle | stem cells | tumor suppressor,https://scholar.google.com/citations?hl=en&user=tVoUbnIAAAAJ
Pei-Chen Su,"Associate Professor of Nanyang Technological University, Singapore",ntu.edu.sg,3383,4D Printing | Solid oxide fuel cell | powerMEMS devices | thin films | 3D printing,https://scholar.google.com/citations?hl=en&user=u2LDHTEAAAAJ
PEI SUN,"Alliance Manchester Business School, University of Manchester",manchester.ac.uk,3297,Strategy and International Business | Corporate Governance,https://scholar.google.com/citations?hl=en&user=FzgbrwwAAAAJ
Pei-Yuan Qin,"University of Technology, Sydney",uts.edu.au,3233,Antennas | Applied electromagnetics | Microwave technologies | MIMO communications,https://scholar.google.com/citations?hl=en&user=ZPBKJycAAAAJ
Pei LIN,Zhengzhou University  School of Physics and Microelectronics,zzu.edu.cn,3188,2D materials  nanoelectronics/photonics  self …,https://scholar.google.com/citations?hl=en&user=qZp2bHcAAAAJ
J Trenton McClure,"Professor, University of Prince Edward Island",upei.ca,2991,Zoonosis | Antimicrobials | veterinary medicine | infection control | infectious disease,https://scholar.google.com/citations?hl=en&user=EEs7jpYAAAAJ
Jacqueline Pei,University of Miami Miller School of Medicine,med.miami.edu,2964,Not Mentioned,https://scholar.google.com/citations?hl=en&user=VyCGFgwAAAAJ
Pei-San Tsai,University of Colorado Boulder,colorado.edu,2929,Endocrinology,https://scholar.google.com/citations?hl=en&user=42_Yay4AAAAJ
Teh Pei Lee,"Professor, School of Business, Monash University Malaysia",monash.edu,2904,Total Quality Management | Technology Management | Management Information Systems | Gerontechnology | Innovation and Learning,https://scholar.google.com/citations?hl=en&user=01Xxn78AAAAJ
P Joel Ross,University of Prince Edward Island,upei.ca,2825,Not Mentioned,https://scholar.google.com/citations?hl=en&user=W_9xggUAAAAJ
Pei-Fang Su,"Depart. of Stat., National Cheng Kung University",ncku.edu.tw,2813,Biostatistics | Survival Analysis | Clinical Trial,https://scholar.google.com/citations?hl=en&user=Z0XGASYAAAAJ
Nasser Saad,"Professor of Mathematics, Prince Edward Island University",upei.ca,2807,Asymptotic iteration method | Special functions | Linear differential equations | Singular potential | Schrodinger equation,https://scholar.google.com/citations?hl=en&user=yhM9-xEAAAAJ
Nien-Pei Tsai,"Assistant Professor of Molecular and Integrative Physiology, University of Illinois at Urbana …",illinois.edu,2524,Developmental Neurobiology,https://scholar.google.com/citations?hl=en&user=xYlThWgAAAAJ
Pei Wang,"College of the Environment and Ecology, Xiamen University",xmu.edu.cn,2470,Eco-Environmental Health Risk Assessment | PFAS | Source and fate of pollutants,https://scholar.google.com/citations?hl=en&user=yHgF8okAAAAJ
Pei Chen Lee,National Taipei University of Nursing and Health Sciences,ntunhs.edu.tw,2455,epidemiology,https://scholar.google.com/citations?hl=en&user=RBZiqxQAAAAJ
Jacqueline Pei,University of Alberta,ualberta.ca,2355,Not Mentioned,https://scholar.google.com/citations?hl=en&user=5Ml2PhsAAAAJ
Pei Du（杜沛）,"School of Management, Xi'an Jiaotong University, Xian 710049, China",Not Mentioned,2341,Time series forecasting | Machine learning | Energy Economics | Environmental pollution analysis and …,https://scholar.google.com/citations?hl=en&user=gVkbTT0AAAAJ
Pei-Chun Lin,"… Transportation and Communication Management Science, National Cheng Kung University",ncku.edu.tw,2201,Green Logistics | Sustainable Supply Chains | Transportation Geography,https://scholar.google.com/citations?hl=en&user=r9o4IlwAAAAJ
Christine (Pei-Hsin) Young,National Yunlin University of Science & Technology,Not Mentioned,2178,Not Mentioned,https://scholar.google.com/citations?hl=en&user=dxX6MhQAAAAJ
Liuyi Pei,"Postdoctoral Researcher, University of Illinois at Urbana-Champaign",Not Mentioned,2116,Astrophysics,https://scholar.google.com/citations?hl=en&user=cT6Z4jIAAAAJ
Pei-Yin Chen,"… and Information Engineering, National Cheng Kung University, Tainan 70101, Taiwan",csie.ncku.edu.tw,2090,Not Mentioned,https://scholar.google.com/citations?hl=en&user=H6_RJxkAAAAJ
Pei-te Lien,University of California Santa Barbara,ucsb.edu,2082,race | ethnicity | gender | and politics,https://scholar.google.com/citations?hl=en&user=LtbdNpMAAAAJ
Marya Ahmed,University of Prince Edward Island,upei.ca,2039,Not Mentioned,https://scholar.google.com/citations?hl=en&user=YlD2z4sAAAAJ
Jun Pei,"Department of Industrial and System Engineering, University of Florida",ufl.edu,2001,Coordinated Scheduling | Batch Scheduling | Health Operations,https://scholar.google.com/citations?hl=en&user=Sx1GxEsAAAAJ
Stephen M. Butler,"Professor of Psychology, University of Prince Edward Island",upei.ca,1988,mental health and well-being,https://scholar.google.com/citations?hl=en&user=_WmnEzEAAAAJ
Zhiyuan Pei,"University of Padova, Guangzhou Univeristy",pd.infn.it,1924,high energy astrophysics | active galactic nuclei | general relativity | pure mathematics,https://scholar.google.com/citations?hl=en&user=b7pBAIMAAAAJ
David Groman,University of Prince Edward Island,upei.ca,1898,Fish Pathology and Aquaculture Sciences,https://scholar.google.com/citations?hl=en&user=R18cIGoAAAAJ
Pei Sun,"Research Assistant Professor, University of Utah",utah.edu,1848,Titanium | Powder Metallurgy | Additive Manufacturing,https://scholar.google.com/citations?hl=en&user=z5gRjpgAAAAJ
Hsing-Pei Kao,"Professor, Institute of Industrial Management, National Central University",mgt.ncu.edu.tw,1839,supply chain management | product development | ERP | business process,https://scholar.google.com/citations?hl=en&user=blL9poMAAAAJ
Katy Proudfoot,"Associate Professor, University of Prince Edward Island",upei.ca,1834,Animal Welfare,https://scholar.google.com/citations?hl=en&user=gBjrhfUAAAAJ
Pei-Wen Li,"National Central University, Department of Electrical Engineering",Not Mentioned,1829,Not Mentioned,https://scholar.google.com/citations?hl=en&user=594ulhgAAAAJ
Zingway Pei 裴靜偉,"Graduate Institute of Optoelectronic Engineering, National Chung Hsing University",dragon.nchu.edu.tw,1811,Photonics,https://scholar.google.com/citations?hl=en&user=igrw2RsAAAAJ
"Farhat Abbas, PhD, P.Eng",University of Prince Edward Island,upei.ca,1809,Precision Agriculture,https://scholar.google.com/citations?hl=en&user=8qqRTecAAAAJ
Xibo Pei (裴锡波),"… professor of prosthodontics, West China College of Stomatology, Sichuan University",scu.edu.cn,1800,Biomaterials | Metal-Organic Frameworks (MOFs),https://scholar.google.com/citations?hl=en&user=CKFmPIQAAAAJ
Kevin Teather,University of Prince Edward Island,upei.ca,1738,vertebrate behaviour and evolution,https://scholar.google.com/citations?hl=en&user=rbACzkEAAAAJ
Ruisong Pei,University of Wisconsin-Madison,wisc.edu,1733,Nutritional Sciences | Food Science,https://scholar.google.com/citations?hl=en&user=u6paEPgAAAAJ
Qing Pei,The Education University of Hong Kong,eduhk.hk,1724,Historical Geography | Climate History | Social-Ecological Resilience,https://scholar.google.com/citations?hl=en&user=Y34DWHAAAAAJ
Pei-Feng Liu,"Department of Biomedical Science and Environment Biology, Kaohsiung Medical University",kmu.edu.tw,1682,Not Mentioned,https://scholar.google.com/citations?hl=en&user=c1pChG8AAAAJ
James Polson,"Associate Professor of Physics, University of Prince Edward Island",upei.ca,1673,theoretical polymer physics,https://scholar.google.com/citations?hl=en&user=vh9qvXYAAAAJ
Pei-Ling Chi,"Professor of Electrical and Computer Engineering, National Chiao Tung University",nctu.edu.tw,1642,Microwaves/mmWaves | Antennas,https://scholar.google.com/citations?hl=en&user=Cgj_kxIAAAAJ
Pei Chen (陈沛),Beijing University of Technology （北京工业大学）,bjut.edu.cn,1641,Mechancial properties of electronics …,https://scholar.google.com/citations?hl=en&user=kQv9CNYAAAAJ
Christopher Power,"University of Prince Edward Island, AbleGamers Charity, Western University (Adjunct)",upei.ca,1638,Human Computer Interaction | Accessibility,https://scholar.google.com/citations?hl=en&user=YxOBIcwAAAAJ
Eliza Pei-Suen Tsou,University of Michigan,umich.edu,1638,Not Mentioned,https://scholar.google.com/citations?hl=en&user=1HcsHiIAAAAJ
Jason Stull,University of Prince Edward Island,upei.ca,1620,Zoonoses | Companion animal infectious disease …,https://scholar.google.com/citations?hl=en&user=C7yYd1QAAAAJ
"Aitazaz A. Farooque, PhD, P.Eng","Associate Professor & Interim Associate Dean, University of Prince Edward Island, Canada",upei.ca,1480,Precision Agriculture | Water Management | Sensing and Control Systems | Deep Learning and Artificial Intelligence | Food Security a,https://scholar.google.com/citations?hl=en&user=J3Io84YAAAAJ
Nino Antadze,University of Prince Edward Island,upei.ca,1467,Climate change | Environmental justice | Environmental Planning | Social Innovation | Sustainability Transitions,https://scholar.google.com/citations?hl=en&user=QCz-YMMAAAAJ
Pei-Chun Lee (李沛錞),"Graduate Institute of Library, Information & Archival Studies,  National Chengchi University …",nccu.edu.tw,1465,Informetrics | Patentometrics | Indicator and Evaluation,https://scholar.google.com/citations?hl=en&user=qHfagTkAAAAJ
Jennifer Taylor,University of Prince Edward Island,upei.ca,1459,nutrition | schools | aboriginal | food security,https://scholar.google.com/citations?hl=en&user=N1WeFy4AAAAJ
Nadia Prigoda-Lee,University of Prince Edward Island,upei.ca,1448,microbiology | diagnostic medicine | molecular biology,https://scholar.google.com/citations?hl=en&user=GT5PBRQAAAAJ
"Xiuquan (Xander) Wang, Ph.D., P.Eng.","School of Climate Change and Adaptation, University of Prince Edward Island",upei.ca,1401,Not Mentioned,https://scholar.google.com/citations?hl=en&user=PF1_8tUAAAAJ
Juergen Krause,University of Prince Edward Island,upei.ca,1384,Management of Science and Innovation | Health Care Provision and Improvement | Population Health and Health Polilcy,https://scholar.google.com/citations?hl=en&user=-cHLTfwAAAAJ
Annabel Cohen,"Professor of Psychology, University of Prince Edward Island",upei.ca,1348,music cognition | music psychology | singing | film music,https://scholar.google.com/citations?hl=en&user=JGm9QqYAAAAJ
Adam Johnston,"Assistant Professor, University of Prince Edward Island",upei.ca,1337,skeletal muscle adaptation | regeneration | stem cells | Schwann cells | neurobiology,https://scholar.google.com/citations?hl=en&user=KR7pP4oAAAAJ
Yong Pei,University of Maryland; Xi'an Jiaotong University,umd.edu,1327,thermal conductivity | heat and mass transfer,https://scholar.google.com/citations?hl=en&user=KzRbKbcAAAAJ
Xin PEI,"Dept. of Automation, Tsinghua University",tsinghua.edu.cn,1303,Road safety | Driving behaviour | ITS | etc.,https://scholar.google.com/citations?hl=en&user=s1soaCsAAAAJ
Catherine Ryan or CL Ryan or Catherine L Ryan,"University of Prince Edward Island, Carleton University, Dalhousie University, Saint Mary's …",upei.ca,1292,Psychology | Neuroscience | behavior | Learning | Psychopharmacology,https://scholar.google.com/citations?hl=en&user=JdGaEWcAAAAJ
Jennifer Pei-Ling Tan,"… Research Scientist, National Institute of Education, Nanyang Technological University",nie.edu.sg,1267,new literacies | learning analytics | pedagogy and assessment | innovation | creativity and wellbeing,https://scholar.google.com/citations?hl=en&user=TLxk9dkAAAAJ
Zhi Pei,The University of Texas at Tyler,uttyler.edu,1189,Retailing | digital marketing | Analytics,https://scholar.google.com/citations?hl=en&user=gmzz-MwAAAAJ
Yulin Hu,University of Prince Edward Island,upei.ca,1171,Microalgae | Biofuels | Biomaterials | Biomass Conversion Technologies,https://scholar.google.com/citations?hl=en&user=XqMZNesAAAAJ
Deborah MacLellan,"Professor of Foods and Nutrition, University of Prince Edward Island",upei.ca,1156,barriers to healthy food intake | socialization in the dietetic profession,https://scholar.google.com/citations?hl=en&user=3i_iFB0AAAAJ
Ding Pei,"SPST, ShanghaiTech University；University of Oxford",physics.ox.ac.uk,1137,Condensed Matter Physics,https://scholar.google.com/citations?hl=en&user=qt17-VwAAAAJ
Zhuan Pei,"Department of Economics and Brooks School of Public Policy, Cornell University",cornell.edu,1110,Labor economics | Applied Microeconometrics | Public Policy,https://scholar.google.com/citations?hl=en&user=vr77NMEAAAAJ
Christian Lacroix,"University of Prince Edward Island, Canada",upei.ca,1100,plant development | conservation,https://scholar.google.com/citations?hl=en&user=oQs4FwIAAAAJ
Rebecca Reed-Jones,"Assistant Professor, University of Prince Edward Island",upei.ca,1098,Biomechanics | Motor Control | Gait | Posture,https://scholar.google.com/citations?hl=en&user=rihU4PkAAAAJ
Cho-Pei Jiang,National Taipei University of Technology,mail.ntut.edu.tw,1098,Additive Manufacturing | Metal forming | Dental restoration device,https://scholar.google.com/citations?hl=en&user=4QWmDgEAAAAJ
Jiansuo Pei (裴建锁),"Associate Professor of Economics, Renmin University of China",ruc.edu.cn,1097,Input-Output Economics | global value chain analysis | CGE modeling,https://scholar.google.com/citations?hl=en&user=YMf5GDAAAAAJ
Yi Pei,University of Waterloo,uw.edu,1090,material science | energy storage,https://scholar.google.com/citations?hl=en&user=tc4GGBkAAAAJ
Pei-Shiue Jason Tsai,"Professor of Reproductive Biology and Cell Biology, National Taiwan University",ntu.edu.tw,1085,Membrane biology | vesicle trafficking | sperm physiology,https://scholar.google.com/citations?hl=en&user=Qx0LY6oAAAAJ
Donna giberson,university of prince edward island,upei.ca,1070,Not Mentioned,https://scholar.google.com/citations?hl=en&user=RROV64wAAAAJ
Pei Li,China University of Geosciences Beijing,cugb.edu.cn,1059,Unconventional oil and gas geology,https://scholar.google.com/citations?hl=en&user=L7N2EigAAAAJ
Pei-Chun Kao,"Assistant Professor, Physical Therapy and Kinesiology, University of Massachusetts Lowell",uml.edu,1057,Gait biomechanics | gait rehabilitation | fall prevention | cognitive-walking interference,https://scholar.google.com/citations?hl=en&user=RJiwL1UAAAAJ
Prof. Ekanem I. Braide,"Professor of Parasithiology/ Epitomiology, University of Calabar, Calabar",unical.edu.ng,1045,Parasithiology/ Epitomiology,https://scholar.google.com/citations?hl=en&user=sruiCwIAAAAJ
Pei Chun Lai,"Professor, National Pingutng University of Science and Technology, Taiwan",mail.npust.edu.tw,1044,Hotel Management | HRM | Flexibility,https://scholar.google.com/citations?hl=en&user=r7SK7bYAAAAJ
Michael J MacLellan,"Assistant Professor, University of Prince Edward Island",upei.ca,1042,Human Locomotion,https://scholar.google.com/citations?hl=en&user=6HB3IiQAAAAJ
Pei Tang,Wuhan University of Technology,whut.edu.cn,1023,Waste materials,https://scholar.google.com/citations?hl=en&user=VqkA3acAAAAJ
Pei-Chi Kelly Hsiao,University of Waikato,waikato.ac.nz,1012,Not Mentioned,https://scholar.google.com/citations?hl=en&user=Xb5CyWwAAAAJ
David Pei-Cheng Lin,"Professor of Vision Protection, Chung Shan Medical University",csmu.edu.tw,1002,vision protection. vision science,https://scholar.google.com/citations?hl=en&user=CWfdtx0AAAAJ
Danni Pei,University of Science and Technology of China,mail.ustc.edu.cn,998,photo/electro-catalytic | nano-material | TiO2 | BiOCl,https://scholar.google.com/citations?hl=en&user=BW_QoeEAAAAJ
Yan PEI (裴 岩),University of Aizu,kyudai.jp,982,Computational Intelligence | Machine Learning | Software Engineering,https://scholar.google.com/citations?hl=en&user=ah_1KQwAAAAJ
James Randall,"Professor of Island Studies, University of Prince Edward Island",upei.ca,982,island studies | quality of life | economic geography | social geography,https://scholar.google.com/citations?hl=en&user=F70jSkAAAAAJ
Stevan Springer,"Assistant Professor of Biology, University of Prince Edward Island",upei.ca,979,Adaptation | Molecular Evolution | Behavior | Fertilization,https://scholar.google.com/citations?hl=en&user=R_fbrXAAAAAJ
Pei Hou,Zhengzhou University of Light Industry,Not Mentioned,944,Plant Biology | Biotechnology | Molecular Genetics | Molecular Breeding,https://scholar.google.com/citations?hl=en&user=CMmBQboAAAAJ
Jin-Song Pei,University of Oklahoma,ou.edu,939,nonlinear dynamics | hysteresis modeling | interpretable machine learning | memristors | hybrid dynamical systems,https://scholar.google.com/citations?hl=en&user=JhSz8rIAAAAJ
Pei-Yuan Hsiao,"Doctoral student of Department of Management Sciences, Tamkang University, Taiwan …",Not Mentioned,935,Data mining & Business intelligence -  Digital …,https://scholar.google.com/citations?hl=en&user=gLlzVR0AAAAJ
Tracy Doucette,"Assistant Professor of Psychology, University of Prince Edward Island",upei.ca,934,Behavioural Neuroscience,https://scholar.google.com/citations?hl=en&user=AyisftcAAAAJ
Maria Kilfoil,"Professor of Physics, University of Prince Edward Island",upei.ca,921,cell mechanics | biological physics,https://scholar.google.com/citations?hl=en&user=Y_ddbLgAAAAJ
Pei-Chun Liao,"Department of Life Science, National Taiwan Normal University",ntnu.edu.tw,881,Evolution | Genetics | Ecology,https://scholar.google.com/citations?hl=en&user=8sHVwmYAAAAJ
Pei Zhou,Harbin Institute of Technology & National University of Singapore,u.nus.edu,870,luminescence | nano-/micromaterials | self-assembly,https://scholar.google.com/citations?hl=en&user=AXf1bw0AAAAJ
Blake Jelley,"Professor, Faculty of Business, University of Prince Edward Island",upei.ca,866,Not Mentioned,https://scholar.google.com/citations?hl=en&user=F74qctoAAAAJ
Caroline Ritter,University of Prince Edward Island,upei.ca,865,Not Mentioned,https://scholar.google.com/citations?hl=en&user=IJnBEc0AAAAJ
Wenjie Pei,"Harbin Institute of Technology, Shenzhen; Delft University of Technology",hit.edu.cn,860,Computer Vision | Machine Learning,https://scholar.google.com/citations?hl=en&user=wX3avNkAAAAJ
Yulong Pei,Eindhoven University of Technology,tue.nl,860,Graph Mining | Network Embedding | Graph Neural Networks,https://scholar.google.com/citations?hl=en&user=DLazAw4AAAAJ
Pei-Hsing Huang(黃培興),National Yunlin University of Science and Technology,yuntech.edu.tw,847,manufacturing automation | machine vision | molecular dynamics simulation | casting | laser,https://scholar.google.com/citations?hl=en&user=Z2l95WAAAAAJ
Pei-Ling Hsu,"Associate Professor, University of Texas at El Paso",utep.edu,842,Science discourse | informal science education,https://scholar.google.com/citations?hl=en&user=_XdRuc4AAAAJ
Hongwei Pei,University of Texas at Austin,utexas.edu,835,agriculture | water resources | soil water,https://scholar.google.com/citations?hl=en&user=7F3GvhcAAAAJ
Pei Yang,"Department of Chemistry, University of Michigan, Ann Arbor, MI 48109, United States",umich.edu,821,Optics | Laser | Spectroscopy,https://scholar.google.com/citations?hl=en&user=AcTw64sAAAAJ
Pei Wang,"Hohai University & University of California, Riverside",hhu.edu.cn,798,Solar Energy | Transport in Porous media | Computational fluid dynamics | Numerical Heat transfer,https://scholar.google.com/citations?hl=en&user=8TE8YEcAAAAJ
Fei Pei,"PhD, Delft University of Technology",asml.com,788,quantum nanoscience,https://scholar.google.com/citations?hl=en&user=HPiry1kAAAAJ
Gary Evans,"University of Prince Edward Island, Liverpool John Moores University",upei.ca,788,Corporate Governance,https://scholar.google.com/citations?hl=en&user=ycI8JbgAAAAJ
Pei-Shi Ong,National University of Singapore,nus.edu.sg,764,Cancer pharmacology | pharmacy practice | pharmacokinetics | pharmacogenomics,https://scholar.google.com/citations?hl=en&user=ItK6e1cAAAAJ
Etienne Myette-Cote,University of Prince Edward Island,upei.ca,755,Exercise | metabolism | ketones | diabetes | aging,https://scholar.google.com/citations?hl=en&user=zlE6K7YAAAAJ
Gail Macartney,University of Prince Edward Island,upei.ca,752,Not Mentioned,https://scholar.google.com/citations?hl=en&user=BRuDIKQAAAAJ
Pei-Ju Julian Lee,"Associate Professor of Information Management, National Chung Cheng University",mis.ccu.edu.tw,751,Data mining | Text mining,https://scholar.google.com/citations?hl=en&user=vdr9k5cAAAAJ
Antonio Bolufé-Röhler,"Assistant Professor in Computer Science, University of Prince Edward Island",upei.ca,747,Artificial Intelligence | Optimization | Machine Learning,https://scholar.google.com/citations?hl=en&user=EJ0K_dwAAAAJ
Xiaoze Pei (Orcid:0000-0001-7912-2999),"Associate Professor/Reader, University of Bath",bath.ac.uk,741,Electrical engineering,https://scholar.google.com/citations?hl=en&user=_6Iv1kwAAAAJ
Pei-Hsuan Tsai,National Penghu University of Science and Technology,gms.npu.edu.tw,707,MADM | Consumer Studies | Decision  Sciences | Marketing | Retailing Stores,https://scholar.google.com/citations?hl=en&user=ZSeJIL8AAAAJ
Pei-Ching Chang,University of Pennsylvania,pennmedicine.upenn.edu,696,Not Mentioned,https://scholar.google.com/citations?hl=en&user=ijZU4OIAAAAJ
Tsu-Pei Chiu,"Postdoctoral Associate, University of Southern California",usc.edu,689,Computational Biology | Bioinfomatics,https://scholar.google.com/citations?hl=en&user=dNbukogAAAAJ
Dr Mohammad Aminur Rahman Shah,"Postdoctoral Fellow, Canadian Centre for Climate Change and Adaptation, Uni. of PEI …",upei.ca,669,Sustainable development | Flood risk management | Disaster risk reduction | Climate change adaptation | Environmental Science,https://scholar.google.com/citations?hl=en&user=aeJMnGsAAAAJ
"Kuljeet Singh Grewal, Ph.D.","Assistant Professor, University of Prince Edward Island, Canada",upei.ca,663,Sustainable neighborhood design | energy efficient buildings | clean energy systems | heat and mass transfer | energy and exergy o,https://scholar.google.com/citations?hl=en&user=bVteFbsAAAAJ
Bin Pei,"Graduate School of Mathematics, Kyushu University",mail.nwpu.edu.cn,660,Nonlinear/Stochastic Dynamics | Applied Probability & Statistics.,https://scholar.google.com/citations?hl=en&user=KWk3oGMAAAAJ
Ruth Cox,University of Prince Edward Island,upei.ca,653,Ecology | epidemiology | wildlife,https://scholar.google.com/citations?hl=en&user=84s99FYAAAAJ
Peng Pei,"Guizhou University, University of North Dakota",engr.und.edu,610,Rock Mechanics | Carbon Capture Utilization and Storage | Unconventional Resource,https://scholar.google.com/citations?hl=en&user=8fb661AAAAAJ
Pei-Chieh Shih,University of Illinois at Urbana-Champaign,illinois.edu,605,Energy storage,https://scholar.google.com/citations?hl=en&user=3RaoX08AAAAJ
Pei-Ching Chen,"Associate Professor, National Taiwan University of Science and Technology",mail.ntust.edu.tw,603,Advanced Experimental Technology | Structural Control | Smart Structures | Earthquake Engineering,https://scholar.google.com/citations?hl=en&user=gcbnX-UAAAAJ
Adam Fenech,University of Prince Edward Island,upei.ca,596,climate,https://scholar.google.com/citations?hl=en&user=UnM5sHcAAAAJ
Linyuan Guo-Brennan,"Faculty of Education, University of Prince Edward Island",upei.ca,591,International Education | Global Citizenship Education | Teacher Education,https://scholar.google.com/citations?hl=en&user=lTRE4UoAAAAJ
Pei Zeng (曾培),"Pritzker School of Molecular Engineering, University of Chicago",uchicago.edu,585,Quantum Physics | Quantum Information | Quantum Optics,https://scholar.google.com/citations?hl=en&user=FU_0ZZoAAAAJ
Shaopeng Pei,University of Delaware,udel.edu,584,Not Mentioned,https://scholar.google.com/citations?hl=en&user=mHuIMkIAAAAJ
Pei Lay Yap,The University of Adelaide,adelaide.edu.au,584,environmental remediation | water purification | graphene | 2D materials | characterizations,https://scholar.google.com/citations?hl=en&user=VSEzyS4AAAAJ
Pei Lay Yap,The University of Adelaide,adelaide.edu.au,584,2D materials | Graphene | Materials Characterization | Water Purification | Environment,https://scholar.google.com/citations?hl=en&user=Zp9PDNwAAAAJ
Jason K. Pearson,"Professor of Chemistry, University of Prince Edward Island",upei.ca,579,Quantum Chemistry | Electronic Structure Theory | Chemical Reaction Mechanisms,https://scholar.google.com/citations?hl=en&user=OgXPLNEAAAAJ
Pei Lee,University of British Columbia,cs.ubc.ca,571,Data Mining | Machine Learning | Artificial Intelligence,https://scholar.google.com/citations?hl=en&user=c9qHYlQAAAAJ
Pei San KONG (Sylvia),"Sime Darby Plantation, Laboratoire de Génie Chimique à Toulouse France, University of …",simedarbyplantation.com,567,lipid science | Heterogeneous catalysts | Glycerol derivatives | Product Development | Specialty fat,https://scholar.google.com/citations?hl=en&user=rDw-viMAAAAJ
Pei Hu,Shandong University of Science and Technology,nyist.edu.cn,567,Evolutionary Computation | Feature Selection,https://scholar.google.com/citations?hl=en&user=GEUi8XsAAAAJ
Pei Ying Ng,University of Western Australia,uwa.edu.au,560,Not Mentioned,https://scholar.google.com/citations?hl=en&user=QcxSNrEAAAAJ
Long Pei,"PhD student, University of Southern California",usc.edu,545,Bioinformatics | Structural Genomics | Cryo-ET,https://scholar.google.com/citations?hl=en&user=JDJ0-awAAAAJ
Zhi Pei,Zhejiang University of Technology,zjut.edu.cn,539,Scheduling | Optimization | Queueing System | Manufacturing System,https://scholar.google.com/citations?hl=en&user=LPhpYcwAAAAJ
Hongchang Pei,Shandong University of Technology,sdut.edu.cn,528,Not Mentioned,https://scholar.google.com/citations?hl=en&user=bvnJ0zUAAAAJ
Ronald MacDonald,"Dean, Faculty of Education, University of Prince Edward Island",upei.ca,509,Teacher Education | Science Education | Gender and Science Education | Communities of Practice,https://scholar.google.com/citations?hl=en&user=SrKtXcMAAAAJ
Sarah Hewko,"Assistant Professor, University of Prince Edward Island",upei.ca,508,Health Human Resources | Performance Management | Allied Health | Systematic Review | Dietetics,https://scholar.google.com/citations?hl=en&user=Th8nGzMAAAAJ
Pei-Qiu Huang,City University of Hong Kong,cityu.edu.hk,497,Evolutionary Computation | Bilevel Optimization | Resource Management,https://scholar.google.com/citations?hl=en&user=cNcV-LsAAAAJ
PEI LIU,"University of California, Berkeley",berkeley.edu,495,Not Mentioned,https://scholar.google.com/citations?hl=en&user=66CqBEwAAAAJ
jinjin pei,"Professor of food science, Shaanxi University of Technologyy",Not Mentioned,488,food microbiology | food nutritions,https://scholar.google.com/citations?hl=en&user=QJM7idwAAAAJ
Elizabeth (Liz) Townsend,Dalhousie University; University of Prince Edward Island,dal.ca,483,Adult education | occupational science | everyday human rights & justice,https://scholar.google.com/citations?hl=en&user=wRcnK4AAAAAJ
Dong Pei,"Bioinformatics Specialist, University of Kansas Medical Center",kumc.edu,479,Not Mentioned,https://scholar.google.com/citations?hl=en&user=lhuK9egAAAAJ
Pei Liu,"University of Missouri, Columbia",missouri.edu,472,biochemistry | mass spectrometry | plant biology,https://scholar.google.com/citations?hl=en&user=2I8HT0gAAAAJ
Pei Chen,South China University of Technology,scut.edu.cn,470,bioinformatics | computational biology,https://scholar.google.com/citations?hl=en&user=ASQ2hv8AAAAJ
Yonggang Pei,Southern University of Science and Technology,sustech.edu.cn,469,Microbiology | Virology | Oncology,https://scholar.google.com/citations?hl=en&user=9xsDu7MAAAAJ
li pei,City University of Hong Kong,Not Mentioned,468,Antennas and Propagation,https://scholar.google.com/citations?hl=en&user=88sjHegAAAAJ
pei songwen,University of Shanghai for Science and Technology,Not Mentioned,459,Computer Architecture,https://scholar.google.com/citations?hl=en&user=DxTFovoAAAAJ
Pei Wang,University of Wisconsin-Madison,wisc.edu,456,Atmospheric Science | Numerical Weather Prediction | Data Assimilation,https://scholar.google.com/citations?hl=en&user=JK8xc3UAAAAJ
Yufeng Pei,"Professor of Mathematics, Shanghai Normal University",shnu.edu.cn,455,Lie Algebras | Vertex Algebras | Quantum Groups | Representation Theory,https://scholar.google.com/citations?hl=en&user=TjGOvr0AAAAJ
Pei Liu,University of Missouri,missouri.edu,437,Food safety | food service management | consumer behaviors,https://scholar.google.com/citations?hl=en&user=nTa6b_4AAAAJ
Jingjing Pei,Washington University School of Medicine,wustl.edu,435,Virology | Cell Biology,https://scholar.google.com/citations?hl=en&user=XfTgcUUAAAAJ
Sundeep Singh,"Assistant Professor, University of Prince Edward Island, Canada",upei.ca,434,Computational Fluid Dynamics | Thermo-fluids | Bio-heat transfer | Thermal therapies | Biomedical Engineering,https://scholar.google.com/citations?hl=en&user=35yR7poAAAAJ
Andrew Trivett,University of Prince Edward Island,uwaterloo.ca,432,Not Mentioned,https://scholar.google.com/citations?hl=en&user=0bt_HmMAAAAJ
Pei Wang,Southern University of Science and Technology,sustech.edu.cn,429,High pressure physics | Condensed matter at extreme conditions | Hard and superhard materials | Diamond anvil cell (DAC) | Large Volume Press Technology,https://scholar.google.com/citations?hl=en&user=1Xjjh38AAAAJ
Tess Miller,university of Prince Edward Island,upei.ca,427,assessment | mathematics education | quantitative statistics,https://scholar.google.com/citations?hl=en&user=EdgQw88AAAAJ
Pei Zhang,University of Maryland School of Medicine,som.umaryland.edu,423,Artificial Organ | Preclinical Heart Disease Diagnosis and … | Radiation-induced Injury and Medical …,https://scholar.google.com/citations?hl=en&user=f1gxyjMAAAAJ
Melissa James,"Associate Professor, Faculty of Business, University of Prince Edward Island",upei.ca,418,higher education | marketing | tourism | public policy | international students,https://scholar.google.com/citations?hl=en&user=2kHXP60AAAAJ
Sithar Dorjee,"Atlantic Veterinary College, University of Prince Edward Island",Not Mentioned,414,Not Mentioned,https://scholar.google.com/citations?hl=en&user=dhr6D6AAAAAJ
Gurjit S. Randhawa,"Assistant Professor, University of Prince Edward Island",upei.ca,412,Machine Learning | Bioinformatics | Data Science | Artificial Intelligence | Genomics,https://scholar.google.com/citations?hl=en&user=Dm7-5sMAAAAJ
Laura Marie Braden,"Post-doctoral fellow, University of Prince Edward Island",upei.ca,409,molecular immunology | molecular parasitology | fish immunology,https://scholar.google.com/citations?hl=en&user=usOA_pMAAAAJ
Raquel Carvalho Hoersting,University of Prince Edward Island,upei.ca,402,Intercultural & Clinical Psychology,https://scholar.google.com/citations?hl=en&user=KMigpqMAAAAJ
Pei-Yi Lin,"Postdoctoral Fellow, University of Texas Medical Branch",UTMB.EDU,396,Neuroinflammation | glial cells | T cell biology,https://scholar.google.com/citations?hl=en&user=Dqq5sh0AAAAJ
Krishna K. Thakur,University of Prince Edward Island,upei.ca,394,Infectious Disease Epidemiology | Infectious Disease Modeling | Aquatic Epidemiology,https://scholar.google.com/citations?hl=en&user=AfyatC0AAAAJ
Pei Kuang,"University of Birmingham, UK",bham.ac.uk,388,Macroeconomics and Finance,https://scholar.google.com/citations?hl=en&user=ef69ChwAAAAJ
Zhao Pei,University of Alberta,ualberta.ca,383,Computer Vision | Pattern recognition,https://scholar.google.com/citations?hl=en&user=vZU_MW8AAAAJ
Jingfang Pei,The Chinese University of Hong Kong,link.cuhk.edu.hk,383,Printed Electronics | Carbon Nanotubes | Organic Functional Materials,https://scholar.google.com/citations?hl=en&user=FCnne4wAAAAJ
Pei-Chi Huang,"Department of Computer Science, University of Nebraska Omaha",unomaha.edu,378,Cyber-Physical Systems | Real-time Scheduling | Robotics | Machine Learning | Graph,https://scholar.google.com/citations?hl=en&user=UtGynOsAAAAJ
Syed Hamid Hussain Shah,University of Prince Edward Island,upei.ca,375,Ecohydrology | Precision Agriculture | Stochastic modeling | Biogeochemical modeling | big data,https://scholar.google.com/citations?hl=en&user=RZRHcHAAAAAJ
Pei Y.-C.,"School of Mechanical Science and Engineering, Jilin University",Not Mentioned,373,Engineering Dynamics,https://scholar.google.com/citations?hl=en&user=HW3jhvgAAAAJ
Michael A. McIsaac,"Associate Professor, University of Prince Edward Island",upei.ca,373,Statistics | Biostatistics,https://scholar.google.com/citations?hl=en&user=RyRxZp8AAAAJ
Pei Zhang,University of Kentucky,uky.edu,364,Hospitality and Tourism,https://scholar.google.com/citations?hl=en&user=NVtYq-EAAAAJ
Pei-Chun Wong,"Graduate Institute of Biomedical Optomechatronics, Taipei Medical University",tmu.edu.tw,361,Biodegradable Material | Biomedical Engineering | Orthopedic surgery,https://scholar.google.com/citations?hl=en&user=xV8oKeoAAAAJ
Pei-Chi Hou,University of Virginia,Not Mentioned,357,Not Mentioned,https://scholar.google.com/citations?hl=en&user=-3yekBoAAAAJ
Pei Zhou,University of Southern California,usc.edu,355,Natural Language Processing | Commonsense Reasoning | Algorithmic Fairness | Dialogue Systems,https://scholar.google.com/citations?hl=en&user=13PGDZsAAAAJ
Kuo-Pei Tsai,University of Toledo,clemson.edu,347,Environmental Engineering | Aquatic Toxicology | Biogeochemistry | GeoHealth | Green Building,https://scholar.google.com/citations?hl=en&user=ngFnMecAAAAJ
Chang Yang-Pei,"Department of Neurology, Kaohsiung Medical University Hospital",kmu.edu.tw,347,Movement disorders,https://scholar.google.com/citations?hl=en&user=u7WqFnsAAAAJ
Pei-Lin Yin,Nanjing University of Posts and Telecommunications,njupt.edu.cn,345,Nuclear and Particle Physics,https://scholar.google.com/citations?hl=en&user=aYNg_nYAAAAJ
pei xiaofei,"associate professor of automotive engineering, wuhan university of technology",Not Mentioned,344,intelligent vehicle,https://scholar.google.com/citations?hl=en&user=9dJpyLEAAAAJ
Pei Lin Weng,William Paterson University of New Jersey,wpunj.edu,340,Assistive Technology | Autism Spectrum Disorders | Augmentative and Alternative Communication,https://scholar.google.com/citations?hl=en&user=nhDX5gwAAAAJ
Xing Pei,University of Cincinati,mail.uc.edu,333,Not Mentioned,https://scholar.google.com/citations?hl=en&user=IALMNP8AAAAJ
"Pei Wen Liao, PeiWen Liao, 廖珮妏",Hsiuping University of Science and Technology,hust.edu.tw,330,Human resource development | organizational behavior | social science,https://scholar.google.com/citations?hl=en&user=9QiwrQsAAAAJ
Fen Pei,"Graduate Student of Molecular and Cellular Biology, University of Arizona",email.arizona.edu,317,cell biology,https://scholar.google.com/citations?hl=en&user=4ieIjQIAAAAJ
Jing Pei,"Ph.D. Candidate , college of pharmacy, university of Florida",ufl.edu,317,Drug discovery | Cancer | PROTACs | Proteomics,https://scholar.google.com/citations?hl=en&user=EP-VQM4AAAAJ
Bo Pei,"Postdoc Associate, University of Notre Dame",nd.edu,315,FairAI | Machine Learning | Educational Data Mining,https://scholar.google.com/citations?hl=en&user=Fp3FyvsAAAAJ
Pei-Sheng Lee,Institute of Food Science and Technology National Taiwan University,Not Mentioned,309,Not Mentioned,https://scholar.google.com/citations?hl=en&user=oE1tqhUAAAAJ
Pei-Feng Qi or 亓培锋,"Institute of Robotics and Autonomous System, Tianjin University",tju.edu.cn,307,machine olfaction | information processing of bionic olfactory | and intelligent control,https://scholar.google.com/citations?hl=en&user=IpGydXkAAAAJ
Jiaming Pei,The University of Sydney,uni.sydney.edu.au,306,Federated Learning，Machine Learing，Data …,https://scholar.google.com/citations?hl=en&user=1Tdbr5AAAAAJ
PEI-LING YU,"Postdoctoral Associate, Department of Plant Pathology, University of Florida",ufl.edu,305,Host-parasite interaction | Bioinformatics,https://scholar.google.com/citations?hl=en&user=hxkX-WgAAAAJ
Pei Li,University of Wisconsin-Madison,wisc.edu,305,Traffic Safety | Data Analysis,https://scholar.google.com/citations?hl=en&user=0QzhzL0AAAAJ
PEI YANG,"Associate Professor, South China University of Technology",scut.edu.cn,299,machine learning | data mining,https://scholar.google.com/citations?hl=en&user=97CfnB0AAAAJ
Liu Pei,City University of Hong Kong,my.cityu.edu.hk,295,Biomaterials,https://scholar.google.com/citations?hl=en&user=qxvZRMYAAAAJ
Tina Saksida,"Assistant Professor of Management, University of Prince Edward Island",upei.ca,292,gender and leadership | generational research | evidence-based management | labour relations | non-profit management,https://scholar.google.com/citations?hl=en&user=p4RF704AAAAJ
"Brittany Jakubiec, PhD",University of Prince Edward Island,upei.ca,291,Gender | Sexuality | Sex Education | LGBTQ,https://scholar.google.com/citations?hl=en&user=Z_Fer7cAAAAJ
Pei Sabrina Xu,"University of California, San Francisco",ucsf.edu,291,Neuroscience | brain activity | fluorescence imaging | neural circuits | physiology&behavior,https://scholar.google.com/citations?hl=en&user=vj50GLwAAAAJ
pei jarn chen,Southern Taiwan University of Science and Technology Library,stust.edu.tw,278,biomedical engineering,https://scholar.google.com/citations?hl=en&user=ZphtETgAAAAJ
Hsuan-Pei Lin,University of Kentucky,uky.edu,278,Biomedicine | cancer stem cells | metal carcinogenesis,https://scholar.google.com/citations?hl=en&user=kxXmQDcAAAAJ
Jessica V. Strong,University of Prince Edward Island,upei.ca,274,aging | cognitive reserve | music | neuropsychology | geriatrics,https://scholar.google.com/citations?hl=en&user=41--PWEAAAAJ
Hui-Pei Cheng,"Assistant Professor of Economics, Soochow University, Taiwan",scu.edu.tw,270,Labor Economics | Political Economics | Financial Economics,https://scholar.google.com/citations?hl=en&user=UtptCRkAAAAJ
SHAO-KAI PEI,National Taiwan University of Science and Technology,mail.utoronto.ca,268,chemical sensors | chemical process | thin film | renewable energy | catalyst,https://scholar.google.com/citations?hl=en&user=Y8Xbd0IAAAAJ
Shichao Pei,"Postdoctoral Research Fellow, University of Notre Dame",kaust.edu.sa,265,Data Mining | Knowledge Representation | Graph Learning | Recommender System,https://scholar.google.com/citations?hl=en&user=IDaNWgIAAAAJ
Pei-Hsun Tsai,"Associate Professor, Department of Construction Engineering, Chaoyang University of …",cyut.edu.tw,257,Vibration Screening by Barriers | Dynamic Response of  Earth Dam | Surface Wave Dispersion Analysis,https://scholar.google.com/citations?hl=en&user=T8Q_2ZIAAAAJ
Pei-Ken Hung,"Graduate student of Math, Columbia University",math.columbia.edu,256,geometric analysis,https://scholar.google.com/citations?hl=en&user=YbwnM4gAAAAJ
Pei Zhang,Nanjing University of Aeronautics and Astronautics,nuaa.edu.cn,251,Solid mechanics | Nonlocal elasticity | Generalized thermoelasticity,https://scholar.google.com/citations?hl=en&user=SmHO8isAAAAJ
Pei-Ling Wang,"Department of Geography, University of Victoria",uvic.ca,249,Earthquakes | hydrogeology | climatology,https://scholar.google.com/citations?hl=en&user=aJ4OppIAAAAJ
Meagan Walker,"Surgery Resident, University of Prince Edward Island",upei.ca,248,Small Animal Surgery,https://scholar.google.com/citations?hl=en&user=Cm4JiYcAAAAJ
Pei Guo,The Chinese University of Hong Kong,Not Mentioned,247,Biomolecular NMR | Unusual nucleic acids structures | DNA short tandem repeats instability,https://scholar.google.com/citations?hl=en&user=m3mEiMIAAAAJ
Pei-Ru Jin,"Department of Industrial and Physical Pharmacy, Purdue University",purdue.edu,244,Drug delivery | Cancer biology | Immunotherapy,https://scholar.google.com/citations?hl=en&user=c9X5pwIAAAAJ
Charles Adeyanju,"Associate Professor of Sociology, University of Prince Edward Island",upei.ca,243,race and ethnicity | media and society | international migration | social inequality,https://scholar.google.com/citations?hl=en&user=KplrWjwAAAAJ
Yangwen Pei,China University of Petroleum,upc.edu.cn,243,Structural Geology,https://scholar.google.com/citations?hl=en&user=odP8risAAAAJ
Matthew Saab,University of Prince Edward Island,upei.ca,242,veterinary bacteriology | antimicrobial resistance | antimicrobial susceptibility testing | diagnostic testing | infection control,https://scholar.google.com/citations?hl=en&user=IH7PBa4AAAAJ
Pei-Cheng Song,Shandong University of Science and Technology,sdust.edu.cn,240,Swarm intelligence,https://scholar.google.com/citations?hl=en&user=21hgDPEAAAAJ
Pei-Lin Yu,"… Corps of Engineers; Affiliate Associate Professor of Anthropology, Boise State University",boisestate.edu,239,climate change vulnerability and adaptation | archaeology | hunter-gatherers | agricultural origins in SE Asia,https://scholar.google.com/citations?hl=en&user=k3y-hAkAAAAJ
Prof. Emmanuel I. Akpan,"Professor  of Policy and Strategic Management, University of Calabar, Calabar, Cross River …",unical.edu.ng,236,Policy and Strategic Management | Business Research,https://scholar.google.com/citations?hl=en&user=Gq8fhdcAAAAJ
Pei-Yin Lin,Cambridge; University of Hong Kong,hku.hk,233,Chinese Literature,https://scholar.google.com/citations?hl=en&user=M-GUpT4AAAAJ
Michael Arfken,"Associate Professor of Psychology, University of Prince Edward Island",upei.ca,231,Critical Psychology | Ecopsychology | Marxism | Social Theory | Cognitive Psychology,https://scholar.google.com/citations?hl=en&user=THT7VbUAAAAJ
Pei-Shan Chung,"University of California, Los Angeles",ucla.edu,231,Microfluidics | Nanofluidics | Neural probe | Acoustofluidics | Flexible electronics,https://scholar.google.com/citations?hl=en&user=8VXJVggAAAAJ
Pei Zhang,National University of Defense Technology,nudt.edu.cn,227,Multi-view learning | Multi-kernel | Deep clustering,https://scholar.google.com/citations?hl=en&user=Vh1eFgoAAAAJ
Kim Mears,University of Prince Edward Island,upei.ca,225,Library and Information Science | Open Access | Data,https://scholar.google.com/citations?hl=en&user=5ezRGyIAAAAJ
"Hayden F Atkinson, PhD","Assistant Professor, University of Prince Edward Island",upei.ca,224,medical imaging | osteoarthritis | physical therapy | biomechanics,https://scholar.google.com/citations?hl=en&user=W41Ny3QAAAAJ
Pei-Hsiang Tsou,The University of Texas MD Anderson Cancer Center,mdanderson.org,223,biosensors | bioelectronics | automation | 3D printing | wearable devices,https://scholar.google.com/citations?hl=en&user=TIVZ_EMAAAAJ
Pei Wang,University of Virginia,virginia.edu,222,Quantum Information and Computation | Quantum Optics,https://scholar.google.com/citations?hl=en&user=3xACBsUAAAAJ
"Pei-Chun Hsieh, PhD, CTRS",University of Lethbridge,uleth.ca,222,Aging | Therapeutic Recreation | Family Caregiver | Developmental Disability,https://scholar.google.com/citations?hl=en&user=k3RcmWcAAAAJ
Pei-Yau Lung,"Department of Statistics, Florida State University",stat.fsu.edu,221,Not Mentioned,https://scholar.google.com/citations?hl=en&user=_hhdt9IAAAAJ
ZHOU Pei,City University of Hong Kong,my.cityu.edu.hk,218,wireless sensor network | air conditioning | control | energy saving | particle dispersion and deposition,https://scholar.google.com/citations?hl=en&user=H-5AxmEAAAAJ
Joshua MacFadyen,University of Prince Edward Island,upei.ca,216,Canadian History | Environmental History | Digital History,https://scholar.google.com/citations?hl=en&user=RUExaeYAAAAJ
Pei Li,"Ph.D Candidate, University of Milan - Bicocca",disco.unimib.it,215,Data Intergration | Data Quality | Record Linkage,https://scholar.google.com/citations?hl=en&user=CwRwtSYAAAAJ
Yuqin Gong,University of Prince Edward Island,upei.ca,215,institutional research | education,https://scholar.google.com/citations?hl=en&user=l9xmqCsAAAAJ
Matthew J Dunlop,Ph.D. Candidate | University of Prince Edward Island,upei.ca,215,Waste Management | Bioresources | Chemistry | Sustainable Engineering | Invasives,https://scholar.google.com/citations?hl=en&user=zqnuq2IAAAAJ
Pei-Yin Lee,"Chemical Physics, University of Maryland College Park",umd.edu,213,computational biophysics | computational modeling | Coarse Grained | Ionic Liquids | Protein Folding,https://scholar.google.com/citations?hl=en&user=xLgcDxEAAAAJ
Harry PEI,"Department of Economics, Northwestern University",northwestern.edu,207,Game Theory | Microeconomic Theory | Mechanism Design | Organizational Economics | Political Economy,https://scholar.google.com/citations?hl=en&user=4mYcnIsAAAAJ
Tah Pei Chien,University of Malaya,ummc.edu.my,207,Nutrition,https://scholar.google.com/citations?hl=en&user=nqzpMBD2RbIC
Pei Xu,"Graduate Assistant, University of Texas Medical Branch",utmb.edu,207,Neuroscience and Cell biology | Ophthalmology and Vision Science,https://scholar.google.com/citations?hl=en&user=ymD7iToAAAAJ
Pei Li,"Ph.D student, Research assistant, Computer Science, University of Notre Dame",nd.edu,205,Computer vision | Biometrics | Face recognition | Forensic,https://scholar.google.com/citations?hl=en&user=IP6MTmUAAAAJ
Thitiwan Patanasatienkul,University of Prince Edward Island,upei.ca,202,Epidemiology | Modelling | GIS,https://scholar.google.com/citations?hl=en&user=gPL49FAAAAAJ
Kami DM Harris,University of Prince Edward Island,upei.ca,199,Lyme disease,https://scholar.google.com/citations?hl=en&user=DVys1koAAAAJ
Pei Quan,University of Chinese Academy of Sciences,mails.ucas.ac.cn,199,Graph Representation Learning | Graph Neural Network | Deep Learning,https://scholar.google.com/citations?hl=en&user=Ae9ARNYAAAAJ
Zifan Pei,Indiana University School of Medicine,umail.iu.edu,198,Ion channel | pharmacology | neuroscience,https://scholar.google.com/citations?hl=en&user=yyOFJOgAAAAJ
Pei-Ju Liao,"Department of Economics, National Taiwan University",ntu.edu.tw,196,Family Macroeconomics,https://scholar.google.com/citations?hl=en&user=94V_tH0AAAAJ
Yu Pei,"PhD student, Department of Geobiology, Georg-August-Universität Göttingen",geo.uni-goettingen.de,193,Geobiology | Sedimentology | Geomicrobiology | Geochemistry | Geoscience Center Göttingen,https://scholar.google.com/citations?hl=en&user=ZcLmQZYAAAAJ
Pei-Shan Sonia Lin,"Graduate Institute of Disaster Management, Central Police University, Taiwan",Not Mentioned,191,Hazard studies | Human-environment relation | Indigenous people | Protected Area,https://scholar.google.com/citations?hl=en&user=i_6oK9YAAAAJ
Pei Likun,"Professor of Centre for China Studies, La Trobe University",Not Mentioned,191,health service management | health policy | hospital management,https://scholar.google.com/citations?hl=en&user=y2YTk-IAAAAJ
Tarek Mady,University of Prince Edward Island,upei.ca,190,Marketing | International Marketing,https://scholar.google.com/citations?hl=en&user=nqaTbn0AAAAJ
Pei Lin Koh,"Assistant Professor, National University of Singapore",nuhs.edu.sg,190,Paediatrics | haematology | critical care,https://scholar.google.com/citations?hl=en&user=m-8-UDMAAAAJ
Pei Wen,"University of Maryland, Baltimore",som.umaryland.edu,186,Not Mentioned,https://scholar.google.com/citations?hl=en&user=ywiesHoAAAAJ
Yi-Pei Chen,"Dpt. of Finance, Chung Yuan Christian University",cycu.edu.tw,185,Corporate Finance,https://scholar.google.com/citations?hl=en&user=7uQdMBEAAAAJ
Tsai Pei-Shu,National Changhua University of Education,cc.ncue.edu.tw,182,neurolinguistics | psycholinguistics | translation studies | cognitive psychology,https://scholar.google.com/citations?hl=en&user=A2v-4tcAAAAJ
Md Shafiqul Islam,"Professor of Mathematics, University of Prince Edward Island, PE, Canada",upei.ca,180,Dynamical Systems | Ergodic Theory | Random maps and applications,https://scholar.google.com/citations?hl=en&user=-w9KNEsAAAAJ
Pei-Cheng Cheng,"Institute of Environmental Engineering, National Sun Yat-Sen University",student.nsysu.edu.tw,172,Environmental Engineering,https://scholar.google.com/citations?hl=en&user=Od9E_vUAAAAJ
Andrew Godbout,University of Prince Edward Island,upei.ca,170,Computer Vision | Sonification | Interactive Computing | machine learning | applications of machine learning,https://scholar.google.com/citations?hl=en&user=jkZsLnQAAAAJ
Cong Pei AN,"School of  Mathematics, Southwestern University of Finance and Economics,",swufe.edu.cn,169,Numerical Analysis | Spherical t-designs | Mathematical History,https://scholar.google.com/citations?hl=en&user=jjJcxggAAAAJ
Neb Kujundzic,University of Prince Edward Island,upei.ca,165,Philosophy of Technology | Metaphysics | Philosophy of Science,https://scholar.google.com/citations?hl=en&user=WpEHpWUAAAAJ
Martha Giraldo O'Meara,"Assistant professor, University of Prince Edward Island",upei.ca,165,obsessive compulsive disorder | body dysmorphic disorder | eating disorders,https://scholar.google.com/citations?hl=en&user=Yxg6i7wAAAAJ
Nadja Bressan,"Assistant Professor, University of Prince Edward Island",upei.ca,164,Biomedical | Mechatronics | Drug delivery | Metadata | Control Theory,https://scholar.google.com/citations?hl=en&user=mmySFBAAAAAJ
Pei-Wen Lim,University of Massachusetts,umassmemorial.org,163,surgery | laparoscopic surgery | bariatric surgery | hernia,https://scholar.google.com/citations?hl=en&user=VqFPg8AAAAAJ
Yasmine M. Abdelfattah,"University of Prince Edward Island, Egypt Campus",uofcanada.edu.eg,161,Climate change & Environmental Economics | Development Economics | Environmental Statistics,https://scholar.google.com/citations?hl=en&user=AOe6l3UAAAAJ
Pei Zheng,Baoji University of Arts and Sciences,Not Mentioned,160,Not Mentioned,https://scholar.google.com/citations?hl=en&user=m9lGwrEAAAAJ
Anne Marie Fitzgerald,University of Prince Edward Island,upei.ca,158,school leadership | family engagement | teacher preparation,https://scholar.google.com/citations?hl=en&user=fGNRdlIAAAAJ
Kathy Snow,University of Prince Edward Island,upei.ca,155,Education | Indigenous Pedagogy | Science Education | Leadership | Technology Education,https://scholar.google.com/citations?hl=en&user=4MuhvSkAAAAJ
PEI CHUAN LI,University of Southern California,cmu.edu.tw,148,Not Mentioned,https://scholar.google.com/citations?hl=en&user=rJDO4-AAAAAJ
Ze-Pei Cian,"Graduate Research Assistant, University of Maryland, College Park",umd.edu,145,Quantum Computation | Quantum Simulation | Condensed matter physics,https://scholar.google.com/citations?hl=en&user=g1seQDAAAAAJ
Pei Wang,The University of Hong Kong,connect.hku.hk,144,Not Mentioned,https://scholar.google.com/citations?hl=en&user=XO4482AAAAAJ
Malcolm Murray,"Professor of Philosophy, University of Prince Edward Island",upei.ca,142,Moral Philosophy | metaethics | cotnractarianism | atheism,https://scholar.google.com/citations?hl=en&user=obYzBsMAAAAJ
Nina Germitsch,"Atlantic Veterinary College, University of Prince Edward Island",upei.ca,141,Parasitology,https://scholar.google.com/citations?hl=en&user=sRbvEyUAAAAJ
Delia Pei Shan Lee,"PhD Candidate, National University of Singapore",u.nus.edu,134,food science and technology | nutrition | clinical,https://scholar.google.com/citations?hl=en&user=si6OwyIAAAAJ
Xiao Chen,"Associate Professor of Management, University of Prince Edward Island",upei.ca,128,Organizational Behavior | Human Resource Management,https://scholar.google.com/citations?hl=en&user=m9cRgT0AAAAJ
Kyle Knysh,"PhD Candidate, University of Prince Edward Island",upei.ca,127,Ecology | Aquatic Ecosystems | Biodiversity | Invasion Biology | Multiple Stressors,https://scholar.google.com/citations?hl=en&user=Hlh2OSQAAAAJ
Quan V. Dau,"Canada Center of Climate Change and Adaptation, University of Prince Edward Island …",upei.ca,125,Hydro-Climate,https://scholar.google.com/citations?hl=en&user=bCl2KoAAAAAJ
Grant McSorley,"… Professor, School of Sustainable Design Engineering, University of Prince Edward Island",upei.ca,123,Product Development | Engineering Design | Product Lifecycle Management | Sustainable Design | Information Management,https://scholar.google.com/citations?hl=en&user=hQ3NZ6EAAAAJ
Richard Raiswell,University of Prince Edward Island,upei.ca,123,medieval and early modern demonology | knowledge of India before 1600,https://scholar.google.com/citations?hl=en&user=Ghje8t8AAAAJ
Anna Kuznetsova,University of Prince Edward Island,upei.ca,120,streptomyces | microbiology | natural products,https://scholar.google.com/citations?hl=en&user=kTAUhFoAAAAJ
Pei-Hsien Hsu,"Professor of Institute of Architecture, National Chiao Tung University, Taiwan",arch.nctu.edu.tw,118,architecture | HCI | mixed reality | CAAD,https://scholar.google.com/citations?hl=en&user=7yeDDZIAAAAJ
Xilong Pei,Huazhong University of Science and Technology,hust.edu.cn,117,Wireless Communications,https://scholar.google.com/citations?hl=en&user=McR-a_2N7IwC
Yi-Pei Chen,The University of Tokyo,g.ecc.u-tokyo.ac.jp,117,Not Mentioned,https://scholar.google.com/citations?hl=en&user=IaaX_Y4AAAAJ
Laurie Brinklow,"Island Studies, University of Prince Edward Island",upei.ca,115,island studies | human geography | islandness | literature,https://scholar.google.com/citations?hl=en&user=jhxYj6oAAAAJ
Lingmin PEI,University of Limerick,ul.ie,110,Inorgic Chemistry,https://scholar.google.com/citations?hl=en&user=rTC5p_AAAAAJ
Yu Pei,"Ph.D. candidate, University of British Columbia",ubc.ca,109,electrochemistry | fuel cell | metal-air battery | lithium ion battery,https://scholar.google.com/citations?hl=en&user=WdzHn3UAAAAJ
Svenja Koepper,"PhD Candidate, University of Prince Edward Island",upei.ca,109,aquatic epidemiology | marine biology | aquatic animal health | fisheries,https://scholar.google.com/citations?hl=en&user=vw9LTeUAAAAJ
Pei-Hsuan Hsieh,"PhD student, University of Illinois-Urbana Champaign",illinois.edu,108,Not Mentioned,https://scholar.google.com/citations?hl=en&user=zi6qWKoAAAAJ
pei qiu,Southern university of science and technology,mail.sustech.edu.cn,106,laser micromachining | microgroove,https://scholar.google.com/citations?hl=en&user=s73v33QAAAAJ
Xinyue Pei,South China University of Technology,mail.scut.edu.cn,105,NOMA | IoT | caching | edge computing | pls,https://scholar.google.com/citations?hl=en&user=lhOrYRUAAAAJ
Carla DiGiorgio,"Associate Professor of Education, University of Prince Edward Island",upei.ca,104,Inclusive education,https://scholar.google.com/citations?hl=en&user=J_OpcwQAAAAJ
Pei Lei,University of Science and Technology of China,mail.ustc.edu.cn,104,Magnetorheological,https://scholar.google.com/citations?hl=en&user=MYsiKJ4AAAAJ
Pei-Shiang Chang,National Yunlin University of Science and Technology,yuntech.edu.tw,97,Festival tourism、Tourist behavior,https://scholar.google.com/citations?hl=en&user=6vgjyqQAAAAJ
Jiaxin Pei,University of Michigan,umich.edu,95,Computational Sociolinguistics | Computational Social Science | Natural Language Processing,https://scholar.google.com/citations?hl=en&user=bfPz_-8AAAAJ
Yan Pei,"Ph.D. Student, University of Texas at Austin",cs.utexas.edu,95,Computer Science,https://scholar.google.com/citations?hl=en&user=6QDf6zoAAAAJ
Pei-Jan Hung,University of Chicago,uchicago.edu,94,metamaterials | electrochemistry | wearable devices | smart textile,https://scholar.google.com/citations?hl=en&user=ES7QXf8AAAAJ
Sheng-Pei Wang,"MPH, University of California Berkeley; MD, National Cheng Kung University (Taiwan)",berkeley.edu,94,Dermatology | Atopic dermatitis | Allergy | Regenerative wound healing,https://scholar.google.com/citations?hl=en&user=cbGQ0WAAAAAJ
Jiahuan Pei,"Amazon, University of Amsterdam",uva.nl,93,Dialogue Systems | Natural Language Processing | Information Retrieval,https://scholar.google.com/citations?hl=en&user=cnhyEW0AAAAJ
Pei-Yu Huang,The University of Hong Kong,connect.hku.hk,93,Ecological and evolutionary genomics of …,https://scholar.google.com/citations?hl=en&user=9Wl0Y10AAAAJ
Tim Goddard,University of Prince Edward Island,upei.ca,93,Not Mentioned,https://scholar.google.com/citations?hl=en&user=bTRdXPwAAAAJ
CA Wartman,"Sessional Lecturer, University of Prince Edward Island",upei.ca,91,Not Mentioned,https://scholar.google.com/citations?hl=en&user=UIio6bUAAAAJ
Sulivan Pei,The first affiliated hospital of Zhengzhou university,Not Mentioned,91,Not Mentioned,https://scholar.google.com/citations?hl=en&user=IqZkUhoAAAAJ
Yuliya Rashchupkina,University of Prince Edward Island,upei.ca,88,Climate change | development theory | global governance | human security,https://scholar.google.com/citations?hl=en&user=Aa4JU5AAAAAJ
Armin Bodaghkhani,The University of Prince Edward Island,upei.ca,88,Energy Conversion | Thermofluidic | Fluid Mechanics,https://scholar.google.com/citations?hl=en&user=bSujORIAAAAJ
Quek Pei Jun,National University of Singapore,u.nus.edu,85,Water treatment | Wastewater treatment | membrane bioreactor | dynamic membrane,https://scholar.google.com/citations?hl=en&user=aSs4Ds0AAAAJ
Pei Guo (郭沛),University of Science & Technology Beijing,xs.ustb.edu.cn,85,Rock Mechanics | Acoustic Emission,https://scholar.google.com/citations?hl=en&user=joQ7uV8AAAAJ
Scott Roloson,"Canadian Rivers Institute, University of Prince Edward Island",upei.ca,83,Fisheries Science | Freshwater Ecology | Anadromoy | Fish Migration,https://scholar.google.com/citations?hl=en&user=tVHV4p8AAAAJ
Pei Guo,"PhD Student, University of Maryland, Baltimore County",umbc.edu,83,Big Data | Machine Learning | Causality Discovery | Climate Science,https://scholar.google.com/citations?hl=en&user=UBMGqMYAAAAJ
Pei Pei,"Associate Professor of Mathematics and Actuarial Science, Otterbein University",otterbein.edu,82,Partial Differential Equations | Applied Mathematics,https://scholar.google.com/citations?hl=en&user=VZh36MAAAAAJ
Pei Leng,University of Chinese Academy of Sciences,mails.ucas.ac.cn,81,remote sensing,https://scholar.google.com/citations?hl=en&user=7F_hIyQAAAAJ
shannon roache,university of prince edward island,upei.ca,81,Not Mentioned,https://scholar.google.com/citations?hl=en&user=PDrXyfQAAAAJ
Lucy Pei,"PhD Student, University of California, Irvine",uci.edu,81,Not Mentioned,https://scholar.google.com/citations?hl=en&user=QLm6s4AAAAAJ
Pei-Yu Wu,University of Chicago,uchicago.edu,80,Somatosensory | neuroscience and neuroprosthetics,https://scholar.google.com/citations?hl=en&user=sC07kocAAAAJ
Dingyi Pei,"PhD candidate in Electrical Engineering, University of Maryland Baltimore County",umbc.edu,80,Human Machine Interfaces | brain control of upper limb movement,https://scholar.google.com/citations?hl=en&user=_r1loccAAAAJ
Pei En Tham,University of Nottingham Malaysia,nottingham.edu.my,77,Biotechnology | Microalgae | Aquaculture | Artificial Intelligence | Simulation,https://scholar.google.com/citations?hl=en&user=BVml9W8AAAAJ
Pei-Hao Fu,Singapore University of Technology and Design,sutd.edu.sg,76,Quantum transport theory | Josephson effect,https://scholar.google.com/citations?hl=en&user=-MzabL8AAAAJ
Pei-Yao Hung,University of Michigan,umich.edu,75,Human-Computer Interaction | Computer-Supported Cooperative Work | Ubiquitous Computing | End-User Programming | Health Informatics,https://scholar.google.com/citations?hl=en&user=BEE9_SwAAAAJ
William Stoughton,"Assistant Professor of Large Animal Internal Medicine, University of Prince Edward Island",upei.ca,75,Large Animal Internal Medicine | Veterinary Education | Parasitology | Christian Veterinary Mission,https://scholar.google.com/citations?hl=en&user=uCvS3E4AAAAJ
Zhao Pei,Tsinghua University; Massachusetts Institute of Technology,mit.edu,74,Transportation Environment | Zero-Emission Vehicle | Life Cycle Assessment,https://scholar.google.com/citations?hl=en&user=SeKTAaMAAAAJ
Pei Loon Khoo,Toyohashi University of Technology,tut.jp,71,material science | thin film solar cells | photoactive,https://scholar.google.com/citations?hl=en&user=lKSPDtwAAAAJ
Pei-Jie Chen,"University of Maryland, College Park",umd.edu,70,Second Language Writing | TESOL | Bilingualism | Sociocultural Theory of Learning,https://scholar.google.com/citations?hl=en&user=MWeHJn4AAAAJ
Pei Liu,"Postdoctoral fellow of Dentistry, University of Hong Kong",hku.hk,67,Dental Public Health | Oral Microbiology,https://scholar.google.com/citations?hl=en&user=_xMURkAAAAAJ
Pei Xuan Lee,National University of Singapore,u.nus.edu,64,speech processing | natural language processing,https://scholar.google.com/citations?hl=en&user=rNt4D38AAAAJ
Pei Wu,"University of California, Los Angeles",cs.ucla.edu,63,Theoretical computer science,https://scholar.google.com/citations?hl=en&user=i152hTQAAAAJ
Nauman Nazeer,"PhD Candidate, University of Prince Edward Island",upei.ca,63,Not Mentioned,https://scholar.google.com/citations?hl=en&user=VxTZvxIAAAAJ
Weiping Pei,"Assistant Professor of Cyber Studies, The University of Tulsa",utulsa.edu,63,security and privacy | crowdsourcing | machine learning,https://scholar.google.com/citations?hl=en&user=a8x6lLQAAAAJ
Dania Tamayo-Vera,"PhD student/Sessional Instructor, University of Prince Edward Island",upei.ca,63,Machine Learning | Optimization | Climate Change,https://scholar.google.com/citations?hl=en&user=eIFMQcIAAAAJ
Jingwen Pei,University of Connecticut,uconn.edu,62,population genetics,https://scholar.google.com/citations?hl=en&user=rsKU7bkAAAAJ
Xin PEI,University of Melbourne,e.ntu.edu.sg,61,digital technology | marginalization | China | gender,https://scholar.google.com/citations?hl=en&user=dCyf6oQAAAAJ
Pei-Shan Hsieh,"Ph.D. in Systems and Industrial Engineering, University of Arizona",email.arizona.edu,59,Operations Research | Algorithms of Graph and Networks | Simulation Modeling and Analysis | Stochastic Processes | Big Data,https://scholar.google.com/citations?hl=en&user=4RAqFtoAAAAJ
Pei-chen Liao,"Department of Foreign Languages and Literature, National Cheng Kung University",mail.ncku.edu.tw,58,post-9/11 fiction | South Asian diasporic fiction,https://scholar.google.com/citations?hl=en&user=_a6MBsMAAAAJ
Pei Wang,The Hong Kong University of Science and Technology,cse.ust.hk,56,Medical Image Analysis | Computer Vision | Deep Learning,https://scholar.google.com/citations?hl=en&user=2sKjBLwAAAAJ
Ginevra Brocca,"Diagnostic Fish Pathologist, Atlantic Veterinary College, University of Prince Edward Island",upei.ca,56,veterinary pathology,https://scholar.google.com/citations?hl=en&user=ryvGFSoAAAAJ
Kai Pei,Xi'an Jiaotong University; Massachusetts Institute of Technology,stu.xjtu.edu.cn,55,Data Mining in Materials Science,https://scholar.google.com/citations?hl=en&user=kzWWKcQAAAAJ
Pei-Ching Li,"… of Computer Science and Information Engineering, National Cheng-Kung University (NCKU …",mail.ncku.edu.tw,54,Expressive music performance | Violin playing styles | Music information retrieval | Expressive violin synthesis,https://scholar.google.com/citations?hl=en&user=3uAOFLsAAAAJ
Gensheng Pei (裴根生),Nanjing University of Science and Technology,njust.edu.cn,54,video segmentation | change detection | multi-label learning,https://scholar.google.com/citations?hl=en&user=ihU_QpsAAAAJ
Jialun Pei,Huazhong University of Science and Technology,hust.edu.cn,54,Computer Vision | Medical image anaysis | Deep learning | Instance segmentation.,https://scholar.google.com/citations?hl=en&user=1lPivLsAAAAJ
Tyler J. Palmer,University of Prince Edward Island,upei.ca,53,Point-Radiance Spectroscopy | R&D | Prototype Medical Devices,https://scholar.google.com/citations?hl=en&user=ySPmhpwAAAAJ
Dr. Alice Pei-Shan Hsieh,"PhD in Electronics Engineering, University of Cambridge",cam.ac.uk,53,Power electronics design | device modelling,https://scholar.google.com/citations?hl=en&user=SeJj8j4AAAAJ
Pei-Chuan Zhou,"Department of Electrical Engineering, National Chung Cheng University",Not Mentioned,52,人工智慧(Artificial Intelligence),https://scholar.google.com/citations?hl=en&user=KLBPq70AAAAJ
Ye (George) jia,"Associate Professor of Economics, University of Prince Edward Island",upei.ca,51,Entrepreneurship | Macroeconomics | Financial Economics,https://scholar.google.com/citations?hl=en&user=GL1UipEAAAAJ
PEI LING TAN,"Senior Lecturer, Tunku Abdul Rahman University of Management and Technology",tarc.edu.my,50,Applied Statistics,https://scholar.google.com/citations?hl=en&user=MD3_rjcAAAAJ
Pei Zhang,University of Connecticut,uconn.edu,47,Neurobiology | Electrophysiology,https://scholar.google.com/citations?hl=en&user=nP5HO38AAAAJ
Candice P. Chu,"Assistant Professor of Clinical Pathology, University of Pennsylvania",upenn.edu,46,canine chronic kidney disease,https://scholar.google.com/citations?hl=en&user=cv_brEAAAAAJ
Pei-Ling Lee,University of Reading Malaysia,henley.edu.my,45,behavioral finance | asset pricing | mergers and acquisition | corporate finance | international finance,https://scholar.google.com/citations?hl=en&user=nC819rAAAAAJ
Pei Xiong,University of Rochester,ur.rochester.edu,45,metasurfaces | Augmented Reality,https://scholar.google.com/citations?hl=en&user=34KiIvEAAAAJ
Zixiang Pei,Beijing University of Posts and Telecommunications,bupt.edu.cn,45,Computer Vision | Machine Learning | Self-Supervised Learning,https://scholar.google.com/citations?hl=en&user=Lq4s0IsAAAAJ
Pei Hua Cher,National University of Singapore,comp.nus.edu.sg,41,Data Science | Machine Learning | Artificial Intelligence | Computer Vision | Exercise Physiology - Gait,https://scholar.google.com/citations?hl=en&user=hlhxcmYAAAAJ
Pei Luo,University of Illinois Chicago,Uic.edu,41,Metabolism,https://scholar.google.com/citations?hl=en&user=XW8knncAAAAJ
Philippe Messier,University of Prince Edward Island,upei.ca,39,Labor | Media | Technology | Aesthetics | Anthropology,https://scholar.google.com/citations?hl=en&user=VbAQ1zsAAAAJ
Pei Soo Ang,University of Malaya,um.edu.my,38,discourses of disability | visual communication | critical semiotics | critical discourse analysis | critical disability studies,https://scholar.google.com/citations?hl=en&user=8unEUAIAAAAJ
zhengqi pei,University of Toronto,mail.utoronto.ca,35,Artificial Intelligence,https://scholar.google.com/citations?hl=en&user=Qs5zacQAAAAJ
Sam Kolahgar,University of Prince Edward Island,upei.ca,35,Corporate Finance | Corporate Governance | Investore Relations,https://scholar.google.com/citations?hl=en&user=kDN41nEAAAAJ
Daniel I. Harris,University of Prince Edward Island,upei.ca,35,Nietzsche | ethics | social and political philosophy,https://scholar.google.com/citations?hl=en&user=-2auN_wAAAAJ
Angelina Pei-Tzu Tsai,University of North Carolina at Chapel Hill,live.unc.edu,35,childhood adversity | trauma | assessment | neural developemnt | machine learning,https://scholar.google.com/citations?hl=en&user=wloGd4AAAAAJ
Andrew Carrothers,"Associate Professor of Finance, University of Prince Edward Island",upei.ca,34,corporate governance | shareholder activism | hedge funds | executive compensation | financial literacy,https://scholar.google.com/citations?hl=en&user=hix-zawAAAAJ
Nazanin Behzadan,University of Prince Edward Island,upei.ca,34,International Trade | Inequality | Development Economics,https://scholar.google.com/citations?hl=en&user=9qLpZ34AAAAJ
Joanne Ishak,University of Prince Edward Island,uofcanada.edu.eg,33,Mechanical Engineering,https://scholar.google.com/citations?hl=en&user=zm0XbeUAAAAJ
Kai Liu,"University of Prince Edward Island, Dalhousie University, University of Waterloo",uwaterloo.ca,32,crisis management | big data analytics | machine learning | portfolio optimization | quantitative finance and insurance,https://scholar.google.com/citations?hl=en&user=uQtHhBQAAAAJ
Pei-Hsin Li,PhD student at University of Oxford,Not Mentioned,31,Educational psychology | emotions | well-being,https://scholar.google.com/citations?hl=en&user=EyLRZpkAAAAJ
Hamed Bozorgi,University of Prince Edward Island,upei.ca,30,Robotics | Perception | Human detection & tracking | Machine vision | Data analysis & pattern recognition,https://scholar.google.com/citations?hl=en&user=GqU32iAAAAAJ
Xin Pei VOON,"National Institute of Education, Nanyang Technological University",nie.edu.sg,30,teacher professional development | Science education | STEM education | Computational Thinking | Computer Science Unplugged,https://scholar.google.com/citations?hl=en&user=WZ8eWg0AAAAJ
Pei Yan,Huazhong University of Science and Technology,hust.edu.cn,30,computer vision,https://scholar.google.com/citations?hl=en&user=XnvspFEAAAAJ
Yu Pei,"University of California, San Diego",eng.ucsd.edu,30,Not Mentioned,https://scholar.google.com/citations?hl=en&user=ejPL0xoAAAAJ
Pei Zhang,The University of Alabama,crimson.ua.edu,29,Aeolian Geomorphology | Sediment Transport | Sand Dunes | Remote Sensing,https://scholar.google.com/citations?hl=en&user=HVEk-0YAAAAJ
Amy Pei,"Assistant Professor of Marketing, Northeastern University",northeastern.edu,27,Influencer marketing | social media,https://scholar.google.com/citations?hl=en&user=92YXK0kAAAAJ
Pei-Yuen Tsai,Assistant Professor of National Chengchi University,nccu.edu.tw,26,Family policy | Social security policy | Welfare reform,https://scholar.google.com/citations?hl=en&user=2P_UMP4AAAAJ
"Chan, Pei-chen 詹佩臻","National Taiwan University, Department of Civil Engineering, Taipei, Taiwan",ntu.edu.tw,26,Engineering Geology,https://scholar.google.com/citations?hl=en&user=mif4LgCebz0C
Pei Cheng Yu,University of New South Wales,unsw.edu.au,26,Public Economics | Financial Economics | Behavioral Economics,https://scholar.google.com/citations?hl=en&user=v2KnwpwAAAAJ
Julia Pei,University of British Columbia,student.ubc.ca,26,Not Mentioned,https://scholar.google.com/citations?hl=en&user=Db_8xckAAAAJ
Tina Navaei,"… Design Engineering Student, University of Prince Edward Island, Email: tnavaei@upei",upei.ca,25,Discovery of bioactive natural compounds | Tissue engineering | Microfluidics,https://scholar.google.com/citations?hl=en&user=nSD378MAAAAJ
Pei-Chuan Ho,"Postdoctoral Researcher, University of Pennsylvania",pennmedicine.upenn.edu,25,health economics | substance abuse | aging | Alzheimer's diease,https://scholar.google.com/citations?hl=en&user=j9Dnfw4AAAAJ
Matthew A. Munro,University of Prince Edward Island,upei.ca,23,youth | health | digital media,https://scholar.google.com/citations?hl=en&user=eRInCQMAAAAJ
Pei Yang,University of Houston,visa.com,22,mathematics,https://scholar.google.com/citations?hl=en&user=5LGKTXAAAAAJ
Pei Zhang,The University of Hong Kong,connect.hku.hk,21,Event-based Vision | Machine Learning | Computer Vision | Artificial Intelligence,https://scholar.google.com/citations?hl=en&user=Haaxgp0AAAAJ
Pei-Shan Yen,University of Illinois at Chicago,uic.edu,20,Casual Inference | Neuroimage Studies,https://scholar.google.com/citations?hl=en&user=C6awSvkAAAAJ
Zehua Pei,The Chinese University of Hong Kong,link.cuhk.edu.hk,20,Not Mentioned,https://scholar.google.com/citations?hl=en&user=FjZurHkAAAAJ
Pei You,"Ph.D. candidate student, Electrical and Computer Engineering, University of Illinois Urbana …",illinois.edu,20,Photonics | Electronics | Image processing,https://scholar.google.com/citations?hl=en&user=nbLvt1EAAAAJ
Pei Qin (Sabrina) Ng,The University of Adelaide,adelaide.edu.au,18,Genetics | Epigenetics | RNA biology | Bioinformatics,https://scholar.google.com/citations?hl=en&user=oBCMnS0AAAAJ
Pedro Enrique Iturria Rivera,"PhD Candidate, University of Ottawa",uottawa.ca,18,Applied AI in Wireless Communications | OpenRAN | Smart Grid Communications | Color Science,https://scholar.google.com/citations?hl=en&user=53kq34UAAAAJ
Junaid Maqsood,University of Prince Edward Island,upei.ca,18,Climate change | Downscaling | Machine learning | Agriculture,https://scholar.google.com/citations?hl=en&user=1lkP6zMAAAAJ
Pei R Chao,Ex University of South Australia,Not Mentioned,17,Not Mentioned,https://scholar.google.com/citations?hl=en&user=w7RAmzQAAAAJ
Trevor Profitt,"PhD Student, University of Prince Edward Island",upei.ca,17,Machine Learning | Quantum Chemistry,https://scholar.google.com/citations?hl=en&user=dnxt9KEAAAAJ
Akinbinu AA,University of Prince Edward Island,tech-u.edu.ng,17,Tourism | Waste Management | Rural Migration,https://scholar.google.com/citations?hl=en&user=MT-hYVAAAAAJ
Siyou Pei,"PhD Student, University of California Los Angeles",g.ucla.edu,17,Human Computer Interaction | Virtual Reality | Augmented Reality | Tangible Interaction,https://scholar.google.com/citations?hl=en&user=WZd4DYAAAAAJ
Pei Han Ng,University of Illinois Urbana Champaign,illinois.edu,15,Power electronics | Analog circuit design | PMIC,https://scholar.google.com/citations?hl=en&user=2vl363kAAAAJ
Yi-Pei Lo,University of Illinois at Urbana-Champaign,illinois.edu,15,Cognitive Psychology | Memory,https://scholar.google.com/citations?hl=en&user=PuWfHY8AAAAJ
Pei Qie Chan,University of Malaya,um.edu.my,14,Organic Chemistry,https://scholar.google.com/citations?hl=en&user=9k9cUYkAAAAJ
Sichong Pei,"PhD student, University of Illinois Urbana-Champaign",illinois.edu,14,Chemical engineering,https://scholar.google.com/citations?hl=en&user=fGxu50wAAAAJ
Pei-Yin Chen,"… . of Intelligence Science and Technology, Graduate School of Informatics, Kyoto University",st.kyoto-u.ac.jp,14,Human vision | stereopsis | psychophysics | fMRI,https://scholar.google.com/citations?hl=en&user=Ak80pScAAAAJ
Loh Pei She,"Research Fellow, National University of Singapore",nus.edu.sg,14,Gene therapy | RNA technologies | trans-splicing RNA technology | suicide gene therapy,https://scholar.google.com/citations?hl=en&user=D1zIww8AAAAJ
William T. Robbins,"… .D. Candidate/DVM Student, Atlantic Veterinary College, University of Prince Edward Island",upei.ca,14,Parasitology | Wildlife | Zoonoses | Host-Parasite Interactions | Ecology,https://scholar.google.com/citations?hl=en&user=KHc-ybwAAAAJ
Pei-Ying Zuo,"School of Psychology, Central China Normal University",ccnu.edu.cn,13,Self-regulation | close relationships | emotion | intervention,https://scholar.google.com/citations?hl=en&user=HogLQroAAAAJ
Darren Chen Pei Wong,National University of Singapore,nus.edu.sg,13,Not Mentioned,https://scholar.google.com/citations?hl=en&user=h64kcvIAAAAJ
Dylan R Michaud,"PhD Student, Department of Microbiology and Pathology, University of Prince Edward Island",upei.ca,12,Transcriptomics | Genetics | Parasitology | Fish Health,https://scholar.google.com/citations?hl=en&user=ECP89DQAAAAJ
Pei-Wei Chen,"University of California, Berkeley",berkeley.edu,12,formal methods | decision procedures | design automation,https://scholar.google.com/citations?hl=en&user=Dag0G5AAAAAJ
Doreley C. Coll,"Associate Professor, University of Prince Edward Island",upei.ca,11,Global Affairs | Human Rights | Philology,https://scholar.google.com/citations?hl=en&user=GCgdMNQAAAAJ
Geoffrey Lindsay,"Associate Professor of English, University of Prince Edward Island",upei.ca,11,Anthony Hecht | Robert Lowell | Richard Howard,https://scholar.google.com/citations?hl=en&user=FzlyaO0AAAAJ
Pei-Hua Tsai,National Changhua University of Education,Not Mentioned,11,Not Mentioned,https://scholar.google.com/citations?hl=en&user=rX_LzQEAAAAJ
Pei-Hua Chang,"Assistant Professor of Electronic Engineering, Kun Shan University",mail.ksu.edu.tw,11,engineering education | automotive electronics system,https://scholar.google.com/citations?hl=en&user=L4-9EbcAAAAJ
Melissa Belvadi,University of Prince Edward Island,upei.ca,10,Librarianship,https://scholar.google.com/citations?hl=en&user=qbyY-V0AAAAJ
Pei-chuan Hsu,"Department of Early Childhood Educare, Tainan University of Technology",gm.tut.edu.tw,10,Early Childhood Education、Nursing …,https://scholar.google.com/citations?hl=en&user=03lJFJAAAAAJ
Anh Duy Nguyen,Graduate student of University of Prince Edward Island,upei.ca,10,multi-robot systems | autonomous vehicles | guidance and control | robotics,https://scholar.google.com/citations?hl=en&user=XVDSFJoAAAAJ
Rosemary Le Faive,University of Prince Edward Island,upei.ca,9,Digital Libraries | MEMS,https://scholar.google.com/citations?hl=en&user=f_u2IEsAAAAJ
Yu-De Pei,Research Assistant at the Hong Kong University of Science and Technology,connect.ust.hk,9,coral reef | stable isotope | community ecology | trophic ecology,https://scholar.google.com/citations?hl=en&user=zYAoaUAAAAAJ
Geng-Pei Lin,"PhD Student, Department of Earth Science, National Central University, TW.",cc.ncu.edu.tw,8,Crustal Deformation | Radar Interferometry | Aseismic deformation | Active Structure,https://scholar.google.com/citations?hl=en&user=1pw0HLkAAAAJ
Ting Pei,National University of Singapore,nus.edu.sg,8,Microeconomic Theory | Random Games | Cheap Talk | Network,https://scholar.google.com/citations?hl=en&user=pDcHuxUAAAAJ
Huacheng Pei,Shanghai University of Finance and Economics,163.sufe.edu.cn,8,Not Mentioned,https://scholar.google.com/citations?hl=en&user=X49nATwAAAAJ
Yalian Pei,University of Georgia,uga.edu,7,Functional Communication | Metacognition | Brain Injury,https://scholar.google.com/citations?hl=en&user=VVmx-0cAAAAJ
Pei-Lin Huang,University of Florida,ufl.edu,7,Health Economics | Pharmacoepidemiology,https://scholar.google.com/citations?hl=en&user=BfRjeXYAAAAJ
Belle Pei-Tsen Huang,"Graduate Institute of Learning and Instruction, National Central University",cc.ncu.edu.tw,6,Collective Psychological Ownership | Mathematical Problem Posing,https://scholar.google.com/citations?hl=en&user=fKwD3vUAAAAJ
Pei-Yu Hsieh,"PhD student, University of Cambridge",cam.ac.uk,6,Not Mentioned,https://scholar.google.com/citations?hl=en&user=YMTmOB0AAAAJ
Keri McCaffrey,University of Prince Edward Island,upei.ca,5,Librarianship | Information Studies,https://scholar.google.com/citations?hl=en&user=Bc1oqzkAAAAJ
Pei He,Delft University of Technology,tudelft.nl,5,Civil Engineering,https://scholar.google.com/citations?hl=en&user=33owE74AAAAJ
Wanyu Pei,National University of Singapore,u.nus.edu,5,Architecture | Circular city | Building/urban information modeling | Building spatial perception | Architecture education,https://scholar.google.com/citations?hl=en&user=uXUDoVYAAAAJ
Betty Jeffery,"Librarian IV, University of Prince Edward Island",upei.ca,4,Information Literacy,https://scholar.google.com/citations?hl=en&user=4ROE214AAAAJ
Toyin O. Adekanmbi,"Research Assistant/Graduate Student, University of Prince Edward Island",upei.ca,4,Climate Change | Climate Change Modelling | Precision Agriculture | Sustainable Development | Food Security,https://scholar.google.com/citations?hl=en&user=K3f4l2EAAAAJ
William Pei,University of Toronto,mail.utoronto.ca,4,Biomechanics | Functional Electrical Stimulation | Standing Balance | Pharmacokinetics,https://scholar.google.com/citations?hl=en&user=7PJOxjIAAAAJ
Mavis Pei Lin Kang,National University of Singapore,u.nus.edu,4,CO2 reduction | electrocatalysis | electrochemistry,https://scholar.google.com/citations?hl=en&user=3c_CcDYAAAAJ
Junda Huang,University of Prince Edward Island,Not Mentioned,3,Not Mentioned,https://scholar.google.com/citations?hl=en&user=d7ow7iwAAAAJ
Pei Nie(聂沛),University of South China,usc.edu.cn,3,GeoInformatics | BioInformatics,https://scholar.google.com/citations?hl=en&user=VKozFLIAAAAJ
Qiangyu Pei,Huazhong University of Science and Technology,hust.edu.cn,3,Green Computing | Edge Computing | Deep Learning,https://scholar.google.com/citations?hl=en&user=JiQkgrAAAAAJ
Z Pei,The University of Texas,mavs.uta.edu,3,Interconnect | Beyond-CMOS Devices,https://scholar.google.com/citations?hl=en&user=-pdAvr4AAAAJ
Kellen Devries,"Student Research Assistant, University of Prince Edward Island",upei.ca,2,Biomedical signal processing | Mechatronic systems,https://scholar.google.com/citations?hl=en&user=xUd4VtwAAAAJ
Maggie J. Whitten Henry,University of Prince Edward Island,upei.ca,2,island studies | research-creation | craft beer | sense of place | intangible heritage,https://scholar.google.com/citations?hl=en&user=vIKyHygAAAAJ
Trung Tin Nguyen,"MSc Student | Human-Aware Navigation Stack, University of Prince Edward Island",upei.ca,2,Robotics | Autonomous Driving | Socially-Aware Navigation | Human Trajectory Forecasting | Motion Primitives Path Planning,https://scholar.google.com/citations?hl=en&user=fcMxOTUAAAAJ
Elysia Xin Pei Toh,"Research Assistant, National University of Singapore",nus.edu.sg,2,behavioural ecology | freshwater decapods | climate change | invasion biology,https://scholar.google.com/citations?hl=en&user=FyjUhbIAAAAJ
Pei Ye Li,"Medical Student, University of Toronto",mail.utoronto.ca,2,Not Mentioned,https://scholar.google.com/citations?hl=en&user=wmLjgaEAAAAJ
Melissa Bishop,University of Prince Edward Island - PhD Student,upei.ca,2,Early Years | Indigenous Education | Curriculum | Critical Theories,https://scholar.google.com/citations?hl=en&user=kSR8sjwAAAAJ
Andrew Halliday,"Sessional Lecturer, University of Prince Edward Island",upei.ca,2,Island Studies | Public Policy and Public Administration | Geopolitics | Blue Economy,https://scholar.google.com/citations?hl=en&user=8UQM6wcAAAAJ
Kevin Pei,"PhD Student, University of Illinois at Urbana-Champaign",illinois.edu,2,Information Extraction | Information Retrieval,https://scholar.google.com/citations?hl=en&user=1KAck4IAAAAJ
Yu-Pei Ke,"Assistant Professor, National Kaohsiung First University of Science and Technology",nkfust.edu.tw,1,Indoor Environment | Building Energy Conservation | Air-Conditioning Systems,https://scholar.google.com/citations?hl=en&user=rBGaHOgAAAAJ
"Rasaq Ojasanya, DVM, MSc",University of Prince Edward Island,upei.ca,1,Epidemiology,https://scholar.google.com/citations?hl=en&user=zGtPKRIAAAAJ
Pei Zhang (张沛),Humboldt University of Berlin Ph.D. Candidate,hu-berlin.de,1,China Environmental Politics,https://scholar.google.com/citations?hl=en&user=aIS78_sAAAAJ
Farhan Aziz,"PhD Student, University of Prince Edward Island",upei.ca,1,Stormwater & Green Infrastructure | Wastewater Overflows | Hydrologic & Hydraulic Modeling | Climate Change Adaptation | Surface Water Quality,https://scholar.google.com/citations?hl=en&user=GH98sNAAAAAJ
Truong Nhu,"Master candidate, University of Prince Edward Island",upei.ca,1,multi-robot systems | swarm robotics | swarm navigation | mobile robotics,https://scholar.google.com/citations?hl=en&user=msHE4zkAAAAJ
Pei-fen Hsu,University of Jyväskylä,student.jyu.fi,Not Mentioned,Pedagogical development and CLIL teaching,https://scholar.google.com/citations?hl=en&user=r_PvSYoAAAAJ
Marla Haines,University of Prince Edward Island,upei.ca,Not Mentioned,Glass Ceiling | Gender Bias | Language,https://scholar.google.com/citations?hl=en&user=DXmk6fkAAAAJ
Adam Brimacombe,University of Prince Edward Island,Not Mentioned,Not Mentioned,Human Security | Climate Change | Sustainability,https://scholar.google.com/citations?hl=en&user=IPZnQc8AAAAJ
Prof. Emmanuel I. Inah,University of Calabar,unical.edu.ng,Not Mentioned,Wildlife Ecology | Management & Biodiversity Conservation,https://scholar.google.com/citations?hl=en&user=tH_0ouUAAAAJ
Paige Pei-Hua Tan; Pei Hua Tan,Wee Kim Wee School of Communication and Information Nanyang Technological University …,Not Mentioned,Not Mentioned,New Media | Communications | Transnationalism | Memory studies | Public Relations,https://scholar.google.com/citations?hl=en&user=BBMl_O8AAAAJ
Minhajur Rahman,"Research Assistant, University of Prince Edward Island",upei.ca,Not Mentioned,Cloud Computing | Machine Learning | Health Informatics | Predictive Analytics,https://scholar.google.com/citations?hl=en&user=SD4c3scAAAAJ
Sasha V. Nandlal,"University of Prince Edward Island PhD Student, University of New Brunswick Alumni, UTT …",upei.ca,Not Mentioned,Instructional strategies | Inclusive education | Large scale assessments | Program evaluation,https://scholar.google.com/citations?hl=en&user=F4mz6HUAAAAJ
Pei ZHI,"City University of Hong Kong, PhD candidate",my.cityu.edu.hk,Not Mentioned,Political Communication | Political elite | Election | Political voting | Political campaign,https://scholar.google.com/citations?hl=en&user=Ymjyx8YAAAAJ
Pei-Ying Lin,"Ph D. Candidate, Eindhoven University of Technology",tue.nl,Not Mentioned,Not Mentioned,https://scholar.google.com/citations?hl=en&user=AxlTGxEAAAAJ
