Adrian Furnham,"Professor of Psychology, BI: Norwegian Business School",adrianfurnham.com,144363,Organisational psychology | psychometrics | especially personality assessment | complementary medicine | cross-cultural psychology,https://scholar.google.com/citations?hl=en&user=QKUOm8EAAAAJ
Jorgen Randers,Professor BI Norwegian Business School,bi.no,53514,Future studies | Climate and energy policy | System dynamics,https://scholar.google.com/citations?hl=en&user=9tfxC3AqN70C
Håkan Håkansson,Professor BI Norwegian Business School,bi.no,47215,business relationships and networks,https://scholar.google.com/citations?hl=en&user=z-gOkhkAAAAJ
Anders Gustafsson,"Professor of Marketing, BI Norwegian Business School",bi.no,24320,Marketing | Service | CX | Customer Experience | Service Innovation,https://scholar.google.com/citations?hl=en&user=srQ5SFkAAAAJ
Hans Georg Gemünden,BI Norwegian Business School,tim.tu-berlin.de,22289,Innovation Management,https://scholar.google.com/citations?hl=en&user=O1iSQfkAAAAJ
fabio canova,BI Norwegian Business School,bi.no,18237,macroeconomics | econometrics | business cycles,https://scholar.google.com/citations?hl=en&user=cjPFPTwAAAAJ
Ralf Müller,"Professor of Project Management, BI Norwegian Business School",bi.no,17937,project management | project governance | governance of projects | governmentality | organizational project management,https://scholar.google.com/citations?hl=en&user=mQT7xxIAAAAJ
Morten Huse,"Prof emeritus at BI Norwegian Business School, and vis prof. at ICADE Comillas and Vaasa …",bi.no,17227,Boards of directors | Corporate Governance | Women on boards | Family Business | Value Creation,https://scholar.google.com/citations?hl=en&user=A3uYtIQAAAAJ
Jan-Michael Becker,Associate Professor at BI Norwegian Business School,bi.no,14669,Data Analytics | Partial Least Squares | Structural Equation Modeling | Measurement Theory,https://scholar.google.com/citations?hl=en&user=6-gGk0UAAAAJ
Petter Gottschalk,"… , Department of Leadership and Organizational Behavior, BI Norwegian Business School",bi.no,10258,knowledge management | fraud examination | white-collar crime | corporate crime,https://scholar.google.com/citations?hl=en&user=-3axpNsAAAAJ
Bard Kuvaas,BI Norwegian Business School,bi.no,9728,Human Resource Mangement | ledelse | organisasjonsatferd,https://scholar.google.com/citations?hl=en&user=IR1gVGUAAAAJ
Scott Isaksen,"Professor of Leadership and Organizational Behavior, BI Norwegian Business School",cpsb.com,9697,creativity | innovation | creative climate | problem-solving style | creative problem solving,https://scholar.google.com/citations?hl=en&user=lszIEvUAAAAJ
Prof. Dr. Nicky Dries,KU Leuven & BI Norwegian Business School,econ.kuleuven.be,8771,talent management | potential | careers | career success | future of work,https://scholar.google.com/citations?hl=en&user=AZS7EegAAAAJ
luk warlop,"Professor of Marketing, BI Norwegian Business School",bi.no,8587,Not Mentioned,https://scholar.google.com/citations?hl=en&user=1MrzgKYAAAAJ
Carl F. Fey,"Provost, Research and Societal Impact, BI Norwegian Business School",bi.no,8520,International Business--How cultural and …,https://scholar.google.com/citations?hl=en&user=ZJw4UccAAAAJ
Ulf Andersson,"Professor, Mälardalen University and Adjunct Professor, BI Norwegian Business School",mdh.se,8456,Subsidiaries | Subsidiary Research | Strategic Management | International Business | Embeddedness,https://scholar.google.com/citations?hl=en&user=wR2MJBIAAAAJ
Anders Dysvik,Professor of Organizational Behavior at BI Norwegian Business School,bi.no,8119,HRM | Organizational Behavior | Leadership,https://scholar.google.com/citations?hl=en&user=lKVpUyEAAAAJ
Fred Selnes,BI Norwegian Business School,bi.no,7887,Marketing strategy and management,https://scholar.google.com/citations?hl=en&user=lWpcDTcAAAAJ
Benny Geys,BI Norwegian Business School,bi.no,7481,Political Economics | accountability | local government.,https://scholar.google.com/citations?hl=en&user=uunNUBUAAAAJ
Gabriel RG Benito,"Professor, BI Norwegian Business School",bi.no,7083,Strategy | International Business | International Management,https://scholar.google.com/citations?hl=en&user=pla5kqkAAAAJ
Torger Reve,Professor strategy BI Norwegian Business School,bi.no,7021,Strategi | industriell konkurranseevne | næringsklynger | interoeganisatoriske relasjoner | transaksjonskostnadsøkonomi,https://scholar.google.com/citations?hl=en&user=u_gHhTsAAAAJ
Miha Škerlavaj,University of Ljubljana School of Economics and Business; BI Norwegian Business School,ef.uni-lj.si,6860,innovation | creativity | learning | knowledge | organizational networks,https://scholar.google.com/citations?hl=en&user=tJJ7FPUAAAAJ
Hannah Snyder,BI - Norwegian Business School,bi.no,5781,service innovation | service marketing | customer creativity | health care,https://scholar.google.com/citations?hl=en&user=mpIOxKwAAAAJ
Carlos Velasco,BI Norwegian Business School,bi.no,5642,Multisensory experiences,https://scholar.google.com/citations?hl=en&user=oNe0-yQAAAAJ
Øystein D Fjeldstad,Professor BI Norwegian Business School,bi.no,5127,Value Creation | Organization Design | Business Models,https://scholar.google.com/citations?hl=en&user=69YoZmQAAAAJ
Svein S Andersen,BI Norwegian Business School,bi.no,4919,sosciology | management | political science,https://scholar.google.com/citations?hl=en&user=PZEUZ1wAAAAJ
Erling S Andersen,BI Norwegian Business School,bi.no,4394,Prosjektledelse,https://scholar.google.com/citations?hl=en&user=AcYQ5I8AAAAJ
Øyvind Norli,"Professor of Finance, BI Norwegian Business School",bi.no,4266,Corporate Finance | Empirical Asset Pricing,https://scholar.google.com/citations?hl=en&user=N2-cbWUAAAAJ
Erik B. Nes,"Professor, BI Norwegian Business School",bi.no,4252,International Marketing | Country of Origin | International Consumer Behavior | B2B Marketing,https://scholar.google.com/citations?hl=en&user=KDP9lNwAAAAJ
Ulf Henning Olsson,"Provost and Professor, BI Norwegian Business School",bi.no,4193,Multivariate Statistics | Structural Equation Modeling,https://scholar.google.com/citations?hl=en&user=k7nGD7sAAAAJ
Lars Glasø,"Professor of organizational psychology, BI Norwegian Business School",bi.no,4154,Leadership Emotion at work  Harrassment,https://scholar.google.com/citations?hl=en&user=5WvHJ4EAAAAJ
Christoph Lutz,BI Norwegian Business School,bi.no,4144,social media | sharing economy | human-machine communication | digital divide | privacy,https://scholar.google.com/citations?hl=en&user=KI9IybAAAAAJ
Astrid M Richardsen,"Professor Emerita, BI Norwegian Business School",bi.no,4141,workplace health and wellbeing | job stress | burnout | work engagement | women in management,https://scholar.google.com/citations?hl=en&user=ntBPsP8AAAAJ
Hilde C. Bjørnland,"Professor of Economics and Provost Research, BI Norwegian Business School",bi.no,3818,Applied Macroeconomics | Time Series | Monetary Policy | Oil Prices | Commodity Prices,https://scholar.google.com/citations?hl=en&user=avXsKgQAAAAJ
Line Lervik-Olsen,BI Norwegian Business School,bi.no,3818,marketing,https://scholar.google.com/citations?hl=en&user=g6VeMscAAAAJ
Peggy Simcic Brønn,BI Norwegian Business School,bi.no,3743,Public Relations | Reputation | Corporate Communication | Issues Management,https://scholar.google.com/citations?hl=en&user=qOOjggEAAAAJ
richard priestley,BI Norwegian Business School,bi.no,3647,Finance,https://scholar.google.com/citations?hl=en&user=BaFsLOsAAAAJ
Rune Jørgen Sørensen,"Professor of political economy, Department of Economics, Norwegian Business School - BI",bi.no,3622,public policy | political economy | health economics,https://scholar.google.com/citations?hl=en&user=9klYHmgAAAAJ
Øyvind Martinsen,Norwegian Business School,bi.no,3573,Organisational Psychology. Leadership,https://scholar.google.com/citations?hl=en&user=DjxDw4kAAAAJ
Nick Sitter,BI Norwegian Business School and Central European University,ceu.edu,3507,Energy policy | Party politics | Euroscpeticism | Nationalism | Terrorism,https://scholar.google.com/citations?hl=en&user=YUJ2QzkAAAAJ
Francesco Ravazzolo,BI Norwegian Business School and Free University of Bozen-Bolzano,unibz.it,3372,economics | econometrics | commodity prices | energy prices | oil prices,https://scholar.google.com/citations?hl=en&user=bXhwBAoAAAAJ
Christian Fieseler,"Professor for Corporate Communication, BI Norwegian Business School",bi.no,3323,Social Media | Internet & Society | Corporate Communication | Corporate Social Responsibility,https://scholar.google.com/citations?hl=en&user=0bwJB6YAAAAJ
Jan Terje Karlsen,"Professor, BI Norwegian Business School",bi.no,3126,Project management | risk management | stakeholder management | knowledge management,https://scholar.google.com/citations?hl=en&user=nwo1JGUAAAAJ
Øyvind Bøhren,Norwegian Business School (BI),bi.no,3089,Corporate finance | Corporate governance,https://scholar.google.com/citations?hl=en&user=4iAEw9gAAAAJ
Dagfinn Rime,"BI Norwegian Business School, Department of Financial Economics",bi.no,3026,International finance | microstructure | international money markets,https://scholar.google.com/citations?hl=en&user=mTv6ROIAAAAJ
Matilda Dorotic,BI Norwegian Business School,bi.no,3026,Marketing | Loyalty | Engagement | Artificial Intelligence,https://scholar.google.com/citations?hl=en&user=4bpOS78AAAAJ
Johan Olaisen,BI Norwegian Business School,bi.no,2997,Knowledge management | Information management | Leadership,https://scholar.google.com/citations?hl=en&user=AkM53k0AAAAJ
Vasilis Sarafidis,BI Norwegian Business School,bi.no,2927,econometrics | panel data analysis,https://scholar.google.com/citations?hl=en&user=qW31E44AAAAJ
Alfons van Marrewijk,… Construction Cultures / Delft University of Technology / BI Norwegian Business School / VU,vu.nl,2918,project studies | cultural change | inter-org collaboration | socio-materiality,https://scholar.google.com/citations?hl=en&user=mmR0CIMAAAAJ
geir gripsrud,"Professor Emeritus of Marketing, BI Norwegian Business School",bi.no,2907,Marketing | International Business,https://scholar.google.com/citations?hl=en&user=z9cYyG8AAAAJ
Espen R. Moen,BI Norwegian Business School,bi.no,2879,Economics,https://scholar.google.com/citations?hl=en&user=3W-309sAAAAJ
Lars Huemer,BI Norwegian Business School,bi.no,2804,Cooperative strategy,https://scholar.google.com/citations?hl=en&user=wLF6v3IAAAAJ
Mark Kriger,BI Norwegian Business School,bi.no,2659,strategic leadership | strategy process | organizational vision,https://scholar.google.com/citations?hl=en&user=8czmnKEAAAAJ
Johannes Brinkmann,BI Norwegian Business School,bi.no,2646,business ethics mm,https://scholar.google.com/citations?hl=en&user=PUkLUC4AAAAJ
Erlend Nybakk,Kristiania University College and BI Norwegian Business School,kristiania.no,2569,Professor of Innovation and entrepreneurship,https://scholar.google.com/citations?hl=en&user=FT4L3WQAAAAJ
Erik L. Olson,"Professor of Marketing, BI Norwegian Business School",bi.no,2550,Marketing | Consumer Behavior | Product Innovation | Marketing Communications,https://scholar.google.com/citations?hl=en&user=XbRqZjUAAAAJ
Ingunn Myrtveit,Norwegian Business School,bi.no,2517,Business Economics | Behavioural Economics | Software Economics,https://scholar.google.com/citations?hl=en&user=oGQSiOIAAAAJ
Christina GL Nerstad,Professor of Organizational Psychology at BI Norwegian Business School,bi.no,2415,motivation | work climate | stress and well-being,https://scholar.google.com/citations?hl=en&user=gw7ftf0AAAAJ
Debbie Harrison,Professor of Strategy at BI Norwegian Business School,bi.no,2372,Marketing and strategy,https://scholar.google.com/citations?hl=en&user=t6qZlIMAAAAJ
Carl Arthur Solberg,"Professor, BI Norwegian Business School",bi.no,2369,international marketing,https://scholar.google.com/citations?hl=en&user=ny-bMs4AAAAJ
Hanno Roberts,Norwegian Business School,bi.no,2177,Management Accounting & Control,https://scholar.google.com/citations?hl=en&user=K_Oe0AwAAAAJ
Sut I Wong,"… and Head of Department of Communication and Culture, BI Norwegian Business School",bi.no,2028,managing digitalization | digital labor | hybrid work | digital mindset beliefs,https://scholar.google.com/citations?hl=en&user=gh3Nfj0AAAAJ
Alessandra Luzzi,"BI Norwegian Business School, Department of Strategy and Entrepreneurship",bi.no,1969,Innovation | Entrepreneurship,https://scholar.google.com/citations?hl=en&user=2Gu31ggAAAAJ
Jon H. Fiva,"Professor of Economics, BI Norwegian Business School",bi.no,1939,Public economics | political economics | labor economics | applied econometrics | electoral systems,https://scholar.google.com/citations?hl=en&user=qQ0tajMAAAAJ
Randi Lunnan,BI Norwegian Business School,bi.no,1936,Strategy | International Management,https://scholar.google.com/citations?hl=en&user=4e9TZwUAAAAJ
paolo giordani,"Professor of Financial Econometrics, Norwegian Business School, Oslo",bi.no,1904,Financial Econometrics | Bayesian Inference | Machine Learning | Options,https://scholar.google.com/citations?hl=en&user=3r61E7kAAAAJ
petter nesser,Norwegian Defence Research Establishmen (FFI) and BI Norwegian Business School,ffi.no,1788,Jihadism in Europe | Terrorist Entrepreneurs | MENA Terrorism and Counterterrorism,https://scholar.google.com/citations?hl=en&user=n5RswP8AAAAJ
Ragnhild Silkoset,"Professor, BI Norwegian Business School",bi.no,1785,Counterfeits | Blockchain | interorganizational relations | pricing strategy,https://scholar.google.com/citations?hl=en&user=cfMhDgIAAAAJ
Nina Veflen,BI Norwegian Business School,bi.no,1717,Not Mentioned,https://scholar.google.com/citations?hl=en&user=IFo5TRQAAAAJ
Andreas Fagereng,BI Norwegian Business School /// Statistics Norway,bi.no,1704,Household Finance | Labor Economics | Macroeconomics,https://scholar.google.com/citations?hl=en&user=IrQ6LpsAAAAJ
Cathrine Filstad,… Norwegian Business School/The Norwegian Police University College/University of Tromsø,bi.no,1687,Organizational Learning | Leadership | Knowledge sharing | Power and Politics | Practice-based studies,https://scholar.google.com/citations?hl=en&user=2SZg51MAAAAJ
Thorvald Haerem (Hærem),BI Norwegian Business School,bi.no,1678,Management | organizational routines | learning | decision making | cognitive styles,https://scholar.google.com/citations?hl=en&user=cfOOi98AAAAJ
Marcus M. Larsen,Copenhagen Business School and BI Norwegian Business School,cbs.dk,1627,International business | Organizational design | Offshoring | Emerging market multinationals,https://scholar.google.com/citations?hl=en&user=J9dwzQMAAAAJ
Christian Riis,"Professor of economics, Norwegian Business School",bi.no,1598,Not Mentioned,https://scholar.google.com/citations?hl=en&user=swqefCEAAAAJ
Lena E. Bygballe,Associate Professor at BI Norwegian Business School,bi.no,1591,Not Mentioned,https://scholar.google.com/citations?hl=en&user=Hf9dg0wAAAAJ
Leif Anders Thorsrud,"Associate professor, BI Norwegian Business School",bi.no,1555,Macroeconomics | Energy economics | Econometrics | Forecasting | Machine Learning,https://scholar.google.com/citations?hl=en&user=GKiv-EcAAAAJ
Heidi Wiig,BI-Norwegian Business School,bi.no,1435,Innovation studies | regional development | sectoral analysis | innovation dynamics | global knowledge flows,https://scholar.google.com/citations?hl=en&user=W2m5qbUAAAAJ
per botolf maurseth,BI - Norwegian Business School,bi.no,1403,Not Mentioned,https://scholar.google.com/citations?hl=en&user=tkfGq94AAAAJ
John Christian Langli,"Professor of Business Economics, BI Norwegian Business School",bi.no,1330,Not Mentioned,https://scholar.google.com/citations?hl=en&user=dOzIvcsAAAAJ
eliane bucher,BI Norwegian Business School,bi.no,1287,digital labor | online platforms | sharing economy | authenticity,https://scholar.google.com/citations?hl=en&user=kxKvjUIAAAAJ
Gisle James Natvik,BI Norwegian Business School,bi.no,1268,Economics | macroeconomics | monetary economics | political economy | signalling,https://scholar.google.com/citations?hl=en&user=BW5169IAAAAJ
Tor J Larsen,"Professor emeritus, BI Norwegian Business School",BI.NO,1263,innovation | information systems | knowledge management | diffusion theory,https://scholar.google.com/citations?hl=en&user=5tkK9JcAAAAJ
Kim E van Oorschot,BI Norwegian Business School,bi.no,1236,system dynamics | project management | operations management | decision making | product development,https://scholar.google.com/citations?hl=en&user=e575J3MAAAAJ
Anton Gollwitzer,"Assistant Professor, BI Norwegian Business School",yale.edu,1166,Social Psychology,https://scholar.google.com/citations?hl=en&user=47vipP8AAAAJ
Arne Carlsen,"Professor, BI Norwegian Business School",bi.no,1150,Creativity & innovation | organizational change | qualitative inquiry | agency | imagination,https://scholar.google.com/citations?hl=en&user=uQrSVlkAAAAJ
Jørgen Juel Andersen,BI Norwegian Business School,bi.no,1145,Political economy | natural resource economics | macro economics,https://scholar.google.com/citations?hl=en&user=uCbJbBAAAAAJ
Geir Thompson,BI Norwegian Business School,bi.no,1111,organisational psychology | leadership | emotions in organisations | interpersonal mistreatment | narcissism,https://scholar.google.com/citations?hl=en&user=JKv06C0AAAAJ
Emilie Lapointe,BI Norwegian Business School,bi.no,1091,organizational behavior,https://scholar.google.com/citations?hl=en&user=3gaF3M0AAAAJ
Tore Bakken,BI Norwegian Business School and Inland Norway University of Applied Sciences,bi.no,1039,sociology | organization theory | systems theory,https://scholar.google.com/citations?hl=en&user=pjRajWoAAAAJ
Jan Ketil Arnulf,"Professor, BI Norwegian Business School",bi.no,1014,Organizational Psychology | Cross-cultural management | Psychology of Language,https://scholar.google.com/citations?hl=en&user=BxDOh8QAAAAJ
Bjørn Erik Mørk,"… , BI Norwegian Business School/Honorary Ass.Professor Warwick Business School",bi.no,1006,Practice-based studies | learning | innovation | technology | boundary work,https://scholar.google.com/citations?hl=en&user=9-q1r14AAAAJ
Birgitte Grøgaard,BI Norwegian Business School,bi.no,1001,International strategic management,https://scholar.google.com/citations?hl=en&user=fPhKZYwAAAAJ
Klemens Knöferle,"Associate Professor, BI Norwegian Business School",bi.no,975,marketing | consumer behaviour | multisensory perception | cognitive psychology | music,https://scholar.google.com/citations?hl=en&user=9IInY7oAAAAJ
Sheryl Winston Smith,"Associate Professor, BI Norwegian Business School",sherylwinstonsmith.com,961,Entrepreneurship | entrepreneurial finance | innovation | strategic management,https://scholar.google.com/citations?hl=en&user=MjICvSIAAAAJ
Jon Erland Lervik,BI Norwegian Business School,bi.no,959,Not Mentioned,https://scholar.google.com/citations?hl=en&user=g76PVtUAAAAJ
Alexander Buhmann,"Associate Professor, BI Norwegian Business School",bi.no,931,Corporate Responsibility | Corporate Reputation | Communication Management | Public Diplomacy,https://scholar.google.com/citations?hl=en&user=UcmJBDkAAAAJ
Rolv Petter Amdam,Professor BI Norwegian Business School,bi.no,855,business history | international business | economic history | global history,https://scholar.google.com/citations?hl=en&user=-0qtofoAAAAJ
Amir Sasson,"BI, Norwegian Business School",bi.no,820,strategic management | inequality | network theory,https://scholar.google.com/citations?hl=en&user=AYCLDMEAAAAJ
Caroline Ditlev-Simonsen,Professor BI Norwegian Business School,bi.no,799,Sustainability | Happiness | Wellbeing | CSR | Impact assessment,https://scholar.google.com/citations?hl=en&user=Fuh4-RwAAAAJ
charlotte ostergaard,BI Norwegian business school,bi.no,796,finance | economics,https://scholar.google.com/citations?hl=en&user=qic6_1kAAAAJ
Harald Øverby,"Provost for Student Learning, BI Norwegian Business School",bi.no,794,Digital economics | Internet Law | Optical networking | Network coding,https://scholar.google.com/citations?hl=en&user=lKfxaUEAAAAJ
Eric Martin Alexander Breit,Professor in management and organization at BI Norwegian Business School,bi.no,785,Organization | public administration | social policy,https://scholar.google.com/citations?hl=en&user=rdAWB7EAAAAJ
Tonny Stenheim,BI Norwegian Business School,bi.no,776,Financial accounting and management …,https://scholar.google.com/citations?hl=en&user=Chu9mZEAAAAJ
Suzanne van Gils,Associate Professor at BI Norwegian Business School,bi.no,775,Morality | Leadership | Ethical Leadership,https://scholar.google.com/citations?hl=en&user=0YHvhs4AAAAJ
Atle Nordli,Associate Professor at BI Norwegian Business School.,bi.no,775,Operations Management | Operations Research | Logistics | Business Analytics,https://scholar.google.com/citations?hl=en&user=oDNpwKgAAAAJ
Dag Morten Dalen,BI Norwegian Business School,bi.no,747,Microeconomics | Industrial organization | Health economics,https://scholar.google.com/citations?hl=en&user=K9otZFsAAAAJ
Genaro Sucarrat,BI Norwegian Business School,bi.no,706,Econometrics | Forecasting | Finance | Computing | Economic Philosophy,https://scholar.google.com/citations?hl=en&user=Dl6rqTsAAAAJ
Anna Swärd,BI Norwegian Business School,bi.no,705,interorganizational | alliances | trust | process | routines,https://scholar.google.com/citations?hl=en&user=Bco2hgYAAAAJ
Ella Getz Wold,"Assistant Professor, BI Norwegian Business School",bi.no,670,household finance | macrofinance | macroeconomics,https://scholar.google.com/citations?hl=en&user=y7RsRXwAAAAJ
Craig Aaen-Stockdale,"Senior Advisor, BI Norwegian Business School",bi.no,654,Psychology | Perception | Scholarly Publishing | Bibliometrics | Research Policy,https://scholar.google.com/citations?hl=en&user=c8VkWTdOk7gC
Tommy Sveen,Professor in Economics at Norwegian Business School,bi.no,637,Macroeconomics and monetary economics,https://scholar.google.com/citations?hl=en&user=DOFiergAAAAJ
Lars Erling Olsen,"Professor of Marketing, BI Norwegian Business School",bi.no,615,Marketing | Brand management | Advertising | Consumer Psychology,https://scholar.google.com/citations?hl=en&user=ptcbc00AAAAJ
Per Ingvar Olsen,Professor i innovasjon og økonomisk organisering ved BI Norwegian Business School,bi.no,601,innovasjon | økonomisk organisering | strategi | entreprenørskap,https://scholar.google.com/citations?hl=en&user=Fj7LLmkAAAAJ
Mats Glambek,"Associate professor, BI Norwegian Business School",bi.no,586,Work and organizational psychology | workplace bullying | ostracism,https://scholar.google.com/citations?hl=en&user=IHx_OqIAAAAJ
Tom-Reiel Heggedal,BI Norwegian Business School,bi.no,581,Economics,https://scholar.google.com/citations?hl=en&user=4rZdJ7YAAAAJ
Rutger van Oest,BI Norwegian Business School,bi.no,562,marketing | econometrics,https://scholar.google.com/citations?hl=en&user=Kzq8PKUAAAAJ
Birgit Helene Jevnaker,"Professor, Leadership and Organizational Behaviour, BI Norwegian Business School",bi.no,557,Design thinking | Entrepreneurship | Knowledge management | Innovation | Leadership,https://scholar.google.com/citations?hl=en&user=COepTRMAAAAJ
Ragnhild Kvålshaugen,Professor Chair BI Norwegian Business School,bi.no,524,Strategic change | knowledge management | relational leadership,https://scholar.google.com/citations?hl=en&user=xMbq4T0AAAAJ
Joe Viana,BI Norwegian Business School,bi.no,514,Health care | Operational Research | Simulation | System Dynamics | Discrete Event Simulation,https://scholar.google.com/citations?hl=en&user=Yha2QFUAAAAJ
Vegard Kolbjørnsrud,BI Norwegian Business School,bi.no,512,Strategy | organization design | governance | innovation | artificial intelligence,https://scholar.google.com/citations?hl=en&user=xvZ7yXkAAAAJ
Vegard H. Larsen,"Associate professor, BI Norwegian Business School",bi.no,500,Macroeconomics | Time Series Econometrics | Business Cycles | Machine Learning,https://scholar.google.com/citations?hl=en&user=4UbscQ8AAAAJ
Oyvind Kvalnes,"Associate Professor, BI Norwegian Business School",bi.no,494,ethics | leadership | moral psychology | fallibility,https://scholar.google.com/citations?hl=en&user=skBBETkAAAAJ
Anna Steen-Utheim,"LearningLab, Norwegian Business School",bi.no,483,feedback and assessment for learning | teaching and learning in higher education,https://scholar.google.com/citations?hl=en&user=y96FHxoAAAAJ
Shubin Lance Yu,BI Norwegian Business School,bi.no,474,Digital Communication | Consumer Behavior | Human-machine communication | Luxury Marketing | Marketing Communications,https://scholar.google.com/citations?hl=en&user=xzf50HcAAAAJ
Helene Loe Colman,"Professor of Strategy, BI Norwegian Business School",bi.no,469,M&A integration | Organizational identity | International Management,https://scholar.google.com/citations?hl=en&user=rt7EkXIAAAAJ
Jostein Tvedt,Institute of Transport Economics and BI Norwegian Business School,toi.no,457,Not Mentioned,https://scholar.google.com/citations?hl=en&user=iTrXkK0AAAAJ
Morten H. Abrahamsen,Associate Professor in Marketing at BI Norwegian Business School,bi.no,455,Business relationships and networks | managerial sensemaking and cognition,https://scholar.google.com/citations?hl=en&user=wnzA7X4AAAAJ
Leif Helland,"Professor, BI Norwegian Business School",bi.no,398,experimental economics | game theory | political economy,https://scholar.google.com/citations?hl=en&user=roOrocAAAAAJ
Saskia ter Ellen,Norges Bank & BI Norwegian business school,bi.no,398,financial markets | empirical asset pricing | monetary policy | financial stability | behavioral finance,https://scholar.google.com/citations?hl=en&user=60kcLEcAAAAJ
Harald Espeli,"BI Norwegian Business School,",bi.no,398,Norwegian economic and political history in …,https://scholar.google.com/citations?hl=en&user=gxk2uscAAAAJ
Stefan Worm,BI Norwegian Business School,bi.no,397,Marketing Strategy | B2B Marketing | Marketing-Finance,https://scholar.google.com/citations?hl=en&user=Viwn6WMAAAAJ
Steffen Grønneberg,Professor of Statistics at BI Norwegian Business School,bi.no,389,Statistics | Psychometrics | Econometrics,https://scholar.google.com/citations?hl=en&user=BY7W7QcAAAAJ
Bogdan Stacescu,BI Norwegian Business School,bi.no,384,corporate finance | corporate governance | banking | household finance,https://scholar.google.com/citations?hl=en&user=I0ql0IMAAAAJ
Sverre Tomassen,BI Norwegian Business School,bi.no,381,Not Mentioned,https://scholar.google.com/citations?hl=en&user=8HLsUUkAAAAJ
Riana Steen,Associate Professor BI Norwegian Business School,bi.no,370,Not Mentioned,https://scholar.google.com/citations?hl=en&user=kxIy1VMAAAAJ
Lina Daouk-Öyry,Associate Professor at BI Norwegian School of Business,bi.no,360,Organizational Psychology | Evidence-based Management | Personality Assessment | Individual Differences | Context Context Context,https://scholar.google.com/citations?hl=en&user=emc1RyoAAAAJ
Kari Einarsen,University of Bergen; BI Norwegian Business School,uib.no,359,Organizational behavior | business ethics | workplace bullying | hospitality,https://scholar.google.com/citations?hl=en&user=clYeHa0AAAAJ
Jon Bingen Sande,"BI Norwegian Business School, Department of Marketing",jbsande.com,353,Marketing strategy | Business-to-business marketing | interorganizational relationships,https://scholar.google.com/citations?hl=en&user=Y9e2UKcAAAAJ
Michael Kisser,"Associate Professor, BI Norwegian Business School",bi.no,352,Corporate Finance | Financial Reporting,https://scholar.google.com/citations?hl=en&user=2uShozEAAAAJ
Federico Gavazzoni,Associate Professor of Finance - BI Norwegian Business School,bi.no,345,Asset Pricing | Macroeconomics | International Finance | Monetary Policy,https://scholar.google.com/citations?hl=en&user=AZo-QLMAAAAJ
Simon Galle,"Associate Professor in Economics, BI Norwegian Business School",bi.no,340,International Trade | Development & Growth,https://scholar.google.com/citations?hl=en&user=m11FZ2IAAAAJ
David SA Guttormsen,"… , University of South-Eastern Norway & Adjunct Researcher (BI Norwegian Business School)",usn.no,334,International HRM | Cross-Cultural Management | Expatriate Management | Inclusion | Qualitative Methodology,https://scholar.google.com/citations?hl=en&user=bB0fhmIAAAAJ
Sverre Knutsen,Professor i økonomisk historie og business historie ved BI Norwegian Business School,bi.no,304,Økonomisk historie | Business historie | finanskriser | bank-og finanshistorie | veihistorie.,https://scholar.google.com/citations?hl=en&user=0OJWoiEAAAAJ
Ide Katrine Birkeland,Associate Professor at BI Norwegian Business School,bi.no,295,leadership training | performance management | citizenship behaviors | incivility | motivation,https://scholar.google.com/citations?hl=en&user=leDxFN4AAAAJ
Isaiah Hull,"Visiting Associate Professor of Finance, BI Norwegian Business School",bi.no,293,computational economics | machine learning | quantum computing,https://scholar.google.com/citations?hl=en&user=5ca--jYAAAAJ
Tore Bråthen,Professor i forretningsjus ved BI Norwegian Business School,bi.no,291,jus,https://scholar.google.com/citations?hl=en&user=XauyM3sAAAAJ
Hans-Martin Straume,BI Norwegian Business School,bi.no,284,International Trade | Seafood and Aquaculture | Econometrics,https://scholar.google.com/citations?hl=en&user=9OZ-sbsAAAAJ
Iván Alfaro,BI Norwegian Business School,bi.no,284,Finance | Uncertainty | Asset Pricing | International Finance,https://scholar.google.com/citations?hl=en&user=hsOcBD4AAAAJ
Erling Steigum,BI Norwegian School of Business,bi.no,262,Macroeconomics,https://scholar.google.com/citations?hl=en&user=Zg6ev9JzaGkC
Knut Sogner,"Professor of economic history, BI Norwegian Business School",bi.no,241,Innovation | economic history | business history,https://scholar.google.com/citations?hl=en&user=Leolf0UAAAAJ
Mona Solvoll,Associated professor BI Norwegian Business School,bi.no,234,journalism | social media | communication | newspaper | PR,https://scholar.google.com/citations?hl=en&user=Rclwg-cAAAAJ
Morten Kinander,"Professor of Law, the Norwegian Business School BI",bi.no,234,Law | Financial Regulation | Law and Politics | Securities Law,https://scholar.google.com/citations?hl=en&user=hqo5niwAAAAJ
Ragnvald Sannes,"Senior Lecturer, BI Norwegian Business School",bi.no,224,Innovation and digital technology | … enabled business models and practices | Digital transformation and digital maturity,https://scholar.google.com/citations?hl=en&user=wBCfuLwAAAAJ
John Chandler Johnson,BI Norwegian Business School,bi.no,205,Network-conditioned Learning | Disequilibrium Search | Network Dynamics | Computational and Mathematical Modeling,https://scholar.google.com/citations?hl=en&user=zJp0jgUAAAAJ
Sebastiano Lombardo,Adjunct Associate Professor BI Norwegian Business School,bi.no,199,Strategy as practice | co-creation of value | creative processes,https://scholar.google.com/citations?hl=en&user=ijU7jjgAAAAJ
Espen Andersen,"Associate Professor, BI Norwegian Business School",bi.no,192,strategy | technology | disruption | digitalization | analytics,https://scholar.google.com/citations?hl=en&user=JfzJKuUAAAAJ
Auke Hunneman,BI Norwegian Business School,bi.no,188,marketing | retailing | social networks | marketing analytics,https://scholar.google.com/citations?hl=en&user=JO3kA7MAAAAJ
Sven Klingler,BI Norwegian Business School,bi.no,184,Asset Pricing | Financial Frictions | Fixed Income Markets | Limits of Arbitrage | Hedge Funds,https://scholar.google.com/citations?hl=en&user=AwI2rzEAAAAJ
Pengfei Wang,BI Norwegian Business School,bi.no,175,Stategy | Innovation | and Entrepreneurship,https://scholar.google.com/citations?hl=en&user=6XER6UgAAAAJ
Erik Løhre,"Associate professor, BI Norwegian Business School",bi.no,172,Judgment and decision making | risk communication | environmental psychology,https://scholar.google.com/citations?hl=en&user=hvGQSw0AAAAJ
Samson Esayas,BI Norwegian Business School,bi.no,161,Law and tech: privacy and data protection | competition law,https://scholar.google.com/citations?hl=en&user=bzPuqfwAAAAJ
Morten Nordmo,Associate Professor BI Norwegian Business School,bi.no,157,Selection | Assessment | Sleep | Leadership | Personality,https://scholar.google.com/citations?hl=en&user=pKNOl6AAAAAJ
Costas Xiouros,BI Norwegian Business School,bi.no,153,Finance,https://scholar.google.com/citations?hl=en&user=WnjoZLQAAAAJ
Espen Ekberg,Professor at BI Norwegian Business School,bi.no,149,Business history | retail history | consumer co-operatives | maritime history | historiography,https://scholar.google.com/citations?hl=en&user=WBy61FYAAAAJ
Fabian Andsem Harang,"Associate Professor of Mathematics, BI Norwegian Business School",bi.no,142,Stochastic analysis | Rough path theory | Financial mathematics | Stochastic Partial differential equations,https://scholar.google.com/citations?hl=en&user=BgOf4TgAAAAJ
Haavard Koppang,BI Norwegian Business School,bi.no,140,Not Mentioned,https://scholar.google.com/citations?hl=en&user=jCza0QIAAAAJ
Magdalena Ivanovska,BI Norwegian Business School,bi.no,135,artificial intelligence | knowledge representation and reasoning | probabilistic reasoning | causality | judgment aggregation,https://scholar.google.com/citations?hl=en&user=bmr9hcYAAAAJ
Peder Inge Furseth,"Associate Professor of Innovation Management at BI Norwegian Business School, campus …",bi.no,133,Business models | service innovation | culture for innovation | digital transformation,https://scholar.google.com/citations?hl=en&user=0aFVv4kAAAAJ
Peter Kalum Schou,BI Norwegian Business School,bi.no,131,Entrepreneurship | Organization Theory | Digitalization | Online Communities,https://scholar.google.com/citations?hl=en&user=SLj0WNEAAAAJ
Eivind Eriksen,BI Norwegian Business School,bi.no,129,Mathematics,https://scholar.google.com/citations?hl=en&user=0Ju0kLIAAAAJ
Marit Sjøvaag,"Associate Professor, BI Norwegian Business School",bi.no,129,political science | climate policy | public procurement | political economy,https://scholar.google.com/citations?hl=en&user=Ds64iiIAAAAJ
Fábio Miessi Sanches,BI Norwegian Business School and Insper,Not Mentioned,122,Economics,https://scholar.google.com/citations?hl=en&user=8rcosPMAAAAJ
Kari Einarsen,associate Professor at BI Norwegian Business School,bi.no,106,business ethics | Workplace bullying | HRM | ethical infrastructure,https://scholar.google.com/citations?hl=en&user=sadfqJAAAAAJ
Ed Saiedi,BI Norwegian Business School & Harvard University,fas.harvard.edu,102,Entrepreneurship | Technological Innovation | Crowdfunding | Entrepreneurial Finance | Innovation Strategy,https://scholar.google.com/citations?hl=en&user=Pn3NdMgAAAAJ
Sverre August Christensen,BI Norwegian Business School,bi.no,95,Business history,https://scholar.google.com/citations?hl=en&user=bRRNHDoAAAAJ
Tarje Gaustad,"Associate professor, BI Norwegian Business School",bi.no,94,Marketing | consumer identity | brand strategy,https://scholar.google.com/citations?hl=en&user=pVRN1gQAAAAJ
Pamela Nowell,BI Norwegian Business School,bi.no,92,entrepreneurship | teams | relationships | trust | emotions,https://scholar.google.com/citations?hl=en&user=Zqi6qgsAAAAJ
Ola Innset,"… for Business History/Department of Law and Governance, BI Norwegian Business School",bi.no,83,Intellectual history | political economy | business history,https://scholar.google.com/citations?hl=en&user=5uKZhYkAAAAJ
Jan Kudlicka,"Associate Professor of Data Science, BI Norwegian Business School",bi.no,82,Probabilistic programming | Monte Carlo inference,https://scholar.google.com/citations?hl=en&user=mAh-KeQAAAAJ
Karl Harmenberg,"Postdoctoral fellow, BI Norwegian Business School",bi.no,80,Macroeconomics,https://scholar.google.com/citations?hl=en&user=i1xPvDoAAAAJ
Pål Nygaard,Forsker ved BI Norwegian Business School,bi.no,70,Not Mentioned,https://scholar.google.com/citations?hl=en&user=9unF8_EAAAAJ
Morten Juel Hansen,BI Norwegian Business School,bi.no,70,collective intelligence | general intelligence | mentalizing | experiments | process studies,https://scholar.google.com/citations?hl=en&user=coMX274AAAAJ
Federica De Molli,Associate Professor - BI Norwegian Business School,bi.no,67,organization theory | organizational aesthetics | workspace | creative industries | art market,https://scholar.google.com/citations?hl=en&user=ofmZnPAAAAAJ
Karim Tamssaouet,BI Norwegian Business School,bi.no,61,Operations Research | Industrial Engineering | Optimization | Scheduling | Semiconductor Manufacturing,https://scholar.google.com/citations?hl=en&user=5AqQhFsAAAAJ
Mads Nordmo Arnestad,The Norwegian Business School - BI,bi.no,57,Psychology | Management | Leadership | Organizational Behavior | Consumer Behavior,https://scholar.google.com/citations?hl=en&user=mU3qBSsAAAAJ
Per Ståle Knardal,"Associate Professor, BI Norwegian Business School",bi.no,56,Not Mentioned,https://scholar.google.com/citations?hl=en&user=LhUQ6xIAAAAJ
Per-Magnus Moe Thompson,BI Norwegian Business School,bi.no,55,Attachment theory | leadership | implicit theories | LMX,https://scholar.google.com/citations?hl=en&user=kBxgqTcAAAAJ
Dicle Berfin Köse,BI Norwegian Business School,bi.no,55,Social media | Gamification | Mobile technologies | Context-of-use | Habitual use,https://scholar.google.com/citations?hl=en&user=Vu3V0fsAAAAJ
Peter Jarnebrant,"Associate Professor, BI Norwegian Business School",bi.no,50,Marketing | Consumer Behavior | Economic Psychology | Judgment | Decision Making,https://scholar.google.com/citations?hl=en&user=mtT6_yQAAAAJ
Lars C. Bruno,Associate Professor Norwegian Business School,bi.no,50,Economic History | Development Economics | Resource Economics,https://scholar.google.com/citations?hl=en&user=mPoULj4AAAAJ
Renata Almeida,"PhD Student, BI Norwegian Business School",bi.no,50,Behavioural Finance | Household Finance | Corporate Finance,https://scholar.google.com/citations?hl=en&user=wqehweoAAAAJ
Jonatan Echebarria Fernández,"Associate Professor of Law (BI Norwegian Business School), Honorary Lecturer in Law (City",city.ac.uk,49,Private International Law | Maritime & Commercial Law | Environmental Law | EU law,https://scholar.google.com/citations?hl=en&user=dlqjxJQAAAAJ
Silvia Lavagnini,"Assistant Professor, BI Norwegian Business School",bi.no,47,Mathematical finance | Energy markets | Stochastic analysis | SPDEs | Deep learning,https://scholar.google.com/citations?hl=en&user=TeteBxkAAAAJ
Nhat Quang Le,"Associate Professor in Marketing, Marketing Department, BI Norwegian Business School",bi.no,45,consumer choice modelling | structural equation modelling | marketing communication effectiveness | marketing analytics | nonprofit,https://scholar.google.com/citations?hl=en&user=5lWT8lsAAAAJ
Erik Wilberg,BI Norwegian Business School,bi.no,43,Strategy | leadership | pedagogics | technology | media,https://scholar.google.com/citations?hl=en&user=4HNjkd8AAAAJ
Tohid Ghanbarpour,BI Norwegian Business School,bi.no,42,Innovation | Corporate Social Responsibility | Firm Capabilities | Marketing-Finance Interface,https://scholar.google.com/citations?hl=en&user=AMo60XEAAAAJ
Henrik Sigstad,BI Norwegian Business School,bi.no,41,political economy | law and economics,https://scholar.google.com/citations?hl=en&user=2_VlJiMAAAAJ
Erik Aadland,BI Norwegian Business School,bi.no,38,status | social networks | technological change,https://scholar.google.com/citations?hl=en&user=urimX-YAAAAJ
Eivind Furuseth,"Associate professor, Norwegian Business School",bi.no,37,National and international tax law | tax treaties | EU  and EEA law | company law,https://scholar.google.com/citations?hl=en&user=DhyJMsUAAAAJ
Mark Brown,"Associate professor, BI Norwegian Business School",bi.no,34,Not Mentioned,https://scholar.google.com/citations?hl=en&user=PKdnIYoAAAAJ
Tatyana Marchuk,BI Norwegian Business School,bi.no,34,Asset Pricing | Financial Intermediation,https://scholar.google.com/citations?hl=en&user=rvhgZxwAAAAJ
Jon Ellingsen,PhD Candidate in Economics at BI Norwegian Business School,Not Mentioned,33,Macroeconomics | Econometrics | Text Analysis,https://scholar.google.com/citations?hl=en&user=rKRNxj0AAAAJ
Wei-Ting Yang,BI Norwegian Business School,bi.no,33,Not Mentioned,https://scholar.google.com/citations?hl=en&user=0kGSfwwAAAAJ
Zhenyang Shi,BI Norwegian Business School,bi.no,31,Accounting,https://scholar.google.com/citations?hl=en&user=U89jfCoAAAAJ
Patrick Konermann,"Assistant Professor of Finance, BI Norwegian Business School",bi.no,30,Asset Pricing,https://scholar.google.com/citations?hl=en&user=e5aktQoAAAAJ
Daniel Kim,"Assistant Professor of Finance, BI Norwegian Business School",bi.no,29,ESG | empirical corporate finance | applied econometrics,https://scholar.google.com/citations?hl=en&user=N8M-x_IAAAAJ
Monica Viken,Professor of Law at BI Norwegian Business School,bi.no,28,Intellectual Property Law | Marketing Practice Litigation | Franchise | Contract Law,https://scholar.google.com/citations?hl=en&user=W_sKC5oAAAAJ
Giovanni Pagliardi,BI Norwegian Business School,bi.no,26,International Finance | Asset Pricing | Political Risk,https://scholar.google.com/citations?hl=en&user=JtbdbxUAAAAJ
Daniel Kinn,BI Norwegian Business School,bi.no,25,Machine Learning | Econometrics,https://scholar.google.com/citations?hl=en&user=uMy-W_0AAAAJ
Nathan Warren,"Marketing, BI Norwegian Business School",bi.no,24,Consumer Behavior | Service Marketing | Consumer Culture | Digital Tipping,https://scholar.google.com/citations?hl=en&user=s5S9eAoAAAAJ
Irina Eidsvold-Tøien,"Associate Professor, BI Norwegian Business School",bi.no,24,IP-law | copyright | acting | society | running,https://scholar.google.com/citations?hl=en&user=fKd1ViMAAAAJ
Cathrine von Ibenfeldt,BI Norwegian Business School,bi.no,23,Consumer Behavior | Information Processing | Neuromarketing,https://scholar.google.com/citations?hl=en&user=P7l1AsIAAAAJ
Akram Khalilov,BI Norwegian Business School,bi.no,23,Financial Accounting | Corporate Finance,https://scholar.google.com/citations?hl=en&user=RyVOjI8AAAAJ
Jonas Moss,"Assistant professor in statistics, BI Norwegian Business School",bi.no,22,philosophy of statistics | r programming | psychometrics | meta-analysis,https://scholar.google.com/citations?hl=en&user=3lGWBYcAAAAJ
Knut Myrum Næss,BI Norwegian Business School,bi.no,21,Sustainability | biofuels | middle eastern studies | hydropolitics,https://scholar.google.com/citations?hl=en&user=qhqeq7sAAAAJ
Stein Bjørnstad,"Associate Professor, BI Norwegian Business School",bi.no,21,Innovation | enterepreneurship,https://scholar.google.com/citations?hl=en&user=zEbNjJEAAAAJ
Oda Nedregård,"PhD Candidate in Economics, BI Norwegian Business School",bi.no,21,political economy | political selection | text analysis | inequality,https://scholar.google.com/citations?hl=en&user=7HrD6BgAAAAJ
Paul Labonne,BI Norwegian Business School,bi.no,18,Nowcasting,https://scholar.google.com/citations?hl=en&user=iZi7sdwAAAAJ
Thomas S. Gundersen,BI Norwegian Business School,bi.no,17,Macroeconomics | Energy Economics | Time series,https://scholar.google.com/citations?hl=en&user=BoqBAskAAAAJ
Frida Karine Feyer,PhD candidate at BI Norwegian Business School,bi.no,16,Organizational behaviour | motivation | psychology | clinical psychology | social cognition,https://scholar.google.com/citations?hl=en&user=FVJN0DsAAAAJ
Ann-Mari Lilleløkken,BI Norwegian Business School,bi.no,12,Positive Psychology | Organizational Psychology | Behavioural Science,https://scholar.google.com/citations?hl=en&user=9IJ8O-8AAAAJ
Jared Offei Lartey,BI Norwegian Business School,bi.no,11,Marketing | Services | Sustainability | Innovation | Consumer Culture,https://scholar.google.com/citations?hl=en&user=9JpJ6OsAAAAJ
Stephen Szaura,BI Norwegian School of Business,bi.no,11,Empirical Asset Pricing | Derivatives | Credit Risk | Fixed Income,https://scholar.google.com/citations?hl=en&user=j0LdZ6cAAAAJ
Jon Magnus Frostad Haakonsen,BI Norwegian Business School,bi.no,9,Organizational Behavior | Emotions | Clinical Psychology | Leadership,https://scholar.google.com/citations?hl=en&user=9LiHYJEAAAAJ
Lars Føleide,"PhD Impact Entrepreneurship, BI Norwegian Business School",IMU.org,8,Social Entrepreneurship | Impact Investing,https://scholar.google.com/citations?hl=en&user=-cEVXE0AAAAJ
Roberto Tubaldi,BI Norwegian Business School,bi.no,8,Corporate finance | asset management | climate finance | ESG,https://scholar.google.com/citations?hl=en&user=a0o7re4AAAAJ
Tong Zhang,BI Norwegian Business School,bi.no,8,Economic Sociology | Sociology of Religion | Sociology of Science | Philosophy of Social Science,https://scholar.google.com/citations?hl=en&user=vrln2pMAAAAJ
Atle Andreassen Raa,"Associate professor, BI Norwegian Business School",bi.no,7,Economic ideas | Business History | Ethics,https://scholar.google.com/citations?hl=en&user=y4_6-TkAAAAJ
Yujie Leng,BI Norwegian Business School,student.bi.no,6,Not Mentioned,https://scholar.google.com/citations?hl=en&user=RNN8VfUAAAAJ
Olav Soldal,PhD candidate in Strategy at BI Norwegian Business School,bi.no,6,Business Ecosystems | Sustainability | Institutional Theory | Circular Economy,https://scholar.google.com/citations?hl=en&user=Pcav7JIAAAAJ
Adam Winegar,Assistant Professor - BI Norwegian Business School,bi.no,5,Finance,https://scholar.google.com/citations?hl=en&user=XyWmvCcAAAAJ
Johannes Loh,BI Norwegian Business School,bi.no,5,platform strategy | platform economics | economics of digitization | online communities | strategic human capital,https://scholar.google.com/citations?hl=en&user=wTLvqgIAAAAJ
Arne Lyshol,"Lecturer, BI Norwegian Business School",bi.no,4,Labor economics | Macroeconomics | Panel methods,https://scholar.google.com/citations?hl=en&user=6oy_tpQAAAAJ
Ilka Ohlmer,PhD Candidate BI Norwegian Business School,bi.no,4,Workforce Differentiation | Talent Management | Compensation and Benefits | Performance Management,https://scholar.google.com/citations?hl=en&user=fA_wPCUAAAAJ
Inger Carin Erikson,Pedagogical senior advisor at BI Norwegian Business School,bi.no,3,Learning | teaching,https://scholar.google.com/citations?hl=en&user=fB1qUVYAAAAJ
Maximilian Schröder,"PhD candidate, BI Norwegian Business School",bi.no,3,Macroeconometrics | Macroeconomics | Monetary Policy,https://scholar.google.com/citations?hl=en&user=LaiodSQAAAAJ
Christian Andvik,BI Norwegian Business School,bi.no,2,Management Accounting | Management Control | Beyond Budgeting | Performance Management | Organizational Reform,https://scholar.google.com/citations?hl=en&user=wGREjDsAAAAJ
Bernt Rønningsbakk,"Associate Professor, BI Norwegian Business School",bi.no,2,Innovation | strategy | learning | creativity | innovation policy,https://scholar.google.com/citations?hl=en&user=EzWfpKQAAAAJ
Claus H. Jebsen,"PhD candidate, BI - Norwegian Business School, Department of Strategy and …",bi.no,2,Not Mentioned,https://scholar.google.com/citations?hl=en&user=LIqLiUwAAAAJ
Ioannis Pappas,"PhD Candidate in Marketing, BI Norwegian Business School",bi.no,2,Consumer Behavior,https://scholar.google.com/citations?hl=en&user=m8FdMO4AAAAJ
Jonas Hamang,PhD Candidate at Norwegian Business School BI,bi.no,2,Economic Development | Political Economy | Economic Geography,https://scholar.google.com/citations?hl=en&user=jee86LoAAAAJ
Linnea Lorentzen,Ph.D. candidate at BI Norwegian Business School,bi.no,2,International Trade | Labor Economics,https://scholar.google.com/citations?hl=en&user=Y4k7XDQAAAAJ
Linda Rademaker,BI Norwegian Business School,bi.no,1,Strategic alliances | internationalization | knowledge | innovation | emerging markets,https://scholar.google.com/citations?hl=en&user=tVBigMcAAAAJ
Audun Reiby,BI Norwegian Business  School,bi.no,1,Interorganizational Relationships | Strategic Alliances | Cross-Cultural Cooperation | International Relations,https://scholar.google.com/citations?hl=en&user=rLFtKNgAAAAJ
Atle Haugen,"Lecturer, BI Norwegian Business School",bi.no,1,Industrial Organization | Competition Economics | Digital Platforms,https://scholar.google.com/citations?hl=en&user=Maqxu5MAAAAJ
Felix Kapfhammer,BI Norwegian Business School,bi.no,1,Macroeconomics | Econometrics | Climate,https://scholar.google.com/citations?hl=en&user=7C68H-UAAAAJ
Victor Renza,BI Norwegian Business School,bi.no,1,Technology | Arts | Development | Sustainability,https://scholar.google.com/citations?hl=en&user=gqe5H_wAAAAJ
Corina Fehlner,BI Norwegian Business School,bi.no,1,Strategy | International Business | Sustainability | Circular Economy,https://scholar.google.com/citations?hl=en&user=EtfTDToAAAAJ
Maja Sørnes,BI Norwegian Business School,bi.no,Not Mentioned,Library and information science,https://scholar.google.com/citations?hl=en&user=2DPyUe0AAAAJ
Asja Bosnic,BI Norwegian Business School,student.bi.no,Not Mentioned,Asset pricing | AML | blockchain/cryptocurrency | carry trade | forex,https://scholar.google.com/citations?hl=en&user=DY5EszYAAAAJ
Espen Seidel,Phd Candidate BI Norwegian Business School,bi.no,Not Mentioned,Behavioural Finance,https://scholar.google.com/citations?hl=en&user=HARdZhwAAAAJ
Sebastian Shaqiri Johansson,"PhD student, BI Norwegian Business School",bi.no,Not Mentioned,Economics | econometrics,https://scholar.google.com/citations?hl=en&user=29-sGRYAAAAJ
Richard Markussen Rekdal,"PhD Candidate, BI Norwegian Business School",bi.no,Not Mentioned,Social psychology | Judgement and Decision Making | Organizational psychology,https://scholar.google.com/citations?hl=en&user=VSzhSK0AAAAJ
Yevhen Riabtsun,Master student at BI Norwegian Business School / Bachelor degree - NaUKMA,student.bi.no,Not Mentioned,FinTech | Finance Innovation,https://scholar.google.com/citations?hl=en&user=cGEM-oEAAAAJ
Hugo Firmo,BI Norwegian Business School,bi.no,Not Mentioned,Not Mentioned,https://scholar.google.com/citations?hl=en&user=oS2BDx0AAAAJ
Sai Prudhvi Neelakantam,BI Norwegian Business School,bi.no,Not Mentioned,Business Analytics,https://scholar.google.com/citations?hl=en&user=K8PsjnEAAAAJ
Max-Emil M. King,PhD Candidate in Economics at BI Norwegian Business School,bi.no,Not Mentioned,Not Mentioned,https://scholar.google.com/citations?hl=en&user=et0ayCQAAAAJ
Haien Ding,BI Norwegian Business School,bi.no,Not Mentioned,Organizational behavior | Research methodology,https://scholar.google.com/citations?hl=en&user=-eHLRSEAAAAJ
Andreas Farstad Moe,BI Norwegian Business School,bdo.no,Not Mentioned,Logistics | Economics,https://scholar.google.com/citations?hl=en&user=zfS-NxcAAAAJ
