Xinhua Bai,South Dakota School of Mines and Technology,sdsmt.edu,46134,astroparticle physics | cosmic rays | neutrino astronomy | nuclear physics,https://scholar.google.com/citations?hl=en&user=wmHzA7IAAAAJ
Hao Fong,South Dakota School of Mines and Technology,sdsmt.edu,20124,Electrospinning and Nanofibers,https://scholar.google.com/citations?hl=en&user=Up18E_sAAAAJ
Richard Schnee,South Dakota School of Mines and Technology,sdsmt.edu,11931,Particle Astrophysics | Dark Matter | Low-Background Physics,https://scholar.google.com/citations?hl=en&user=MC9gGb4AAAAJ
Zhengtao Zhu,South Dakota School of Mines,sdsmt.edu,10570,Materials | Nanotechnology | Nanoscience,https://scholar.google.com/citations?hl=en&user=x1LAYMYAAAAJ
Richard R. Sinden,South Dakota School of mines and technology,sdsmt.edu,9794,DNA Structure,https://scholar.google.com/citations?hl=en&user=-9zcjdgAAAAJ
Rajesh Sani,South Dakota School of Mines and Technology,sdsmt.edu,6429,Extremophilic Bioprocessing,https://scholar.google.com/citations?hl=en&user=03kNfycAAAAJ
Haiping Hong,South Dakota School of Mines and Technology,sdsmt.edu,4937,Carbon nano material | battery | composite | grease | fluids,https://scholar.google.com/citations?hl=en&user=FL1paSgAAAAJ
Roger Nielsen,"Research Scientist, South Dakota School of Mines and Professor Emeritus of Geology …",sdsmt.edu,4421,geochemistry | petrology | trace elements | experimental,https://scholar.google.com/citations?hl=en&user=Cpq2jBYAAAAJ
Tula R. Paudel,South Dakota School of Mines and Technology,sdsmt.edu,4092,Computational Condensed Matter Physics | Materials Science | Nanoscience | Energy Science | Spintronics,https://scholar.google.com/citations?hl=en&user=-j73CfYAAAAJ
Alexey Lipatov,"Assistant Professor, South Dakota School of Mines and Technology, University of Nebraska …",sdsmt.edu,3747,Nanoelectronics | 2D materials | Sensors | Ferroelectrics | MXenes,https://scholar.google.com/citations?hl=en&user=KJwvF-sAAAAJ
Gleb Sinev,"Postdoctoral Researcher, South Dakota School of Mines & Technology",sdsmt.edu,3517,neutrino physics | dark matter,https://scholar.google.com/citations?hl=en&user=W5tbSYYAAAAJ
Roman Shchepin,"Assistant Professor, South Dakota School of Mines & Technology (SDSM&T)",sdsmt.edu,3412,Hyperpolarization | Organic Chemistry | Isotopic Labeling | Molecular Imaging | Cancer Imaging,https://scholar.google.com/citations?hl=en&user=U4AZlv8AAAAJ
Parthiba Karthikeyan Obulisamy,"Research Scientist, South Dakota School of Mines and Technology",sdsmt.edu,3302,Landfills | anaerobic digestion | methane oxidation | bioleaching | composting and bio-reactor engineering,https://scholar.google.com/citations?hl=en&user=WY9VjqkAAAAJ
Yong Zhao,South Dakota School of Mines and Technology,sdsmt.edu,2914,Electrospun Nanomaterials and their …,https://scholar.google.com/citations?hl=en&user=hvhUkNoAAAAJ
Brian M. Barth,South Dakota School of Mines and Technology,sdsmt.edu,2797,sphingolipids | cancer | drug discovery,https://scholar.google.com/citations?hl=en&user=8iRXGKoAAAAJ
Alevtina Smirnova,Associate Professor South Dakota School of Mines and Techology,sdsmt.edu,2672,energy,https://scholar.google.com/citations?hl=en&user=D74z96wAAAAJ
Curtis Price,"Lecturer, South Dakota School of Mines & Technology",sdsmt.edu,2621,GIS | elevation | hydrography | GIS science,https://scholar.google.com/citations?hl=en&user=mHUTiZQAAAAJ
Jon Kellar,"Professor of Materials and Metallurgical Engineering, South Dakota School of Mines and …",sdsmt.edu,2580,Illicit Economy | Mineral Processing | Security Printing | Materials Science | Metallurgical Engineering,https://scholar.google.com/citations?hl=en&user=_Hv7X_YAAAAJ
Rajesh V. Shende,"Professor, Chemical and Biological Engineering, South Dakota School of Mines & …",sdsmt.edu,2543,Renewable/sustainable energy | catalysis for energy | H2 from water-splitting | biofuels | thin-films/sensors.,https://scholar.google.com/citations?hl=en&user=re0frv0AAAAJ
Timothy Masterlark,South Dakota School of Mines,sdsmt.edu,2529,Finite Element Models | Inverse Methods | Poroelastic | Earthquake deformation | Volcano deformation,https://scholar.google.com/citations?hl=en&user=7MOnAa0AAAAJ
"Gadhamshetty Venkataramana, PhD, PE","Professor, South Dakota School of Mines and Technology",sdsmt.edu,2390,2D Materials | Biofilms | Bio-electrochemistry | Microbial Corrosion | Wastewater Treatment,https://scholar.google.com/citations?hl=en&user=OGPod8MAAAAJ
Steve Smith,South Dakota School of Mines and Technology,sdsmt.edu,2323,nanophotonics | nonlinear optics | imaging,https://scholar.google.com/citations?hl=en&user=eFX5DXIAAAAJ
David R. Salem,"Professor/Center Director, South Dakota School of Mines and Technology",sdsmt.edu,2262,Polymer Physics | Polymer Processing | Composites and Nanocomposites,https://scholar.google.com/citations?hl=en&user=weBPGEYAAAAJ
Lori  J. Groven,"Associate Professor, South Dakota School of Mines and Technology",sdsmt.edu,2239,multiphase combustion - tailored energetic …,https://scholar.google.com/citations?hl=en&user=wGX3_iEAAAAJ
Prasoon K. Diwakar,South Dakota School of Mines and Technology,sdsmt.edu,2064,LIBS | Plasma | Spectroscopy | Aerosol | STEM,https://scholar.google.com/citations?hl=en&user=uIYFyLkAAAAJ
Weibing Xing,"Professor of Mechanical Engineering, South Dakota School of Mines & Technology",Not Mentioned,2064,Energy Storage,https://scholar.google.com/citations?hl=en&user=cSYizO0AAAAJ
Jingbo Wang,South Dakota School of Mines and Technology,sdsmt.edu,1998,High energy physics | Neutrino physics experiment | Nuclear physics | Radiation detection,https://scholar.google.com/citations?hl=en&user=Au86MpAAAAAJ
Liangping Li,"Associate Professor of Hydrogeology, South Dakota School of Mines",sdsmt.edu,1621,Upscaling | Inverse problem | Geostatistics | Machine Learning | Hydrogeology,https://scholar.google.com/citations?hl=en&user=91Yn_moAAAAJ
Grant Crawford,South Dakota School of Mines and Technology,sdsmt.edu,1600,Not Mentioned,https://scholar.google.com/citations?hl=en&user=89rmwLYAAAAJ
Kyle W. Knight,South Dakota School of Mines and Technology,sdsmt.edu,1564,Not Mentioned,https://scholar.google.com/citations?hl=en&user=D0ndmwIAAAAJ
James Stone,South Dakota School of Mines and Technology,sdsmt.edu,1539,Environmental Engineering | Life Cycle Assessment Modeling | Contaminant Fate and Transport,https://scholar.google.com/citations?hl=en&user=JfD14B0AAAAJ
Vladimir  L Sobolev,"Professor of Physics, South Dakota School of Mines and Technology",sdsmt.edu,1521,Condensed Matter Physics,https://scholar.google.com/citations?hl=en&user=VgygIsAAAAAJ
Rudrajit Mitra,South Dakota School of Mines & Technology,sdsmt.edu,1392,Mine Geomechanics | Advanced Mining Technologies | Mining Systems | Virtual Reality/Augmented Reality | Innovation in Learning & Tea,https://scholar.google.com/citations?hl=en&user=tOJMUmgAAAAJ
Pierre Larochelle,"Dept. Head of Mechanical Enginering, South Dakota School of Mines & Technology",sdsmt.edu,1365,Kinematics | Mechanisms | Robotics,https://scholar.google.com/citations?hl=en&user=zRnq2QQAAAAJ
Karen Braman,"Professor of Mathematics, South Dakota School of Mines",sdsmt.edu,1334,numerical linear algebra,https://scholar.google.com/citations?hl=en&user=hFOvoVMAAAAJ
Kevin M. Ward,"Assistant Professor of Geology and Geological Engineering, South Dakota School of Mines …",sdsmt.edu,1322,Tectonics | Seismology | Geophysics | Observational Seismology | Orogenic Systems,https://scholar.google.com/citations?hl=en&user=4iGLIzoAAAAJ
Laurie C. Anderson,"Professor of Geology and Geological Engineering, South Dakota School of Mines and …",sdsmt.edu,1245,paleobiology | paleoecology | taphonomy,https://scholar.google.com/citations?hl=en&user=EEPEjiAAAAAJ
Shan Zhou,South Dakota School of Mines and Technology,sdsmt.edu,1232,Nanoscience | Biomedical Engineering | Surface Chemistry | Self-Assembly | Atomic Force Microscopy,https://scholar.google.com/citations?hl=en&user=CuG28Q8AAAAJ
Roger W. Johnson,South Dakota School of Mines & Technology,sdsmt.edu,1225,Statistics | Probability | Pedagogy,https://scholar.google.com/citations?hl=en&user=TJHD5OAAAAAJ
Mengyu Qiao,South Dakota School of Mines and Technology,sdsmt.edu,1200,Information Security | Multimedia Processing | Digital Forensics | Artificial Intelligence | Mobile Computing,https://scholar.google.com/citations?hl=en&user=4f6WKvwAAAAJ
ilke celik,"Assistant Professor, South Dakota School of Mines & Technology",sdsmt.edu,1158,Life cycle assessment | Solar energy | Food-energy-water nexus | Anaerobic treatment | Air quality,https://scholar.google.com/citations?hl=en&user=gow7TpMAAAAJ
Micah Lande,"Assistant Professor, South Dakota School of Mines & Technology",sdsmt.edu,1140,user-centered design | design thinking | maker educational pathways | engineering education | prototyping habits,https://scholar.google.com/citations?hl=en&user=MPA1PY0AAAAJ
Phil Ahrenkiel,South Dakota School of Mines and Technology,Not Mentioned,1118,Microstructure of Phototovoltaic Materials,https://scholar.google.com/citations?hl=en&user=Ng0xVZIAAAAJ
Randy Hoover,"Associate Professor of Computer Science & Engineering, South Dakota School of Mines and …",sdsmt.edu,1077,Machine learning | control theory | dynamic systems | robotics | autonomous systems,https://scholar.google.com/citations?hl=en&user=KX9_5_IAAAAJ
Larry D. Pyeatt,South Dakota School of Mines and Technology (SDSMT),sdsmt.edu,1063,Robotics | Reinforcement Learning | Partially Observable Markov Decision … | Artificial Intelligence,https://scholar.google.com/citations?hl=en&user=TnO6kBgAAAAJ
Nickolaus M. Bruno,South Dakota School of Mines and Technology,sdsmt.edu,907,Magnetic Materials | Scientific Instruments | Multi-functional Systems,https://scholar.google.com/citations?hl=en&user=drUV_Y4AAAAJ
Madan Timalsina,"PhD candidate, South Dakota school of Mines and technology",mines.sdsmt.edu,885,LZ Dark Matter | High energy Physics | Radiation Detection & Measurement | Nuclear and Particle Physics | Simulation & Data Analysis,https://scholar.google.com/citations?hl=en&user=znRuvrsAAAAJ
"Congzhou Wang, Nanoscience and Nanoengineering",South Dakota School of Mines and Technology,sdsmt.edu,877,Nanotechnology | Biophysics | Atomic Force Microscopy | Plasmonic Biosensor | Metal-organic Framework,https://scholar.google.com/citations?hl=en&user=5hZeCp0AAAAJ
William J Capehart,South Dakota School of Mines and Technology,sdsmt.edu,853,Meteorology | Climate Change | Hydrology,https://scholar.google.com/citations?hl=en&user=9leGGzMAAAAJ
Tao Ye,"… , Department of Civil and Environmental Engineering, South Dakota School of Mines",sdsmt.edu,819,Catalysis | Environmental Chemistry | Disinfection Byproducts,https://scholar.google.com/citations?hl=en&user=X7Os3KIAAAAJ
Khosro Shahbazi,"Associate Professor of Mechanical Engineering, South Dakota School of Mines and …",sdsmt.edu,817,… numerical methods for compressible two-fluid … | photoacoustics and laser heating of …,https://scholar.google.com/citations?hl=en&user=8IwZS9YAAAAJ
Mengistu Geza,South Dakota School of Mines and Technology,sdsmt.edu,784,Water resources | Environmental engineering,https://scholar.google.com/citations?hl=en&user=ZS1EgUIAAAAJ
Shaobo Huang,South Dakota School of Mines & Technology,sdsmt.edu,780,STEM Education,https://scholar.google.com/citations?hl=en&user=8et12u8AAAAJ
Albert Romkes,South Dakota School of Mines and Technology,sdsmt.edu,740,computational mechanics | applied mathematics | computational mathematics,https://scholar.google.com/citations?hl=en&user=8H28DBkAAAAJ
Chunhui Chen,South Dakota School of Mines and Technology: CAPE,fiu.edu,724,LIB | supercapacitor | energy storage | 2D materials | LTO,https://scholar.google.com/citations?hl=en&user=HGSvJ2IAAAAJ
Govinda Chilkoor,Ph.D. South Dakota School of Mines and Technology,adm.com,665,Microbial Induced corrosion | Biotechnology | Nano scale Graphene coating | Electrochemistry | Environmental engineering,https://scholar.google.com/citations?hl=en&user=eGMpitoAAAAJ
Tsvetanka Filipova,South Dakota School of Mines and Technology,sdsmt.edu,644,Not Mentioned,https://scholar.google.com/citations?hl=en&user=ig6kkSMAAAAJ
Timothy M. Brenza,"… , Department of Chemical and Biological Engineering, South Dakota School of Mines",sdsmt.edu,640,Not Mentioned,https://scholar.google.com/citations?hl=en&user=R68nxaQAAAAJ
Kurt Chowanski,"Research Scientist, South Dakota School of Mines and Technology",sdsmt.edu,635,Not Mentioned,https://scholar.google.com/citations?hl=en&user=4TaigUYAAAAJ
Sarah W. Keenan,"Dept. of Geology and Geological Engineering, South Dakota School of Mines & Technology",sdsmt.edu,531,geobiology | geochemistry | biogeochemistry | paleontology | soils,https://scholar.google.com/citations?hl=en&user=yZFORZwAAAAJ
Ram Nageena Singh,South Dakota School of Mines and Technology,sdsmt.edu,503,Microbiology | Genomics | Metagenomics | Bioinformatics | Extreme environments,https://scholar.google.com/citations?hl=en&user=D7veM4sAAAAJ
Lance Roberts,South Dakota School of Mines,sdsmt.edu,456,Reliability-based design,https://scholar.google.com/citations?hl=en&user=7BH9brAAAAAJ
Greg Christensen,South Dakota School of Mines,mines.sdsmt.edu,424,Physical Chemistry / NanoScience …,https://scholar.google.com/citations?hl=en&user=gQKNgiQAAAAJ
Travis W. Walker,"Department of Chemical and Biological Engineering, South Dakota School of Mines and …",sdsmt.edu,423,Transport | Rheology | Complex Fluids | Soft Solids | Diffuse Interfaces,https://scholar.google.com/citations?hl=en&user=rhn52owAAAAJ
Jawahar Raj Kalimuthu,"Research Scientist III, South Dakota School of Mines and Technology",sdsmt.edu,409,Biofilm Engineering | Extracellular electron transfer | Algal Biotechnology | Methanotrophs | Thermophiles,https://scholar.google.com/citations?hl=en&user=tronDlAAAAAJ
Heidi Sieverding,South Dakota School of Mines,sdsmt.edu,404,Not Mentioned,https://scholar.google.com/citations?hl=en&user=v28K6DsAAAAJ
Cassandra M Birrenkott,South Dakota School of Mines and Technology,sdsmt.edu,402,Polymer and Composite Joining and …,https://scholar.google.com/citations?hl=en&user=qHErYEIAAAAJ
Tugba Ozdemir,South Dakota School of Mines and Technology,sdsmt.edu,400,Regenerative Engineering,https://scholar.google.com/citations?hl=en&user=81-hru4AAAAJ
firas slewa,South Dakota School of Mines and Technology,Not Mentioned,393,Not Mentioned,https://scholar.google.com/citations?hl=en&user=5i1Ra-sAAAAJ
"Sayan Roy, Ph.D.","Assistant Professor, EECS, South Dakota Mines; Affiliate: Department of Medicine, Mayo …",sdsmt.edu,391,Conformal Antennas | RF Sensors | Wireless Power Transfer | Electromagnetic Compatibility | Microwave Imaging,https://scholar.google.com/citations?hl=en&user=fZLLj7UAAAAJ
Bret Nils Lingwall,"Associate Professor, South Dakota School of Mines and Technology",sdsmt.edu,391,Geotechnical Engineering | Earthquake Engineering | Microbial bio-cement | fault rupture | EPS Geofoam,https://scholar.google.com/citations?hl=en&user=CLnPbGcAAAAJ
Christer Karlsson,South Dakota School of Mines & Technology,sdsmt.edu,386,Not Mentioned,https://scholar.google.com/citations?hl=en&user=39TNxhMAAAAJ
Christopher R Shearer,"… Professor, Department of Civil & Environmental Engineering, South Dakota School of Mines",sdsmt.edu,374,Civil Engineering | Concrete | Fly Ash,https://scholar.google.com/citations?hl=en&user=ajWqJfUAAAAJ
Karthigeyan CP,South Dakota School of Mines and Technology,sdsmt.edu,373,Methane Remediation | Methanotrophs | Biopolymers,https://scholar.google.com/citations?hl=en&user=JkHMxZcAAAAJ
Long Zhao,"Assistant Professor of Electrical Engineering, South Dakota School of Mines and …",sdsmt.edu,371,Power and Energy systems | Demand Response | AMI Data Analytics | Electric Arc Detection,https://scholar.google.com/citations?hl=en&user=L6DOMToAAAAJ
Scott T Wood,"Assistant Professor of Nanoscience and Nanoengineering, South Dakota School of Mines …",sdsmt.edu,358,cellular biomechanics | mechanobiology | tissue engineering | cytoskeleton,https://scholar.google.com/citations?hl=en&user=DVT3aRIAAAAJ
Dr. Bharat Jasthi,"… Professor, Materials and Metallurgical Engineering, South Dakota School of Mines (SDSMT …",sdsmt.edu,343,Friction Stir Welding and Processing | Additive Manufacturing | and Surface Engineering,https://scholar.google.com/citations?hl=en&user=_QtrzBYAAAAJ
Hadi Fekrmandi,Assistant Professor at South Dakota School of Mines,sdsmt.edu,287,Control Theory | Autonomous Systems | Mechatronics,https://scholar.google.com/citations?hl=en&user=mZ9kIBkAAAAJ
KE ArunKumar,South Dakota School of Mines and Technology,mines.sdsmt.edu,264,Machine Learning | Deep Learning | Data Analytics | Chemical Engineering,https://scholar.google.com/citations?hl=en&user=7W3mSU4AAAAJ
Obiora Onyilagha,South Dakota School of Mines and Technology,mines.sdsmt.edu,240,Micro and Nanotechnology | Flexible and Wearable electronics | Bioelectronics | Biosensors,https://scholar.google.com/citations?hl=en&user=8JeamOUAAAAJ
Zeynep Oner Baran,South Dakota School of Mines and Technology,sdsmt.edu,235,Structural Geology | Tectonics,https://scholar.google.com/citations?hl=en&user=zYQr7skAAAAJ
Adam J. French,South Dakota School of Mines and Technology,sdsmt.edu,214,thunderstorms | severe convective storms | mesoscale meteorology,https://scholar.google.com/citations?hl=en&user=a_cYfZYAAAAJ
Andrea Brickey,"Associate Professor of Mining Engineering, South Dakota School of Mines and Technology",sdsmt.edu,179,Mine planning | mine systems | optimization,https://scholar.google.com/citations?hl=en&user=_FN0TEQAAAAJ
Abu Md Numan-Al-Mobin,South Dakota School of Mines & Technology,sdsmt.edu,177,Antennas and Wave Propagation | Microwave Devices | Materials Engineering,https://scholar.google.com/citations?hl=en&user=-eAAuSkAAAAJ
Martha Garlick,"Assistant Professor of Mathematics, South Dakota School of Mines",sdsmt.edu,176,Mathematics | Math Biology | Math Ecology,https://scholar.google.com/citations?hl=en&user=ASbHdnsAAAAJ
Mohammadreza Mehrabian,South Dakota School of Mines and Technology,sdsmt.edu,174,Cyber-Physical Systems | Connected Autonomous Vehicle (CAV) | Run-time Verification | Temporal Logic,https://scholar.google.com/citations?hl=en&user=tcp5wwUAAAAJ
Vinod Singh Amar,South Dakota School of Mines and Technology,sdsmt.edu,173,Chemical and Biological Engineering | Renewable and Sustainable Energy | Bio and alternative fuels | Catalysis | Process Control and,https://scholar.google.com/citations?hl=en&user=mFSTG70AAAAJ
David Waterman,South Dakota School of Mines and Technology,sdsmt.edu,172,River mechanics | environmental hydraulics,https://scholar.google.com/citations?hl=en&user=SffyQ1AAAAAJ
Bhuvan Vemuri,South Dakota School of Mines and Technology,mines.sdsmt.edu,169,Wastewater Treatment,https://scholar.google.com/citations?hl=en&user=Z4kyTFIAAAAJ
Anuradha Shende,South Dakota School of Mines and Technology,sdsmt.edu,168,life sciences. biosensor | energy,https://scholar.google.com/citations?hl=en&user=k31vFIkAAAAJ
Leila Sorkhi,"Research Scientist, South Dakota School of Mines and Technology",sdsmt.edu,153,Not Mentioned,https://scholar.google.com/citations?hl=en&user=jG1fhDYAAAAJ
Kelli McCormick,South Dakota School of Mines and Technology,sdsmt.edu,150,Not Mentioned,https://scholar.google.com/citations?hl=en&user=XozbKA4AAAAJ
John R. Dreyer,Associate Professor of Political Science-South Dakota School of Mines,sdsmt.edu,143,International Security | Small State Security | Military Advising and Assistance Missions | Military History,https://scholar.google.com/citations?hl=en&user=ZMBe6OkAAAAJ
Hyeong Suk Na,"Ervin Pietz Assistant Professor, South Dakota School of Mines and Technology",sdsmt.edu,142,Stochastic Optimization | Artificial Intelligence | Geospatial Intelligence | Network Science | Agent-based Simulation,https://scholar.google.com/citations?hl=en&user=xXZI57sAAAAJ
Nan Zheng,"Nanoscience & Nanoengineering, South Dakota School of Mines and Technology",mines.sdsmt.edu,141,Transmission Electron Microscopy | Metal-organic Chemical Vapor Deposition | III-V semiconductor materials,https://scholar.google.com/citations?hl=en&user=zrV-BOYAAAAJ
Jinyuan Liu,South Dakota School of Mines and Technology,mines.sdsmt.edu,132,Not Mentioned,https://scholar.google.com/citations?hl=en&user=5beWJvcAAAAJ
Darrin Pagnac,"Vertebrate Paleontology, South Dakota School of Mines and Technology",sdsmt.edu,128,Equid palaeoecology | Miocene palaeoecology | field education,https://scholar.google.com/citations?hl=en&user=x1ZULOgAAAAJ
gulam sumdani,"Mechanical Engineering, South Dakota School of Mines and Technology",s.unikl.edu.my,124,Battery technology | Polymer composites | Energy storage systems,https://scholar.google.com/citations?hl=en&user=yE8wSEIAAAAJ
Todd Curtis,South Dakota School of Mines and Technology,sdsmt.edu,92,Solid State Joining,https://scholar.google.com/citations?hl=en&user=YIgr6QcAAAAJ
Ding Lou,South Dakota School of Mines and Technology,mines.sdsmt.edu,92,carbon nanomaterials,https://scholar.google.com/citations?hl=en&user=BgofcuwAAAAJ
Christy Tidwell,"Associate Professor, South Dakota School of Mines & Technology",sdsmt.edu,90,Speculative fiction | environmental studies | animal studies | gender studies | 20th and 21st century American literature,https://scholar.google.com/citations?hl=en&user=2CIy8A4AAAAJ
Trevor Waldien,South Dakota School of Mines and Technology,sdsmt.edu,85,Tectonics | Structural geology | Thermochronometry | Cordilleran Geology,https://scholar.google.com/citations?hl=en&user=9FWyjMEAAAAJ
Kayla Pritchard,"Associate Professor of Sociology, South Dakota School of Mines and Technology",sdsmt.edu,82,motherhood | family | gender | sexuality | mental health,https://scholar.google.com/citations?hl=en&user=p2R0DSIAAAAJ
Maryam Amouamouha,South Dakota School of Mines and Technology,mines.sdsmt.edu,73,Wastewater Treatment | Membrane Technology | Nanocomposites Membranes | Biofilm Rheology,https://scholar.google.com/citations?hl=en&user=3864NnMAAAAJ
Ankit Jha,South Dakota School of Mines and Technology,unr.edu,71,Mine Ventilation Engineering | Mine Planning | Machine Learning in Mining,https://scholar.google.com/citations?hl=en&user=shb-yZYAAAAJ
Nhu Y Mai,"MSc Student, Chemical Engineering, South Dakota School of Mines and Technology",mines.sdsmt.edu,71,cell and molecular biology | cancer | drug delivery,https://scholar.google.com/citations?hl=en&user=v0iFNGcAAAAJ
Md Sazadul Hasan,"Research Assistant, South Dakota School of Mines and Technology",stamforduniversity.edu.bd,70,Subsurface contaminant transport | Water quality assessment and treatment | Stormwater management,https://scholar.google.com/citations?hl=en&user=1gYqNiYAAAAJ
Jacob B Petersen,"Materials Engineering and Science, South Dakota School of Mines and Technology",sdsmt.edu,65,Materials Science | Nanomaterials | Nanoparticles | Synthesis | Composites,https://scholar.google.com/citations?hl=en&user=4esVgMgAAAAJ
Sushma Priyanka Karanam,South Dakota School of Mines and Technology,sdsmt.edu,65,2D Materials | Material characterization | Failure analysis,https://scholar.google.com/citations?hl=en&user=navpFAgAAAAJ
Erica Haugtvedt,South Dakota School of Mines & Technology,sdsmt.edu,62,seriality | Victorian | fan studies | narrative theory | transfictionality,https://scholar.google.com/citations?hl=en&user=NtSOh0QAAAAJ
Md Wahidul Hasan,South Dakota School of Mines and Technology,mines.sdsmt.edu,60,Energy Storage | Renewable Energy | Machine Learning,https://scholar.google.com/citations?hl=en&user=WNwgK3sAAAAJ
Joseph John Thalakkottor,South Dakota School of Mines and Technology,sdsmt.edu,57,contact line dynamics | molecular dynamics | multiphase flows,https://scholar.google.com/citations?hl=en&user=ZU_NR48AAAAJ
Nathaniel S. Fox,South Dakota School of Mines and Technology,sdsmt.edu,41,Quaternary paleontology | small mammal paleoecology | collections management,https://scholar.google.com/citations?hl=en&user=5LYJx-oAAAAJ
Richard Amoako,"PhD candidate, South Dakota School of Mines and Technology",mines.sdsmt.edu,40,Underground production schedule … | Geostatistics | Machine learning | Mining engineering,https://scholar.google.com/citations?hl=en&user=rQusOuoAAAAJ
Tyler Borgwardt,South Dakota School of Mines and Technology,mines.sdsmt.edu,38,Nuclear Physics | Forensics,https://scholar.google.com/citations?hl=en&user=6qNYR8EAAAAJ
Scott Beeler,"Research Scientist, South Dakota School of Mines and Technology",sdsmt.edu,36,Geobiology | Isotope Geochemistry | Organic Geochemistry,https://scholar.google.com/citations?hl=en&user=D_gDyJEAAAAJ
Mingyang Mao,"Ph.D student, South Dakota School of Mines and Technology",mines.sdsmt.edu,33,nano material,https://scholar.google.com/citations?hl=en&user=8mmLFI0AAAAJ
Lin Guo,Assistant Professor at South Dakota School of Mines and Technology,sdsmt.edu,31,Multi-criteria Optimization | Machine Learning Algorithms | Multi-scale Simulation,https://scholar.google.com/citations?hl=en&user=AeHZLCQAAAAJ
Forest C. Thompson,South Dakota School of Mines and Technology,sdsmt.edu,23,Materials Science | Surface Engineering | Thin Films | Ceramics | Magnetron Sputtering,https://scholar.google.com/citations?hl=en&user=iGXkKakAAAAJ
Md Nurul Haque,"Department of Physics, South Dakota School of Mines and Technology, USA",mines.sdsmt.edu,23,Experimental Nuclear Physics,https://scholar.google.com/citations?hl=en&user=RWj5HCIAAAAJ
Suhao Chen,South Dakota School of Mines and Technology,sdsmt.edu,22,Data Science | Healthcare Data Analytics | Industrial Engineering,https://scholar.google.com/citations?hl=en&user=_AOqx40AAAAJ
Akshay Chowdu,"Research Assistant, South Dakota School of Mines & Technology",sdsmt.edu,22,underground mining | mine planning | optimization | operations research,https://scholar.google.com/citations?hl=en&user=weVEQ5sAAAAJ
Srivatsan Jayaraman Sridharan,South Dakota School of Mines and Technology,SDSMT.EDU,20,Mine ventilation | Mine Health and Safety | Numerical Modeling | Mine heat and Refrigeration,https://scholar.google.com/citations?hl=en&user=CfSDkAgAAAAJ
Ellie Burczek,"Alumna, South Dakota School of Mines & Technology",mines.sdsmt.edu,19,phased antenna arrays | wireless communications,https://scholar.google.com/citations?hl=en&user=rjM5gZYAAAAJ
Sandesh Acharya,South dakota school of mines and technology,mines.sdsmt.edu,15,Renewable energy,https://scholar.google.com/citations?hl=en&user=YUqM4gEAAAAJ
ANIL BAYSAL,South Dakota School of Mines and Technology,Not Mentioned,11,Mining | Underground Ventilation | Mining Finance,https://scholar.google.com/citations?hl=en&user=GLxqe7oAAAAJ
Pawan Sigdel,PhD at South Dakota School of Mines and Technology,mines.sdsmt.edu,7,2D material | electro chemistry | wastewater treatment | environmental engineering | civil engineering,https://scholar.google.com/citations?hl=en&user=SlS1hV8AAAAJ
Ryan Koontz,South Dakota School of Mines and Technology,sdsmt.edu,6,Student Development | Engineering Design | Design Thinking,https://scholar.google.com/citations?hl=en&user=Ep7RjLQAAAAJ
WAGEESHA SHARMA,"Graduate Assistant, South Dakota School of Mines and Technology",mines.sdsmt.edu,5,Biopolymer,https://scholar.google.com/citations?hl=en&user=R6_hyF4AAAAJ
Austin Kaul,"Graduate Student Mechancial Engineering, South Dakota School of Mines & Technology",mines.sdsmt.edu,4,Applied Mathematics | Computational Mechanics | FEM,https://scholar.google.com/citations?hl=en&user=9kHhuCYAAAAJ
Nure Tanjim,"Graduate Student, South Dakota School of Mines & Technology",mines.sdsmt.edu,4,Electrical Engineering,https://scholar.google.com/citations?hl=en&user=4TTpmu4AAAAJ
Donovan Aguirre-Rivas,MSc Student at South Dakota School of Mines and Technology,mines.sdsmt.edu,2,Composite Materials | Solid Mechanics | Computational Mechanics,https://scholar.google.com/citations?hl=en&user=sV7WzSQAAAAJ
Shannon Davies Mancus,"Hennebach Visiting Scholar, the Colorado School of Mines",mines.edu,2,Environmental Studies | Environmental Communication | Media | Cultural Studies | Performance Studies,https://scholar.google.com/citations?hl=en&user=s8KY8skAAAAJ
Bryce Tellmann,South Dakota School of Mines & Technology,sdsmt.edu,2,rhetoric | regionalism | rurality | Great Plains,https://scholar.google.com/citations?hl=en&user=reAbzcEAAAAJ
Alysia Korn,South Dakota School of Mines & Technology,Not Mentioned,1,Paleontology | Fossils | Taphonomy,https://scholar.google.com/citations?hl=en&user=hUdEOecAAAAJ
Anthony Morast,"Graduate Student, South Dakota School of Mines and Technology",mines.sdsmt.edu,1,fluid dynamics | machine learning | computational fluid dynamics | computational geometry | time series forecasting,https://scholar.google.com/citations?hl=en&user=LbzSi1cAAAAJ
Amjad Jebril Ali,South Dakota School of Mines and Technology,mines.sdsmt.edu,1,Power Systems   Renewable Energy,https://scholar.google.com/citations?hl=en&user=qYJ3lcAAAAAJ
Dheeraj Raya,South Dakota school of Mines and Technology,mines.sdsmt.edu,1,Not Mentioned,https://scholar.google.com/citations?hl=en&user=7U5jzi0AAAAJ
Navaneethaa Krishnan Pollachi Veluswamy,South dakota school of mines and technology,sdsmt.edu,Not Mentioned,Advanced Composites Manufacturing and …,https://scholar.google.com/citations?hl=en&user=DyZW6oQAAAAJ
Eden Bhatta,"Grad student, South Dakota School of Mines and Technology",mines.sdsmt.edu,Not Mentioned,orthopedic implants | cold spray coatings | bioactive implants,https://scholar.google.com/citations?hl=en&user=2woIQOkAAAAJ
Jordan A. Hoops,"PhD Student, South Dakota School of Mines & Technology",mines.sdsmt.edu,Not Mentioned,biological engineering | pharmaceuticals | molecular pharmacology | chemical engineering,https://scholar.google.com/citations?hl=en&user=vC_TWJ0AAAAJ
Ajibola Adewale Adewole,"PhD Candidate, Chemical Engineering, South Dakota School of Mines and Technology",mines.sdsmt.edu,Not Mentioned,Chemical Engineering | Advanced Material and Processing … | Polymer and Composite | Functionally Graded Composites | Nanocomposite Foams,https://scholar.google.com/citations?hl=en&user=yJf3ZmYAAAAJ
Khang Huynh,South Dakota School of Mines & Technology,mines.sdsmt.edu,Not Mentioned,supercapacitors | activated carbon materials,https://scholar.google.com/citations?hl=en&user=Tbvy2nYAAAAJ
Breauna Murray,South Dakota School of Mines,Not Mentioned,Not Mentioned,Not Mentioned,https://scholar.google.com/citations?hl=en&user=kNyYODsAAAAJ
Sagar Hossain,"… of Science in Electrical Engineering) Department of Electrical Engineering, South Dakota",mines.sdsmt.edu,Not Mentioned,Power Electronics | Wireless Power Transfer | Energy | Microstrip Antenna | Electric Vehicles(EV),https://scholar.google.com/citations?hl=en&user=9fqx-JYAAAAJ
Md Mahmudul Hasan,"Master's Student, South Dakota School of Mines and Technology",mines.sdsmt.edu,Not Mentioned,2D materials | Microbial Induced Corrosion | Single Crystal Copper (111) | Machine Learning | Biofilms,https://scholar.google.com/citations?hl=en&user=YXGp1bQAAAAJ
Achyuth Ravilla,"PhD student, South Dakota School of Mines and Technology",mines.sdsmt.edu,Not Mentioned,Life cycle assessment | Perovskite solar | 2D based Perovskite solar technologies | Agrivoltaics | Recycling of Perovskite PV,https://scholar.google.com/citations?hl=en&user=u2mTkLAAAAAJ
